Workbook
Name CrewName: Roster!$C$6:$C$65
Name CrewCat: Roster!$E$6:$E$65
Name CrewStatus: Roster!$G$6:$G$65
Name NoteKey: 'Cell Notes'!$G$6:$G$1505
Name SylStageList: 'Syllabus Stages'!$A$6:INDEX('Syllabus Stages'!$A$6:$A$25,MAX(1,COUNTA('Syllabus Stages'!$A$6:$A$25)))
Name ActSort: Activities!$L$6:$L$65
Name FlightCodes: Activities!$N$6:INDEX(Activities!$N$6:$N$65,MAX(1,COUNTIF(Activities!$C$6:$C$65,Activities!$G$6)))
Name WdCodes: Activities!$P$6:INDEX(Activities!$P$6:$P$65,MAX(1,COUNTIF(Activities!$C$6:$C$65,Activities!$G$8)+COUNTIF(Activities!$C$6:$C$65,Activities!$G$12)))
Name ActCodesAll: Activities!$A$6:$A$65
Name ActCat: Activities!$C$6:$C$65
Name ActHrs: Activities!$D$6:$D$65
Name ActCodes: Activities!$A$6:INDEX(Activities!$A$6:$A$65,MAX(1,COUNTA(Activities!$A$6:$A$65)))
Name Categories: Activities!$G$6:$G$14
Name Holidays: Activities!$I$6:$I$35
Name ThisDept: Dashboard!$G$5
Name PlanYear: Dashboard!$A$5
Name MonthIdx: Dashboard!$Z$1

Sheet Dashboard
A1: LODESTAR | SUP 2 | FLIGHT & OPS PLANNING DASHBOARD | Z1: =MATCH($B$5,{"January","February","March","April","May","June","July","August","September","October","November","December"},0)
A2: Pick a year and month to see its totals. Planning is done on the month tabs: click Open planner. | Z2: LODESTAR dept layout 3
A4: YEAR | B4: MONTH | G4: DEPARTMENT (this file)
A5: 2026 | B5: October | C5: =HYPERLINK("#'"&LEFT($B$5,3)&"'!D27","Open "&$B$5&" planner >") | E5: =HYPERLINK("#'SDO Plan'!A1","SDO Plan >") | G5: SUP 2
A7: TOTAL FLIGHTS | B7: TOTAL FLYING HRS | C7: GROUND DUTIES | D7: SDO PLANNED | F7: ACTIVE CREW | H7: SDO DAYS UNCOVERED | K7: UNCREWED SHIFTS
A8: =CHOOSE(MonthIdx,'Jan'!D3,'Feb'!D3,'Mar'!D3,'Apr'!D3,'May'!D3,'Jun'!D3,'Jul'!D3,'Aug'!D3,'Sep'!D3,'Oct'!D3,'Nov'!D3,'Dec'!D3) | B8: =CHOOSE(MonthIdx,'Jan'!E3,'Feb'!E3,'Mar'!E3,'Apr'!E3,'May'!E3,'Jun'!E3,'Jul'!E3,'Aug'!E3,'Sep'!E3,'Oct'!E3,'Nov'!E3,'Dec'!E3) | C8: =CHOOSE(MonthIdx,'Jan'!F3,'Feb'!F3,'Mar'!F3,'Apr'!F3,'May'!F3,'Jun'!F3,'Jul'!F3,'Aug'!F3,'Sep'!F3,'Oct'!F3,'Nov'!F3,'Dec'!F3) | D8: =CHOOSE(MonthIdx,'Jan'!G3,'Feb'!G3,'Mar'!G3,'Apr'!G3,'May'!G3,'Jun'!G3,'Jul'!G3,'Aug'!G3,'Sep'!G3,'Oct'!G3,'Nov'!G3,'Dec'!G3) | F8: =(COUNTIFS(CrewName,"<>")-COUNTIFS(CrewName,"<>",CrewStatus,"Inactive")) | H8: =CHOOSE(MonthIdx,'Jan'!I3,'Feb'!I3,'Mar'!I3,'Apr'!I3,'May'!I3,'Jun'!I3,'Jul'!I3,'Aug'!I3,'Sep'!I3,'Oct'!I3,'Nov'!I3,'Dec'!I3) | K8: =CHOOSE(MonthIdx,'Jan'!J3,'Feb'!J3,'Mar'!J3,'Apr'!J3,'May'!J3,'Jun'!J3,'Jul'!J3,'Aug'!J3,'Sep'!J3,'Oct'!J3,'Nov'!J3,'Dec'!J3)
A10: ="CREW TOTALS | "&UPPER($B$5)&" "&$A$5 | D10: Empty slots are hidden: Data > Reapply shows new crew | K10: ACTIVITY LEGEND
A11: Callsign | B11: Crew Member | C11: Role | D11: Status | E11: Flights | F11: Fly Hrs | G11: Gnd Duty | H11: Sqn Duty | I11: Leave | K11: Code | L11: Description | N11: Hrs
A12: =IF(Roster!$B$6="","",Roster!$B$6) | B12: =IF(Roster!$C$6="","",Roster!$C$6) | C12: =IF(Roster!$C$6="","",Roster!$F$6&"") | D12: =IF(Roster!$C$6="","",Roster!$G$6&"") | E12: =IF($B12="","",CHOOSE(MonthIdx,'Jan'!AI27,'Feb'!AI27,'Mar'!AI27,'Apr'!AI27,'May'!AI27,'Jun'!AI27,'Jul'!AI27,'Aug'!AI27,'Sep'!AI27,'Oct'!AI27,'Nov'!AI27,'Dec'!AI27)) | F12: =IF($B12="","",CHOOSE(MonthIdx,'Jan'!AJ27,'Feb'!AJ27,'Mar'!AJ27,'Apr'!AJ27,'May'!AJ27,'Jun'!AJ27,'Jul'!AJ27,'Aug'!AJ27,'Sep'!AJ27,'Oct'!AJ27,'Nov'!AJ27,'Dec'!AJ27)) | G12: =IF($B12="","",CHOOSE(MonthIdx,'Jan'!AK27,'Feb'!AK27,'Mar'!AK27,'Apr'!AK27,'May'!AK27,'Jun'!AK27,'Jul'!AK27,'Aug'!AK27,'Sep'!AK27,'Oct'!AK27,'Nov'!AK27,'Dec'!AK27)) | H12: =IF($B12="","",CHOOSE(MonthIdx,'Jan'!AL27,'Feb'!AL27,'Mar'!AL27,'Apr'!AL27,'May'!AL27,'Jun'!AL27,'Jul'!AL27,'Aug'!AL27,'Sep'!AL27,'Oct'!AL27,'Nov'!AL27,'Dec'!AL27)) | I12: =IF($B12="","",CHOOSE(MonthIdx,'Jan'!AM27,'Feb'!AM27,'Mar'!AM27,'Apr'!AM27,'May'!AM27,'Jun'!AM27,'Jul'!AM27,'Aug'!AM27,'Sep'!AM27,'Oct'!AM27,'Nov'!AM27,'Dec'!AM27)) | K12: =IF(Activities!$A$6="","",Activities!$A$6) | L12: =IF(Activities!$A$6="","",Activities!$B$6&"") | N12: =IF(Activities!$A$6="","",Activities!$D$6)
A13: =IF(Roster!$B$7="","",Roster!$B$7) | B13: =IF(Roster!$C$7="","",Roster!$C$7) | C13: =IF(Roster!$C$7="","",Roster!$F$7&"") | D13: =IF(Roster!$C$7="","",Roster!$G$7&"") | E13: =IF($B13="","",CHOOSE(MonthIdx,'Jan'!AI31,'Feb'!AI31,'Mar'!AI31,'Apr'!AI31,'May'!AI31,'Jun'!AI31,'Jul'!AI31,'Aug'!AI31,'Sep'!AI31,'Oct'!AI31,'Nov'!AI31,'Dec'!AI31)) | F13: =IF($B13="","",CHOOSE(MonthIdx,'Jan'!AJ31,'Feb'!AJ31,'Mar'!AJ31,'Apr'!AJ31,'May'!AJ31,'Jun'!AJ31,'Jul'!AJ31,'Aug'!AJ31,'Sep'!AJ31,'Oct'!AJ31,'Nov'!AJ31,'Dec'!AJ31)) | G13: =IF($B13="","",CHOOSE(MonthIdx,'Jan'!AK31,'Feb'!AK31,'Mar'!AK31,'Apr'!AK31,'May'!AK31,'Jun'!AK31,'Jul'!AK31,'Aug'!AK31,'Sep'!AK31,'Oct'!AK31,'Nov'!AK31,'Dec'!AK31)) | H13: =IF($B13="","",CHOOSE(MonthIdx,'Jan'!AL31,'Feb'!AL31,'Mar'!AL31,'Apr'!AL31,'May'!AL31,'Jun'!AL31,'Jul'!AL31,'Aug'!AL31,'Sep'!AL31,'Oct'!AL31,'Nov'!AL31,'Dec'!AL31)) | I13: =IF($B13="","",CHOOSE(MonthIdx,'Jan'!AM31,'Feb'!AM31,'Mar'!AM31,'Apr'!AM31,'May'!AM31,'Jun'!AM31,'Jul'!AM31,'Aug'!AM31,'Sep'!AM31,'Oct'!AM31,'Nov'!AM31,'Dec'!AM31)) | K13: =IF(Activities!$A$7="","",Activities!$A$7) | L13: =IF(Activities!$A$7="","",Activities!$B$7&"") | N13: =IF(Activities!$A$7="","",Activities!$D$7)
A14: =IF(Roster!$B$8="","",Roster!$B$8) | B14: =IF(Roster!$C$8="","",Roster!$C$8) | C14: =IF(Roster!$C$8="","",Roster!$F$8&"") | D14: =IF(Roster!$C$8="","",Roster!$G$8&"") | E14: =IF($B14="","",CHOOSE(MonthIdx,'Jan'!AI35,'Feb'!AI35,'Mar'!AI35,'Apr'!AI35,'May'!AI35,'Jun'!AI35,'Jul'!AI35,'Aug'!AI35,'Sep'!AI35,'Oct'!AI35,'Nov'!AI35,'Dec'!AI35)) | F14: =IF($B14="","",CHOOSE(MonthIdx,'Jan'!AJ35,'Feb'!AJ35,'Mar'!AJ35,'Apr'!AJ35,'May'!AJ35,'Jun'!AJ35,'Jul'!AJ35,'Aug'!AJ35,'Sep'!AJ35,'Oct'!AJ35,'Nov'!AJ35,'Dec'!AJ35)) | G14: =IF($B14="","",CHOOSE(MonthIdx,'Jan'!AK35,'Feb'!AK35,'Mar'!AK35,'Apr'!AK35,'May'!AK35,'Jun'!AK35,'Jul'!AK35,'Aug'!AK35,'Sep'!AK35,'Oct'!AK35,'Nov'!AK35,'Dec'!AK35)) | H14: =IF($B14="","",CHOOSE(MonthIdx,'Jan'!AL35,'Feb'!AL35,'Mar'!AL35,'Apr'!AL35,'May'!AL35,'Jun'!AL35,'Jul'!AL35,'Aug'!AL35,'Sep'!AL35,'Oct'!AL35,'Nov'!AL35,'Dec'!AL35)) | I14: =IF($B14="","",CHOOSE(MonthIdx,'Jan'!AM35,'Feb'!AM35,'Mar'!AM35,'Apr'!AM35,'May'!AM35,'Jun'!AM35,'Jul'!AM35,'Aug'!AM35,'Sep'!AM35,'Oct'!AM35,'Nov'!AM35,'Dec'!AM35)) | K14: =IF(Activities!$A$8="","",Activities!$A$8) | L14: =IF(Activities!$A$8="","",Activities!$B$8&"") | N14: =IF(Activities!$A$8="","",Activities!$D$8)
A15: =IF(Roster!$B$9="","",Roster!$B$9) | B15: =IF(Roster!$C$9="","",Roster!$C$9) | C15: =IF(Roster!$C$9="","",Roster!$F$9&"") | D15: =IF(Roster!$C$9="","",Roster!$G$9&"") | E15: =IF($B15="","",CHOOSE(MonthIdx,'Jan'!AI39,'Feb'!AI39,'Mar'!AI39,'Apr'!AI39,'May'!AI39,'Jun'!AI39,'Jul'!AI39,'Aug'!AI39,'Sep'!AI39,'Oct'!AI39,'Nov'!AI39,'Dec'!AI39)) | F15: =IF($B15="","",CHOOSE(MonthIdx,'Jan'!AJ39,'Feb'!AJ39,'Mar'!AJ39,'Apr'!AJ39,'May'!AJ39,'Jun'!AJ39,'Jul'!AJ39,'Aug'!AJ39,'Sep'!AJ39,'Oct'!AJ39,'Nov'!AJ39,'Dec'!AJ39)) | G15: =IF($B15="","",CHOOSE(MonthIdx,'Jan'!AK39,'Feb'!AK39,'Mar'!AK39,'Apr'!AK39,'May'!AK39,'Jun'!AK39,'Jul'!AK39,'Aug'!AK39,'Sep'!AK39,'Oct'!AK39,'Nov'!AK39,'Dec'!AK39)) | H15: =IF($B15="","",CHOOSE(MonthIdx,'Jan'!AL39,'Feb'!AL39,'Mar'!AL39,'Apr'!AL39,'May'!AL39,'Jun'!AL39,'Jul'!AL39,'Aug'!AL39,'Sep'!AL39,'Oct'!AL39,'Nov'!AL39,'Dec'!AL39)) | I15: =IF($B15="","",CHOOSE(MonthIdx,'Jan'!AM39,'Feb'!AM39,'Mar'!AM39,'Apr'!AM39,'May'!AM39,'Jun'!AM39,'Jul'!AM39,'Aug'!AM39,'Sep'!AM39,'Oct'!AM39,'Nov'!AM39,'Dec'!AM39)) | K15: =IF(Activities!$A$9="","",Activities!$A$9) | L15: =IF(Activities!$A$9="","",Activities!$B$9&"") | N15: =IF(Activities!$A$9="","",Activities!$D$9)
A16: =IF(Roster!$B$10="","",Roster!$B$10) | B16: =IF(Roster!$C$10="","",Roster!$C$10) | C16: =IF(Roster!$C$10="","",Roster!$F$10&"") | D16: =IF(Roster!$C$10="","",Roster!$G$10&"") | E16: =IF($B16="","",CHOOSE(MonthIdx,'Jan'!AI43,'Feb'!AI43,'Mar'!AI43,'Apr'!AI43,'May'!AI43,'Jun'!AI43,'Jul'!AI43,'Aug'!AI43,'Sep'!AI43,'Oct'!AI43,'Nov'!AI43,'Dec'!AI43)) | F16: =IF($B16="","",CHOOSE(MonthIdx,'Jan'!AJ43,'Feb'!AJ43,'Mar'!AJ43,'Apr'!AJ43,'May'!AJ43,'Jun'!AJ43,'Jul'!AJ43,'Aug'!AJ43,'Sep'!AJ43,'Oct'!AJ43,'Nov'!AJ43,'Dec'!AJ43)) | G16: =IF($B16="","",CHOOSE(MonthIdx,'Jan'!AK43,'Feb'!AK43,'Mar'!AK43,'Apr'!AK43,'May'!AK43,'Jun'!AK43,'Jul'!AK43,'Aug'!AK43,'Sep'!AK43,'Oct'!AK43,'Nov'!AK43,'Dec'!AK43)) | H16: =IF($B16="","",CHOOSE(MonthIdx,'Jan'!AL43,'Feb'!AL43,'Mar'!AL43,'Apr'!AL43,'May'!AL43,'Jun'!AL43,'Jul'!AL43,'Aug'!AL43,'Sep'!AL43,'Oct'!AL43,'Nov'!AL43,'Dec'!AL43)) | I16: =IF($B16="","",CHOOSE(MonthIdx,'Jan'!AM43,'Feb'!AM43,'Mar'!AM43,'Apr'!AM43,'May'!AM43,'Jun'!AM43,'Jul'!AM43,'Aug'!AM43,'Sep'!AM43,'Oct'!AM43,'Nov'!AM43,'Dec'!AM43)) | K16: =IF(Activities!$A$10="","",Activities!$A$10) | L16: =IF(Activities!$A$10="","",Activities!$B$10&"") | N16: =IF(Activities!$A$10="","",Activities!$D$10)
A17: =IF(Roster!$B$11="","",Roster!$B$11) | B17: =IF(Roster!$C$11="","",Roster!$C$11) | C17: =IF(Roster!$C$11="","",Roster!$F$11&"") | D17: =IF(Roster!$C$11="","",Roster!$G$11&"") | E17: =IF($B17="","",CHOOSE(MonthIdx,'Jan'!AI47,'Feb'!AI47,'Mar'!AI47,'Apr'!AI47,'May'!AI47,'Jun'!AI47,'Jul'!AI47,'Aug'!AI47,'Sep'!AI47,'Oct'!AI47,'Nov'!AI47,'Dec'!AI47)) | F17: =IF($B17="","",CHOOSE(MonthIdx,'Jan'!AJ47,'Feb'!AJ47,'Mar'!AJ47,'Apr'!AJ47,'May'!AJ47,'Jun'!AJ47,'Jul'!AJ47,'Aug'!AJ47,'Sep'!AJ47,'Oct'!AJ47,'Nov'!AJ47,'Dec'!AJ47)) | G17: =IF($B17="","",CHOOSE(MonthIdx,'Jan'!AK47,'Feb'!AK47,'Mar'!AK47,'Apr'!AK47,'May'!AK47,'Jun'!AK47,'Jul'!AK47,'Aug'!AK47,'Sep'!AK47,'Oct'!AK47,'Nov'!AK47,'Dec'!AK47)) | H17: =IF($B17="","",CHOOSE(MonthIdx,'Jan'!AL47,'Feb'!AL47,'Mar'!AL47,'Apr'!AL47,'May'!AL47,'Jun'!AL47,'Jul'!AL47,'Aug'!AL47,'Sep'!AL47,'Oct'!AL47,'Nov'!AL47,'Dec'!AL47)) | I17: =IF($B17="","",CHOOSE(MonthIdx,'Jan'!AM47,'Feb'!AM47,'Mar'!AM47,'Apr'!AM47,'May'!AM47,'Jun'!AM47,'Jul'!AM47,'Aug'!AM47,'Sep'!AM47,'Oct'!AM47,'Nov'!AM47,'Dec'!AM47)) | K17: =IF(Activities!$A$11="","",Activities!$A$11) | L17: =IF(Activities!$A$11="","",Activities!$B$11&"") | N17: =IF(Activities!$A$11="","",Activities!$D$11)
A18: =IF(Roster!$B$12="","",Roster!$B$12) | B18: =IF(Roster!$C$12="","",Roster!$C$12) | C18: =IF(Roster!$C$12="","",Roster!$F$12&"") | D18: =IF(Roster!$C$12="","",Roster!$G$12&"") | E18: =IF($B18="","",CHOOSE(MonthIdx,'Jan'!AI51,'Feb'!AI51,'Mar'!AI51,'Apr'!AI51,'May'!AI51,'Jun'!AI51,'Jul'!AI51,'Aug'!AI51,'Sep'!AI51,'Oct'!AI51,'Nov'!AI51,'Dec'!AI51)) | F18: =IF($B18="","",CHOOSE(MonthIdx,'Jan'!AJ51,'Feb'!AJ51,'Mar'!AJ51,'Apr'!AJ51,'May'!AJ51,'Jun'!AJ51,'Jul'!AJ51,'Aug'!AJ51,'Sep'!AJ51,'Oct'!AJ51,'Nov'!AJ51,'Dec'!AJ51)) | G18: =IF($B18="","",CHOOSE(MonthIdx,'Jan'!AK51,'Feb'!AK51,'Mar'!AK51,'Apr'!AK51,'May'!AK51,'Jun'!AK51,'Jul'!AK51,'Aug'!AK51,'Sep'!AK51,'Oct'!AK51,'Nov'!AK51,'Dec'!AK51)) | H18: =IF($B18="","",CHOOSE(MonthIdx,'Jan'!AL51,'Feb'!AL51,'Mar'!AL51,'Apr'!AL51,'May'!AL51,'Jun'!AL51,'Jul'!AL51,'Aug'!AL51,'Sep'!AL51,'Oct'!AL51,'Nov'!AL51,'Dec'!AL51)) | I18: =IF($B18="","",CHOOSE(MonthIdx,'Jan'!AM51,'Feb'!AM51,'Mar'!AM51,'Apr'!AM51,'May'!AM51,'Jun'!AM51,'Jul'!AM51,'Aug'!AM51,'Sep'!AM51,'Oct'!AM51,'Nov'!AM51,'Dec'!AM51)) | K18: =IF(Activities!$A$12="","",Activities!$A$12) | L18: =IF(Activities!$A$12="","",Activities!$B$12&"") | N18: =IF(Activities!$A$12="","",Activities!$D$12)
A19: =IF(Roster!$B$13="","",Roster!$B$13) | B19: =IF(Roster!$C$13="","",Roster!$C$13) | C19: =IF(Roster!$C$13="","",Roster!$F$13&"") | D19: =IF(Roster!$C$13="","",Roster!$G$13&"") | E19: =IF($B19="","",CHOOSE(MonthIdx,'Jan'!AI55,'Feb'!AI55,'Mar'!AI55,'Apr'!AI55,'May'!AI55,'Jun'!AI55,'Jul'!AI55,'Aug'!AI55,'Sep'!AI55,'Oct'!AI55,'Nov'!AI55,'Dec'!AI55)) | F19: =IF($B19="","",CHOOSE(MonthIdx,'Jan'!AJ55,'Feb'!AJ55,'Mar'!AJ55,'Apr'!AJ55,'May'!AJ55,'Jun'!AJ55,'Jul'!AJ55,'Aug'!AJ55,'Sep'!AJ55,'Oct'!AJ55,'Nov'!AJ55,'Dec'!AJ55)) | G19: =IF($B19="","",CHOOSE(MonthIdx,'Jan'!AK55,'Feb'!AK55,'Mar'!AK55,'Apr'!AK55,'May'!AK55,'Jun'!AK55,'Jul'!AK55,'Aug'!AK55,'Sep'!AK55,'Oct'!AK55,'Nov'!AK55,'Dec'!AK55)) | H19: =IF($B19="","",CHOOSE(MonthIdx,'Jan'!AL55,'Feb'!AL55,'Mar'!AL55,'Apr'!AL55,'May'!AL55,'Jun'!AL55,'Jul'!AL55,'Aug'!AL55,'Sep'!AL55,'Oct'!AL55,'Nov'!AL55,'Dec'!AL55)) | I19: =IF($B19="","",CHOOSE(MonthIdx,'Jan'!AM55,'Feb'!AM55,'Mar'!AM55,'Apr'!AM55,'May'!AM55,'Jun'!AM55,'Jul'!AM55,'Aug'!AM55,'Sep'!AM55,'Oct'!AM55,'Nov'!AM55,'Dec'!AM55)) | K19: =IF(Activities!$A$13="","",Activities!$A$13) | L19: =IF(Activities!$A$13="","",Activities!$B$13&"") | N19: =IF(Activities!$A$13="","",Activities!$D$13)
A20: =IF(Roster!$B$14="","",Roster!$B$14) | B20: =IF(Roster!$C$14="","",Roster!$C$14) | C20: =IF(Roster!$C$14="","",Roster!$F$14&"") | D20: =IF(Roster!$C$14="","",Roster!$G$14&"") | E20: =IF($B20="","",CHOOSE(MonthIdx,'Jan'!AI59,'Feb'!AI59,'Mar'!AI59,'Apr'!AI59,'May'!AI59,'Jun'!AI59,'Jul'!AI59,'Aug'!AI59,'Sep'!AI59,'Oct'!AI59,'Nov'!AI59,'Dec'!AI59)) | F20: =IF($B20="","",CHOOSE(MonthIdx,'Jan'!AJ59,'Feb'!AJ59,'Mar'!AJ59,'Apr'!AJ59,'May'!AJ59,'Jun'!AJ59,'Jul'!AJ59,'Aug'!AJ59,'Sep'!AJ59,'Oct'!AJ59,'Nov'!AJ59,'Dec'!AJ59)) | G20: =IF($B20="","",CHOOSE(MonthIdx,'Jan'!AK59,'Feb'!AK59,'Mar'!AK59,'Apr'!AK59,'May'!AK59,'Jun'!AK59,'Jul'!AK59,'Aug'!AK59,'Sep'!AK59,'Oct'!AK59,'Nov'!AK59,'Dec'!AK59)) | H20: =IF($B20="","",CHOOSE(MonthIdx,'Jan'!AL59,'Feb'!AL59,'Mar'!AL59,'Apr'!AL59,'May'!AL59,'Jun'!AL59,'Jul'!AL59,'Aug'!AL59,'Sep'!AL59,'Oct'!AL59,'Nov'!AL59,'Dec'!AL59)) | I20: =IF($B20="","",CHOOSE(MonthIdx,'Jan'!AM59,'Feb'!AM59,'Mar'!AM59,'Apr'!AM59,'May'!AM59,'Jun'!AM59,'Jul'!AM59,'Aug'!AM59,'Sep'!AM59,'Oct'!AM59,'Nov'!AM59,'Dec'!AM59)) | K20: =IF(Activities!$A$14="","",Activities!$A$14) | L20: =IF(Activities!$A$14="","",Activities!$B$14&"") | N20: =IF(Activities!$A$14="","",Activities!$D$14)
A21: =IF(Roster!$B$15="","",Roster!$B$15) | B21: =IF(Roster!$C$15="","",Roster!$C$15) | C21: =IF(Roster!$C$15="","",Roster!$F$15&"") | D21: =IF(Roster!$C$15="","",Roster!$G$15&"") | E21: =IF($B21="","",CHOOSE(MonthIdx,'Jan'!AI63,'Feb'!AI63,'Mar'!AI63,'Apr'!AI63,'May'!AI63,'Jun'!AI63,'Jul'!AI63,'Aug'!AI63,'Sep'!AI63,'Oct'!AI63,'Nov'!AI63,'Dec'!AI63)) | F21: =IF($B21="","",CHOOSE(MonthIdx,'Jan'!AJ63,'Feb'!AJ63,'Mar'!AJ63,'Apr'!AJ63,'May'!AJ63,'Jun'!AJ63,'Jul'!AJ63,'Aug'!AJ63,'Sep'!AJ63,'Oct'!AJ63,'Nov'!AJ63,'Dec'!AJ63)) | G21: =IF($B21="","",CHOOSE(MonthIdx,'Jan'!AK63,'Feb'!AK63,'Mar'!AK63,'Apr'!AK63,'May'!AK63,'Jun'!AK63,'Jul'!AK63,'Aug'!AK63,'Sep'!AK63,'Oct'!AK63,'Nov'!AK63,'Dec'!AK63)) | H21: =IF($B21="","",CHOOSE(MonthIdx,'Jan'!AL63,'Feb'!AL63,'Mar'!AL63,'Apr'!AL63,'May'!AL63,'Jun'!AL63,'Jul'!AL63,'Aug'!AL63,'Sep'!AL63,'Oct'!AL63,'Nov'!AL63,'Dec'!AL63)) | I21: =IF($B21="","",CHOOSE(MonthIdx,'Jan'!AM63,'Feb'!AM63,'Mar'!AM63,'Apr'!AM63,'May'!AM63,'Jun'!AM63,'Jul'!AM63,'Aug'!AM63,'Sep'!AM63,'Oct'!AM63,'Nov'!AM63,'Dec'!AM63)) | K21: =IF(Activities!$A$15="","",Activities!$A$15) | L21: =IF(Activities!$A$15="","",Activities!$B$15&"") | N21: =IF(Activities!$A$15="","",Activities!$D$15)
A22: =IF(Roster!$B$16="","",Roster!$B$16) | B22: =IF(Roster!$C$16="","",Roster!$C$16) | C22: =IF(Roster!$C$16="","",Roster!$F$16&"") | D22: =IF(Roster!$C$16="","",Roster!$G$16&"") | E22: =IF($B22="","",CHOOSE(MonthIdx,'Jan'!AI67,'Feb'!AI67,'Mar'!AI67,'Apr'!AI67,'May'!AI67,'Jun'!AI67,'Jul'!AI67,'Aug'!AI67,'Sep'!AI67,'Oct'!AI67,'Nov'!AI67,'Dec'!AI67)) | F22: =IF($B22="","",CHOOSE(MonthIdx,'Jan'!AJ67,'Feb'!AJ67,'Mar'!AJ67,'Apr'!AJ67,'May'!AJ67,'Jun'!AJ67,'Jul'!AJ67,'Aug'!AJ67,'Sep'!AJ67,'Oct'!AJ67,'Nov'!AJ67,'Dec'!AJ67)) | G22: =IF($B22="","",CHOOSE(MonthIdx,'Jan'!AK67,'Feb'!AK67,'Mar'!AK67,'Apr'!AK67,'May'!AK67,'Jun'!AK67,'Jul'!AK67,'Aug'!AK67,'Sep'!AK67,'Oct'!AK67,'Nov'!AK67,'Dec'!AK67)) | H22: =IF($B22="","",CHOOSE(MonthIdx,'Jan'!AL67,'Feb'!AL67,'Mar'!AL67,'Apr'!AL67,'May'!AL67,'Jun'!AL67,'Jul'!AL67,'Aug'!AL67,'Sep'!AL67,'Oct'!AL67,'Nov'!AL67,'Dec'!AL67)) | I22: =IF($B22="","",CHOOSE(MonthIdx,'Jan'!AM67,'Feb'!AM67,'Mar'!AM67,'Apr'!AM67,'May'!AM67,'Jun'!AM67,'Jul'!AM67,'Aug'!AM67,'Sep'!AM67,'Oct'!AM67,'Nov'!AM67,'Dec'!AM67)) | K22: =IF(Activities!$A$16="","",Activities!$A$16) | L22: =IF(Activities!$A$16="","",Activities!$B$16&"") | N22: =IF(Activities!$A$16="","",Activities!$D$16)
A23: =IF(Roster!$B$17="","",Roster!$B$17) | B23: =IF(Roster!$C$17="","",Roster!$C$17) | C23: =IF(Roster!$C$17="","",Roster!$F$17&"") | D23: =IF(Roster!$C$17="","",Roster!$G$17&"") | E23: =IF($B23="","",CHOOSE(MonthIdx,'Jan'!AI71,'Feb'!AI71,'Mar'!AI71,'Apr'!AI71,'May'!AI71,'Jun'!AI71,'Jul'!AI71,'Aug'!AI71,'Sep'!AI71,'Oct'!AI71,'Nov'!AI71,'Dec'!AI71)) | F23: =IF($B23="","",CHOOSE(MonthIdx,'Jan'!AJ71,'Feb'!AJ71,'Mar'!AJ71,'Apr'!AJ71,'May'!AJ71,'Jun'!AJ71,'Jul'!AJ71,'Aug'!AJ71,'Sep'!AJ71,'Oct'!AJ71,'Nov'!AJ71,'Dec'!AJ71)) | G23: =IF($B23="","",CHOOSE(MonthIdx,'Jan'!AK71,'Feb'!AK71,'Mar'!AK71,'Apr'!AK71,'May'!AK71,'Jun'!AK71,'Jul'!AK71,'Aug'!AK71,'Sep'!AK71,'Oct'!AK71,'Nov'!AK71,'Dec'!AK71)) | H23: =IF($B23="","",CHOOSE(MonthIdx,'Jan'!AL71,'Feb'!AL71,'Mar'!AL71,'Apr'!AL71,'May'!AL71,'Jun'!AL71,'Jul'!AL71,'Aug'!AL71,'Sep'!AL71,'Oct'!AL71,'Nov'!AL71,'Dec'!AL71)) | I23: =IF($B23="","",CHOOSE(MonthIdx,'Jan'!AM71,'Feb'!AM71,'Mar'!AM71,'Apr'!AM71,'May'!AM71,'Jun'!AM71,'Jul'!AM71,'Aug'!AM71,'Sep'!AM71,'Oct'!AM71,'Nov'!AM71,'Dec'!AM71)) | K23: =IF(Activities!$A$17="","",Activities!$A$17) | L23: =IF(Activities!$A$17="","",Activities!$B$17&"") | N23: =IF(Activities!$A$17="","",Activities!$D$17)
A24: =IF(Roster!$B$18="","",Roster!$B$18) | B24: =IF(Roster!$C$18="","",Roster!$C$18) | C24: =IF(Roster!$C$18="","",Roster!$F$18&"") | D24: =IF(Roster!$C$18="","",Roster!$G$18&"") | E24: =IF($B24="","",CHOOSE(MonthIdx,'Jan'!AI75,'Feb'!AI75,'Mar'!AI75,'Apr'!AI75,'May'!AI75,'Jun'!AI75,'Jul'!AI75,'Aug'!AI75,'Sep'!AI75,'Oct'!AI75,'Nov'!AI75,'Dec'!AI75)) | F24: =IF($B24="","",CHOOSE(MonthIdx,'Jan'!AJ75,'Feb'!AJ75,'Mar'!AJ75,'Apr'!AJ75,'May'!AJ75,'Jun'!AJ75,'Jul'!AJ75,'Aug'!AJ75,'Sep'!AJ75,'Oct'!AJ75,'Nov'!AJ75,'Dec'!AJ75)) | G24: =IF($B24="","",CHOOSE(MonthIdx,'Jan'!AK75,'Feb'!AK75,'Mar'!AK75,'Apr'!AK75,'May'!AK75,'Jun'!AK75,'Jul'!AK75,'Aug'!AK75,'Sep'!AK75,'Oct'!AK75,'Nov'!AK75,'Dec'!AK75)) | H24: =IF($B24="","",CHOOSE(MonthIdx,'Jan'!AL75,'Feb'!AL75,'Mar'!AL75,'Apr'!AL75,'May'!AL75,'Jun'!AL75,'Jul'!AL75,'Aug'!AL75,'Sep'!AL75,'Oct'!AL75,'Nov'!AL75,'Dec'!AL75)) | I24: =IF($B24="","",CHOOSE(MonthIdx,'Jan'!AM75,'Feb'!AM75,'Mar'!AM75,'Apr'!AM75,'May'!AM75,'Jun'!AM75,'Jul'!AM75,'Aug'!AM75,'Sep'!AM75,'Oct'!AM75,'Nov'!AM75,'Dec'!AM75)) | K24: =IF(Activities!$A$18="","",Activities!$A$18) | L24: =IF(Activities!$A$18="","",Activities!$B$18&"") | N24: =IF(Activities!$A$18="","",Activities!$D$18)
A25: =IF(Roster!$B$19="","",Roster!$B$19) | B25: =IF(Roster!$C$19="","",Roster!$C$19) | C25: =IF(Roster!$C$19="","",Roster!$F$19&"") | D25: =IF(Roster!$C$19="","",Roster!$G$19&"") | E25: =IF($B25="","",CHOOSE(MonthIdx,'Jan'!AI79,'Feb'!AI79,'Mar'!AI79,'Apr'!AI79,'May'!AI79,'Jun'!AI79,'Jul'!AI79,'Aug'!AI79,'Sep'!AI79,'Oct'!AI79,'Nov'!AI79,'Dec'!AI79)) | F25: =IF($B25="","",CHOOSE(MonthIdx,'Jan'!AJ79,'Feb'!AJ79,'Mar'!AJ79,'Apr'!AJ79,'May'!AJ79,'Jun'!AJ79,'Jul'!AJ79,'Aug'!AJ79,'Sep'!AJ79,'Oct'!AJ79,'Nov'!AJ79,'Dec'!AJ79)) | G25: =IF($B25="","",CHOOSE(MonthIdx,'Jan'!AK79,'Feb'!AK79,'Mar'!AK79,'Apr'!AK79,'May'!AK79,'Jun'!AK79,'Jul'!AK79,'Aug'!AK79,'Sep'!AK79,'Oct'!AK79,'Nov'!AK79,'Dec'!AK79)) | H25: =IF($B25="","",CHOOSE(MonthIdx,'Jan'!AL79,'Feb'!AL79,'Mar'!AL79,'Apr'!AL79,'May'!AL79,'Jun'!AL79,'Jul'!AL79,'Aug'!AL79,'Sep'!AL79,'Oct'!AL79,'Nov'!AL79,'Dec'!AL79)) | I25: =IF($B25="","",CHOOSE(MonthIdx,'Jan'!AM79,'Feb'!AM79,'Mar'!AM79,'Apr'!AM79,'May'!AM79,'Jun'!AM79,'Jul'!AM79,'Aug'!AM79,'Sep'!AM79,'Oct'!AM79,'Nov'!AM79,'Dec'!AM79)) | K25: =IF(Activities!$A$19="","",Activities!$A$19) | L25: =IF(Activities!$A$19="","",Activities!$B$19&"") | N25: =IF(Activities!$A$19="","",Activities!$D$19)
A26: =IF(Roster!$B$20="","",Roster!$B$20) | B26: =IF(Roster!$C$20="","",Roster!$C$20) | C26: =IF(Roster!$C$20="","",Roster!$F$20&"") | D26: =IF(Roster!$C$20="","",Roster!$G$20&"") | E26: =IF($B26="","",CHOOSE(MonthIdx,'Jan'!AI83,'Feb'!AI83,'Mar'!AI83,'Apr'!AI83,'May'!AI83,'Jun'!AI83,'Jul'!AI83,'Aug'!AI83,'Sep'!AI83,'Oct'!AI83,'Nov'!AI83,'Dec'!AI83)) | F26: =IF($B26="","",CHOOSE(MonthIdx,'Jan'!AJ83,'Feb'!AJ83,'Mar'!AJ83,'Apr'!AJ83,'May'!AJ83,'Jun'!AJ83,'Jul'!AJ83,'Aug'!AJ83,'Sep'!AJ83,'Oct'!AJ83,'Nov'!AJ83,'Dec'!AJ83)) | G26: =IF($B26="","",CHOOSE(MonthIdx,'Jan'!AK83,'Feb'!AK83,'Mar'!AK83,'Apr'!AK83,'May'!AK83,'Jun'!AK83,'Jul'!AK83,'Aug'!AK83,'Sep'!AK83,'Oct'!AK83,'Nov'!AK83,'Dec'!AK83)) | H26: =IF($B26="","",CHOOSE(MonthIdx,'Jan'!AL83,'Feb'!AL83,'Mar'!AL83,'Apr'!AL83,'May'!AL83,'Jun'!AL83,'Jul'!AL83,'Aug'!AL83,'Sep'!AL83,'Oct'!AL83,'Nov'!AL83,'Dec'!AL83)) | I26: =IF($B26="","",CHOOSE(MonthIdx,'Jan'!AM83,'Feb'!AM83,'Mar'!AM83,'Apr'!AM83,'May'!AM83,'Jun'!AM83,'Jul'!AM83,'Aug'!AM83,'Sep'!AM83,'Oct'!AM83,'Nov'!AM83,'Dec'!AM83)) | K26: =IF(Activities!$A$20="","",Activities!$A$20) | L26: =IF(Activities!$A$20="","",Activities!$B$20&"") | N26: =IF(Activities!$A$20="","",Activities!$D$20)
A27: =IF(Roster!$B$21="","",Roster!$B$21) | B27: =IF(Roster!$C$21="","",Roster!$C$21) | C27: =IF(Roster!$C$21="","",Roster!$F$21&"") | D27: =IF(Roster!$C$21="","",Roster!$G$21&"") | E27: =IF($B27="","",CHOOSE(MonthIdx,'Jan'!AI87,'Feb'!AI87,'Mar'!AI87,'Apr'!AI87,'May'!AI87,'Jun'!AI87,'Jul'!AI87,'Aug'!AI87,'Sep'!AI87,'Oct'!AI87,'Nov'!AI87,'Dec'!AI87)) | F27: =IF($B27="","",CHOOSE(MonthIdx,'Jan'!AJ87,'Feb'!AJ87,'Mar'!AJ87,'Apr'!AJ87,'May'!AJ87,'Jun'!AJ87,'Jul'!AJ87,'Aug'!AJ87,'Sep'!AJ87,'Oct'!AJ87,'Nov'!AJ87,'Dec'!AJ87)) | G27: =IF($B27="","",CHOOSE(MonthIdx,'Jan'!AK87,'Feb'!AK87,'Mar'!AK87,'Apr'!AK87,'May'!AK87,'Jun'!AK87,'Jul'!AK87,'Aug'!AK87,'Sep'!AK87,'Oct'!AK87,'Nov'!AK87,'Dec'!AK87)) | H27: =IF($B27="","",CHOOSE(MonthIdx,'Jan'!AL87,'Feb'!AL87,'Mar'!AL87,'Apr'!AL87,'May'!AL87,'Jun'!AL87,'Jul'!AL87,'Aug'!AL87,'Sep'!AL87,'Oct'!AL87,'Nov'!AL87,'Dec'!AL87)) | I27: =IF($B27="","",CHOOSE(MonthIdx,'Jan'!AM87,'Feb'!AM87,'Mar'!AM87,'Apr'!AM87,'May'!AM87,'Jun'!AM87,'Jul'!AM87,'Aug'!AM87,'Sep'!AM87,'Oct'!AM87,'Nov'!AM87,'Dec'!AM87)) | K27: =IF(Activities!$A$21="","",Activities!$A$21) | L27: =IF(Activities!$A$21="","",Activities!$B$21&"") | N27: =IF(Activities!$A$21="","",Activities!$D$21)
A28: =IF(Roster!$B$22="","",Roster!$B$22) | B28: =IF(Roster!$C$22="","",Roster!$C$22) | C28: =IF(Roster!$C$22="","",Roster!$F$22&"") | D28: =IF(Roster!$C$22="","",Roster!$G$22&"") | E28: =IF($B28="","",CHOOSE(MonthIdx,'Jan'!AI91,'Feb'!AI91,'Mar'!AI91,'Apr'!AI91,'May'!AI91,'Jun'!AI91,'Jul'!AI91,'Aug'!AI91,'Sep'!AI91,'Oct'!AI91,'Nov'!AI91,'Dec'!AI91)) | F28: =IF($B28="","",CHOOSE(MonthIdx,'Jan'!AJ91,'Feb'!AJ91,'Mar'!AJ91,'Apr'!AJ91,'May'!AJ91,'Jun'!AJ91,'Jul'!AJ91,'Aug'!AJ91,'Sep'!AJ91,'Oct'!AJ91,'Nov'!AJ91,'Dec'!AJ91)) | G28: =IF($B28="","",CHOOSE(MonthIdx,'Jan'!AK91,'Feb'!AK91,'Mar'!AK91,'Apr'!AK91,'May'!AK91,'Jun'!AK91,'Jul'!AK91,'Aug'!AK91,'Sep'!AK91,'Oct'!AK91,'Nov'!AK91,'Dec'!AK91)) | H28: =IF($B28="","",CHOOSE(MonthIdx,'Jan'!AL91,'Feb'!AL91,'Mar'!AL91,'Apr'!AL91,'May'!AL91,'Jun'!AL91,'Jul'!AL91,'Aug'!AL91,'Sep'!AL91,'Oct'!AL91,'Nov'!AL91,'Dec'!AL91)) | I28: =IF($B28="","",CHOOSE(MonthIdx,'Jan'!AM91,'Feb'!AM91,'Mar'!AM91,'Apr'!AM91,'May'!AM91,'Jun'!AM91,'Jul'!AM91,'Aug'!AM91,'Sep'!AM91,'Oct'!AM91,'Nov'!AM91,'Dec'!AM91)) | K28: =IF(Activities!$A$22="","",Activities!$A$22) | L28: =IF(Activities!$A$22="","",Activities!$B$22&"") | N28: =IF(Activities!$A$22="","",Activities!$D$22)
A29: =IF(Roster!$B$23="","",Roster!$B$23) | B29: =IF(Roster!$C$23="","",Roster!$C$23) | C29: =IF(Roster!$C$23="","",Roster!$F$23&"") | D29: =IF(Roster!$C$23="","",Roster!$G$23&"") | E29: =IF($B29="","",CHOOSE(MonthIdx,'Jan'!AI95,'Feb'!AI95,'Mar'!AI95,'Apr'!AI95,'May'!AI95,'Jun'!AI95,'Jul'!AI95,'Aug'!AI95,'Sep'!AI95,'Oct'!AI95,'Nov'!AI95,'Dec'!AI95)) | F29: =IF($B29="","",CHOOSE(MonthIdx,'Jan'!AJ95,'Feb'!AJ95,'Mar'!AJ95,'Apr'!AJ95,'May'!AJ95,'Jun'!AJ95,'Jul'!AJ95,'Aug'!AJ95,'Sep'!AJ95,'Oct'!AJ95,'Nov'!AJ95,'Dec'!AJ95)) | G29: =IF($B29="","",CHOOSE(MonthIdx,'Jan'!AK95,'Feb'!AK95,'Mar'!AK95,'Apr'!AK95,'May'!AK95,'Jun'!AK95,'Jul'!AK95,'Aug'!AK95,'Sep'!AK95,'Oct'!AK95,'Nov'!AK95,'Dec'!AK95)) | H29: =IF($B29="","",CHOOSE(MonthIdx,'Jan'!AL95,'Feb'!AL95,'Mar'!AL95,'Apr'!AL95,'May'!AL95,'Jun'!AL95,'Jul'!AL95,'Aug'!AL95,'Sep'!AL95,'Oct'!AL95,'Nov'!AL95,'Dec'!AL95)) | I29: =IF($B29="","",CHOOSE(MonthIdx,'Jan'!AM95,'Feb'!AM95,'Mar'!AM95,'Apr'!AM95,'May'!AM95,'Jun'!AM95,'Jul'!AM95,'Aug'!AM95,'Sep'!AM95,'Oct'!AM95,'Nov'!AM95,'Dec'!AM95)) | K29: =IF(Activities!$A$23="","",Activities!$A$23) | L29: =IF(Activities!$A$23="","",Activities!$B$23&"") | N29: =IF(Activities!$A$23="","",Activities!$D$23)
A30: =IF(Roster!$B$24="","",Roster!$B$24) | B30: =IF(Roster!$C$24="","",Roster!$C$24) | C30: =IF(Roster!$C$24="","",Roster!$F$24&"") | D30: =IF(Roster!$C$24="","",Roster!$G$24&"") | E30: =IF($B30="","",CHOOSE(MonthIdx,'Jan'!AI99,'Feb'!AI99,'Mar'!AI99,'Apr'!AI99,'May'!AI99,'Jun'!AI99,'Jul'!AI99,'Aug'!AI99,'Sep'!AI99,'Oct'!AI99,'Nov'!AI99,'Dec'!AI99)) | F30: =IF($B30="","",CHOOSE(MonthIdx,'Jan'!AJ99,'Feb'!AJ99,'Mar'!AJ99,'Apr'!AJ99,'May'!AJ99,'Jun'!AJ99,'Jul'!AJ99,'Aug'!AJ99,'Sep'!AJ99,'Oct'!AJ99,'Nov'!AJ99,'Dec'!AJ99)) | G30: =IF($B30="","",CHOOSE(MonthIdx,'Jan'!AK99,'Feb'!AK99,'Mar'!AK99,'Apr'!AK99,'May'!AK99,'Jun'!AK99,'Jul'!AK99,'Aug'!AK99,'Sep'!AK99,'Oct'!AK99,'Nov'!AK99,'Dec'!AK99)) | H30: =IF($B30="","",CHOOSE(MonthIdx,'Jan'!AL99,'Feb'!AL99,'Mar'!AL99,'Apr'!AL99,'May'!AL99,'Jun'!AL99,'Jul'!AL99,'Aug'!AL99,'Sep'!AL99,'Oct'!AL99,'Nov'!AL99,'Dec'!AL99)) | I30: =IF($B30="","",CHOOSE(MonthIdx,'Jan'!AM99,'Feb'!AM99,'Mar'!AM99,'Apr'!AM99,'May'!AM99,'Jun'!AM99,'Jul'!AM99,'Aug'!AM99,'Sep'!AM99,'Oct'!AM99,'Nov'!AM99,'Dec'!AM99)) | K30: =IF(Activities!$A$24="","",Activities!$A$24) | L30: =IF(Activities!$A$24="","",Activities!$B$24&"") | N30: =IF(Activities!$A$24="","",Activities!$D$24)
A31: =IF(Roster!$B$25="","",Roster!$B$25) | B31: =IF(Roster!$C$25="","",Roster!$C$25) | C31: =IF(Roster!$C$25="","",Roster!$F$25&"") | D31: =IF(Roster!$C$25="","",Roster!$G$25&"") | E31: =IF($B31="","",CHOOSE(MonthIdx,'Jan'!AI103,'Feb'!AI103,'Mar'!AI103,'Apr'!AI103,'May'!AI103,'Jun'!AI103,'Jul'!AI103,'Aug'!AI103,'Sep'!AI103,'Oct'!AI103,'Nov'!AI103,'Dec'!AI103)) | F31: =IF($B31="","",CHOOSE(MonthIdx,'Jan'!AJ103,'Feb'!AJ103,'Mar'!AJ103,'Apr'!AJ103,'May'!AJ103,'Jun'!AJ103,'Jul'!AJ103,'Aug'!AJ103,'Sep'!AJ103,'Oct'!AJ103,'Nov'!AJ103,'Dec'!AJ103)) | G31: =IF($B31="","",CHOOSE(MonthIdx,'Jan'!AK103,'Feb'!AK103,'Mar'!AK103,'Apr'!AK103,'May'!AK103,'Jun'!AK103,'Jul'!AK103,'Aug'!AK103,'Sep'!AK103,'Oct'!AK103,'Nov'!AK103,'Dec'!AK103)) | H31: =IF($B31="","",CHOOSE(MonthIdx,'Jan'!AL103,'Feb'!AL103,'Mar'!AL103,'Apr'!AL103,'May'!AL103,'Jun'!AL103,'Jul'!AL103,'Aug'!AL103,'Sep'!AL103,'Oct'!AL103,'Nov'!AL103,'Dec'!AL103)) | I31: =IF($B31="","",CHOOSE(MonthIdx,'Jan'!AM103,'Feb'!AM103,'Mar'!AM103,'Apr'!AM103,'May'!AM103,'Jun'!AM103,'Jul'!AM103,'Aug'!AM103,'Sep'!AM103,'Oct'!AM103,'Nov'!AM103,'Dec'!AM103)) | K31: =IF(Activities!$A$25="","",Activities!$A$25) | L31: =IF(Activities!$A$25="","",Activities!$B$25&"") | N31: =IF(Activities!$A$25="","",Activities!$D$25)
A32: =IF(Roster!$B$26="","",Roster!$B$26) | B32: =IF(Roster!$C$26="","",Roster!$C$26) | C32: =IF(Roster!$C$26="","",Roster!$F$26&"") | D32: =IF(Roster!$C$26="","",Roster!$G$26&"") | E32: =IF($B32="","",CHOOSE(MonthIdx,'Jan'!AI107,'Feb'!AI107,'Mar'!AI107,'Apr'!AI107,'May'!AI107,'Jun'!AI107,'Jul'!AI107,'Aug'!AI107,'Sep'!AI107,'Oct'!AI107,'Nov'!AI107,'Dec'!AI107)) | F32: =IF($B32="","",CHOOSE(MonthIdx,'Jan'!AJ107,'Feb'!AJ107,'Mar'!AJ107,'Apr'!AJ107,'May'!AJ107,'Jun'!AJ107,'Jul'!AJ107,'Aug'!AJ107,'Sep'!AJ107,'Oct'!AJ107,'Nov'!AJ107,'Dec'!AJ107)) | G32: =IF($B32="","",CHOOSE(MonthIdx,'Jan'!AK107,'Feb'!AK107,'Mar'!AK107,'Apr'!AK107,'May'!AK107,'Jun'!AK107,'Jul'!AK107,'Aug'!AK107,'Sep'!AK107,'Oct'!AK107,'Nov'!AK107,'Dec'!AK107)) | H32: =IF($B32="","",CHOOSE(MonthIdx,'Jan'!AL107,'Feb'!AL107,'Mar'!AL107,'Apr'!AL107,'May'!AL107,'Jun'!AL107,'Jul'!AL107,'Aug'!AL107,'Sep'!AL107,'Oct'!AL107,'Nov'!AL107,'Dec'!AL107)) | I32: =IF($B32="","",CHOOSE(MonthIdx,'Jan'!AM107,'Feb'!AM107,'Mar'!AM107,'Apr'!AM107,'May'!AM107,'Jun'!AM107,'Jul'!AM107,'Aug'!AM107,'Sep'!AM107,'Oct'!AM107,'Nov'!AM107,'Dec'!AM107))
A33: =IF(Roster!$B$27="","",Roster!$B$27) | B33: =IF(Roster!$C$27="","",Roster!$C$27) | C33: =IF(Roster!$C$27="","",Roster!$F$27&"") | D33: =IF(Roster!$C$27="","",Roster!$G$27&"") | E33: =IF($B33="","",CHOOSE(MonthIdx,'Jan'!AI111,'Feb'!AI111,'Mar'!AI111,'Apr'!AI111,'May'!AI111,'Jun'!AI111,'Jul'!AI111,'Aug'!AI111,'Sep'!AI111,'Oct'!AI111,'Nov'!AI111,'Dec'!AI111)) | F33: =IF($B33="","",CHOOSE(MonthIdx,'Jan'!AJ111,'Feb'!AJ111,'Mar'!AJ111,'Apr'!AJ111,'May'!AJ111,'Jun'!AJ111,'Jul'!AJ111,'Aug'!AJ111,'Sep'!AJ111,'Oct'!AJ111,'Nov'!AJ111,'Dec'!AJ111)) | G33: =IF($B33="","",CHOOSE(MonthIdx,'Jan'!AK111,'Feb'!AK111,'Mar'!AK111,'Apr'!AK111,'May'!AK111,'Jun'!AK111,'Jul'!AK111,'Aug'!AK111,'Sep'!AK111,'Oct'!AK111,'Nov'!AK111,'Dec'!AK111)) | H33: =IF($B33="","",CHOOSE(MonthIdx,'Jan'!AL111,'Feb'!AL111,'Mar'!AL111,'Apr'!AL111,'May'!AL111,'Jun'!AL111,'Jul'!AL111,'Aug'!AL111,'Sep'!AL111,'Oct'!AL111,'Nov'!AL111,'Dec'!AL111)) | I33: =IF($B33="","",CHOOSE(MonthIdx,'Jan'!AM111,'Feb'!AM111,'Mar'!AM111,'Apr'!AM111,'May'!AM111,'Jun'!AM111,'Jul'!AM111,'Aug'!AM111,'Sep'!AM111,'Oct'!AM111,'Nov'!AM111,'Dec'!AM111))
A34: =IF(Roster!$B$28="","",Roster!$B$28) | B34: =IF(Roster!$C$28="","",Roster!$C$28) | C34: =IF(Roster!$C$28="","",Roster!$F$28&"") | D34: =IF(Roster!$C$28="","",Roster!$G$28&"") | E34: =IF($B34="","",CHOOSE(MonthIdx,'Jan'!AI115,'Feb'!AI115,'Mar'!AI115,'Apr'!AI115,'May'!AI115,'Jun'!AI115,'Jul'!AI115,'Aug'!AI115,'Sep'!AI115,'Oct'!AI115,'Nov'!AI115,'Dec'!AI115)) | F34: =IF($B34="","",CHOOSE(MonthIdx,'Jan'!AJ115,'Feb'!AJ115,'Mar'!AJ115,'Apr'!AJ115,'May'!AJ115,'Jun'!AJ115,'Jul'!AJ115,'Aug'!AJ115,'Sep'!AJ115,'Oct'!AJ115,'Nov'!AJ115,'Dec'!AJ115)) | G34: =IF($B34="","",CHOOSE(MonthIdx,'Jan'!AK115,'Feb'!AK115,'Mar'!AK115,'Apr'!AK115,'May'!AK115,'Jun'!AK115,'Jul'!AK115,'Aug'!AK115,'Sep'!AK115,'Oct'!AK115,'Nov'!AK115,'Dec'!AK115)) | H34: =IF($B34="","",CHOOSE(MonthIdx,'Jan'!AL115,'Feb'!AL115,'Mar'!AL115,'Apr'!AL115,'May'!AL115,'Jun'!AL115,'Jul'!AL115,'Aug'!AL115,'Sep'!AL115,'Oct'!AL115,'Nov'!AL115,'Dec'!AL115)) | I34: =IF($B34="","",CHOOSE(MonthIdx,'Jan'!AM115,'Feb'!AM115,'Mar'!AM115,'Apr'!AM115,'May'!AM115,'Jun'!AM115,'Jul'!AM115,'Aug'!AM115,'Sep'!AM115,'Oct'!AM115,'Nov'!AM115,'Dec'!AM115))
A35: =IF(Roster!$B$29="","",Roster!$B$29) | B35: =IF(Roster!$C$29="","",Roster!$C$29) | C35: =IF(Roster!$C$29="","",Roster!$F$29&"") | D35: =IF(Roster!$C$29="","",Roster!$G$29&"") | E35: =IF($B35="","",CHOOSE(MonthIdx,'Jan'!AI119,'Feb'!AI119,'Mar'!AI119,'Apr'!AI119,'May'!AI119,'Jun'!AI119,'Jul'!AI119,'Aug'!AI119,'Sep'!AI119,'Oct'!AI119,'Nov'!AI119,'Dec'!AI119)) | F35: =IF($B35="","",CHOOSE(MonthIdx,'Jan'!AJ119,'Feb'!AJ119,'Mar'!AJ119,'Apr'!AJ119,'May'!AJ119,'Jun'!AJ119,'Jul'!AJ119,'Aug'!AJ119,'Sep'!AJ119,'Oct'!AJ119,'Nov'!AJ119,'Dec'!AJ119)) | G35: =IF($B35="","",CHOOSE(MonthIdx,'Jan'!AK119,'Feb'!AK119,'Mar'!AK119,'Apr'!AK119,'May'!AK119,'Jun'!AK119,'Jul'!AK119,'Aug'!AK119,'Sep'!AK119,'Oct'!AK119,'Nov'!AK119,'Dec'!AK119)) | H35: =IF($B35="","",CHOOSE(MonthIdx,'Jan'!AL119,'Feb'!AL119,'Mar'!AL119,'Apr'!AL119,'May'!AL119,'Jun'!AL119,'Jul'!AL119,'Aug'!AL119,'Sep'!AL119,'Oct'!AL119,'Nov'!AL119,'Dec'!AL119)) | I35: =IF($B35="","",CHOOSE(MonthIdx,'Jan'!AM119,'Feb'!AM119,'Mar'!AM119,'Apr'!AM119,'May'!AM119,'Jun'!AM119,'Jul'!AM119,'Aug'!AM119,'Sep'!AM119,'Oct'!AM119,'Nov'!AM119,'Dec'!AM119))
A36: =IF(Roster!$B$30="","",Roster!$B$30) | B36: =IF(Roster!$C$30="","",Roster!$C$30) | C36: =IF(Roster!$C$30="","",Roster!$F$30&"") | D36: =IF(Roster!$C$30="","",Roster!$G$30&"") | E36: =IF($B36="","",CHOOSE(MonthIdx,'Jan'!AI123,'Feb'!AI123,'Mar'!AI123,'Apr'!AI123,'May'!AI123,'Jun'!AI123,'Jul'!AI123,'Aug'!AI123,'Sep'!AI123,'Oct'!AI123,'Nov'!AI123,'Dec'!AI123)) | F36: =IF($B36="","",CHOOSE(MonthIdx,'Jan'!AJ123,'Feb'!AJ123,'Mar'!AJ123,'Apr'!AJ123,'May'!AJ123,'Jun'!AJ123,'Jul'!AJ123,'Aug'!AJ123,'Sep'!AJ123,'Oct'!AJ123,'Nov'!AJ123,'Dec'!AJ123)) | G36: =IF($B36="","",CHOOSE(MonthIdx,'Jan'!AK123,'Feb'!AK123,'Mar'!AK123,'Apr'!AK123,'May'!AK123,'Jun'!AK123,'Jul'!AK123,'Aug'!AK123,'Sep'!AK123,'Oct'!AK123,'Nov'!AK123,'Dec'!AK123)) | H36: =IF($B36="","",CHOOSE(MonthIdx,'Jan'!AL123,'Feb'!AL123,'Mar'!AL123,'Apr'!AL123,'May'!AL123,'Jun'!AL123,'Jul'!AL123,'Aug'!AL123,'Sep'!AL123,'Oct'!AL123,'Nov'!AL123,'Dec'!AL123)) | I36: =IF($B36="","",CHOOSE(MonthIdx,'Jan'!AM123,'Feb'!AM123,'Mar'!AM123,'Apr'!AM123,'May'!AM123,'Jun'!AM123,'Jul'!AM123,'Aug'!AM123,'Sep'!AM123,'Oct'!AM123,'Nov'!AM123,'Dec'!AM123))
A37: =IF(Roster!$B$31="","",Roster!$B$31) | B37: =IF(Roster!$C$31="","",Roster!$C$31) | C37: =IF(Roster!$C$31="","",Roster!$F$31&"") | D37: =IF(Roster!$C$31="","",Roster!$G$31&"") | E37: =IF($B37="","",CHOOSE(MonthIdx,'Jan'!AI127,'Feb'!AI127,'Mar'!AI127,'Apr'!AI127,'May'!AI127,'Jun'!AI127,'Jul'!AI127,'Aug'!AI127,'Sep'!AI127,'Oct'!AI127,'Nov'!AI127,'Dec'!AI127)) | F37: =IF($B37="","",CHOOSE(MonthIdx,'Jan'!AJ127,'Feb'!AJ127,'Mar'!AJ127,'Apr'!AJ127,'May'!AJ127,'Jun'!AJ127,'Jul'!AJ127,'Aug'!AJ127,'Sep'!AJ127,'Oct'!AJ127,'Nov'!AJ127,'Dec'!AJ127)) | G37: =IF($B37="","",CHOOSE(MonthIdx,'Jan'!AK127,'Feb'!AK127,'Mar'!AK127,'Apr'!AK127,'May'!AK127,'Jun'!AK127,'Jul'!AK127,'Aug'!AK127,'Sep'!AK127,'Oct'!AK127,'Nov'!AK127,'Dec'!AK127)) | H37: =IF($B37="","",CHOOSE(MonthIdx,'Jan'!AL127,'Feb'!AL127,'Mar'!AL127,'Apr'!AL127,'May'!AL127,'Jun'!AL127,'Jul'!AL127,'Aug'!AL127,'Sep'!AL127,'Oct'!AL127,'Nov'!AL127,'Dec'!AL127)) | I37: =IF($B37="","",CHOOSE(MonthIdx,'Jan'!AM127,'Feb'!AM127,'Mar'!AM127,'Apr'!AM127,'May'!AM127,'Jun'!AM127,'Jul'!AM127,'Aug'!AM127,'Sep'!AM127,'Oct'!AM127,'Nov'!AM127,'Dec'!AM127))
A38: =IF(Roster!$B$32="","",Roster!$B$32) | B38: =IF(Roster!$C$32="","",Roster!$C$32) | C38: =IF(Roster!$C$32="","",Roster!$F$32&"") | D38: =IF(Roster!$C$32="","",Roster!$G$32&"") | E38: =IF($B38="","",CHOOSE(MonthIdx,'Jan'!AI131,'Feb'!AI131,'Mar'!AI131,'Apr'!AI131,'May'!AI131,'Jun'!AI131,'Jul'!AI131,'Aug'!AI131,'Sep'!AI131,'Oct'!AI131,'Nov'!AI131,'Dec'!AI131)) | F38: =IF($B38="","",CHOOSE(MonthIdx,'Jan'!AJ131,'Feb'!AJ131,'Mar'!AJ131,'Apr'!AJ131,'May'!AJ131,'Jun'!AJ131,'Jul'!AJ131,'Aug'!AJ131,'Sep'!AJ131,'Oct'!AJ131,'Nov'!AJ131,'Dec'!AJ131)) | G38: =IF($B38="","",CHOOSE(MonthIdx,'Jan'!AK131,'Feb'!AK131,'Mar'!AK131,'Apr'!AK131,'May'!AK131,'Jun'!AK131,'Jul'!AK131,'Aug'!AK131,'Sep'!AK131,'Oct'!AK131,'Nov'!AK131,'Dec'!AK131)) | H38: =IF($B38="","",CHOOSE(MonthIdx,'Jan'!AL131,'Feb'!AL131,'Mar'!AL131,'Apr'!AL131,'May'!AL131,'Jun'!AL131,'Jul'!AL131,'Aug'!AL131,'Sep'!AL131,'Oct'!AL131,'Nov'!AL131,'Dec'!AL131)) | I38: =IF($B38="","",CHOOSE(MonthIdx,'Jan'!AM131,'Feb'!AM131,'Mar'!AM131,'Apr'!AM131,'May'!AM131,'Jun'!AM131,'Jul'!AM131,'Aug'!AM131,'Sep'!AM131,'Oct'!AM131,'Nov'!AM131,'Dec'!AM131))
A39: =IF(Roster!$B$33="","",Roster!$B$33) | B39: =IF(Roster!$C$33="","",Roster!$C$33) | C39: =IF(Roster!$C$33="","",Roster!$F$33&"") | D39: =IF(Roster!$C$33="","",Roster!$G$33&"") | E39: =IF($B39="","",CHOOSE(MonthIdx,'Jan'!AI135,'Feb'!AI135,'Mar'!AI135,'Apr'!AI135,'May'!AI135,'Jun'!AI135,'Jul'!AI135,'Aug'!AI135,'Sep'!AI135,'Oct'!AI135,'Nov'!AI135,'Dec'!AI135)) | F39: =IF($B39="","",CHOOSE(MonthIdx,'Jan'!AJ135,'Feb'!AJ135,'Mar'!AJ135,'Apr'!AJ135,'May'!AJ135,'Jun'!AJ135,'Jul'!AJ135,'Aug'!AJ135,'Sep'!AJ135,'Oct'!AJ135,'Nov'!AJ135,'Dec'!AJ135)) | G39: =IF($B39="","",CHOOSE(MonthIdx,'Jan'!AK135,'Feb'!AK135,'Mar'!AK135,'Apr'!AK135,'May'!AK135,'Jun'!AK135,'Jul'!AK135,'Aug'!AK135,'Sep'!AK135,'Oct'!AK135,'Nov'!AK135,'Dec'!AK135)) | H39: =IF($B39="","",CHOOSE(MonthIdx,'Jan'!AL135,'Feb'!AL135,'Mar'!AL135,'Apr'!AL135,'May'!AL135,'Jun'!AL135,'Jul'!AL135,'Aug'!AL135,'Sep'!AL135,'Oct'!AL135,'Nov'!AL135,'Dec'!AL135)) | I39: =IF($B39="","",CHOOSE(MonthIdx,'Jan'!AM135,'Feb'!AM135,'Mar'!AM135,'Apr'!AM135,'May'!AM135,'Jun'!AM135,'Jul'!AM135,'Aug'!AM135,'Sep'!AM135,'Oct'!AM135,'Nov'!AM135,'Dec'!AM135))
A40: =IF(Roster!$B$34="","",Roster!$B$34) | B40: =IF(Roster!$C$34="","",Roster!$C$34) | C40: =IF(Roster!$C$34="","",Roster!$F$34&"") | D40: =IF(Roster!$C$34="","",Roster!$G$34&"") | E40: =IF($B40="","",CHOOSE(MonthIdx,'Jan'!AI139,'Feb'!AI139,'Mar'!AI139,'Apr'!AI139,'May'!AI139,'Jun'!AI139,'Jul'!AI139,'Aug'!AI139,'Sep'!AI139,'Oct'!AI139,'Nov'!AI139,'Dec'!AI139)) | F40: =IF($B40="","",CHOOSE(MonthIdx,'Jan'!AJ139,'Feb'!AJ139,'Mar'!AJ139,'Apr'!AJ139,'May'!AJ139,'Jun'!AJ139,'Jul'!AJ139,'Aug'!AJ139,'Sep'!AJ139,'Oct'!AJ139,'Nov'!AJ139,'Dec'!AJ139)) | G40: =IF($B40="","",CHOOSE(MonthIdx,'Jan'!AK139,'Feb'!AK139,'Mar'!AK139,'Apr'!AK139,'May'!AK139,'Jun'!AK139,'Jul'!AK139,'Aug'!AK139,'Sep'!AK139,'Oct'!AK139,'Nov'!AK139,'Dec'!AK139)) | H40: =IF($B40="","",CHOOSE(MonthIdx,'Jan'!AL139,'Feb'!AL139,'Mar'!AL139,'Apr'!AL139,'May'!AL139,'Jun'!AL139,'Jul'!AL139,'Aug'!AL139,'Sep'!AL139,'Oct'!AL139,'Nov'!AL139,'Dec'!AL139)) | I40: =IF($B40="","",CHOOSE(MonthIdx,'Jan'!AM139,'Feb'!AM139,'Mar'!AM139,'Apr'!AM139,'May'!AM139,'Jun'!AM139,'Jul'!AM139,'Aug'!AM139,'Sep'!AM139,'Oct'!AM139,'Nov'!AM139,'Dec'!AM139))
A41: =IF(Roster!$B$35="","",Roster!$B$35) | B41: =IF(Roster!$C$35="","",Roster!$C$35) | C41: =IF(Roster!$C$35="","",Roster!$F$35&"") | D41: =IF(Roster!$C$35="","",Roster!$G$35&"") | E41: =IF($B41="","",CHOOSE(MonthIdx,'Jan'!AI143,'Feb'!AI143,'Mar'!AI143,'Apr'!AI143,'May'!AI143,'Jun'!AI143,'Jul'!AI143,'Aug'!AI143,'Sep'!AI143,'Oct'!AI143,'Nov'!AI143,'Dec'!AI143)) | F41: =IF($B41="","",CHOOSE(MonthIdx,'Jan'!AJ143,'Feb'!AJ143,'Mar'!AJ143,'Apr'!AJ143,'May'!AJ143,'Jun'!AJ143,'Jul'!AJ143,'Aug'!AJ143,'Sep'!AJ143,'Oct'!AJ143,'Nov'!AJ143,'Dec'!AJ143)) | G41: =IF($B41="","",CHOOSE(MonthIdx,'Jan'!AK143,'Feb'!AK143,'Mar'!AK143,'Apr'!AK143,'May'!AK143,'Jun'!AK143,'Jul'!AK143,'Aug'!AK143,'Sep'!AK143,'Oct'!AK143,'Nov'!AK143,'Dec'!AK143)) | H41: =IF($B41="","",CHOOSE(MonthIdx,'Jan'!AL143,'Feb'!AL143,'Mar'!AL143,'Apr'!AL143,'May'!AL143,'Jun'!AL143,'Jul'!AL143,'Aug'!AL143,'Sep'!AL143,'Oct'!AL143,'Nov'!AL143,'Dec'!AL143)) | I41: =IF($B41="","",CHOOSE(MonthIdx,'Jan'!AM143,'Feb'!AM143,'Mar'!AM143,'Apr'!AM143,'May'!AM143,'Jun'!AM143,'Jul'!AM143,'Aug'!AM143,'Sep'!AM143,'Oct'!AM143,'Nov'!AM143,'Dec'!AM143))
A42: =IF(Roster!$B$36="","",Roster!$B$36) | B42: =IF(Roster!$C$36="","",Roster!$C$36) | C42: =IF(Roster!$C$36="","",Roster!$F$36&"") | D42: =IF(Roster!$C$36="","",Roster!$G$36&"") | E42: =IF($B42="","",CHOOSE(MonthIdx,'Jan'!AI147,'Feb'!AI147,'Mar'!AI147,'Apr'!AI147,'May'!AI147,'Jun'!AI147,'Jul'!AI147,'Aug'!AI147,'Sep'!AI147,'Oct'!AI147,'Nov'!AI147,'Dec'!AI147)) | F42: =IF($B42="","",CHOOSE(MonthIdx,'Jan'!AJ147,'Feb'!AJ147,'Mar'!AJ147,'Apr'!AJ147,'May'!AJ147,'Jun'!AJ147,'Jul'!AJ147,'Aug'!AJ147,'Sep'!AJ147,'Oct'!AJ147,'Nov'!AJ147,'Dec'!AJ147)) | G42: =IF($B42="","",CHOOSE(MonthIdx,'Jan'!AK147,'Feb'!AK147,'Mar'!AK147,'Apr'!AK147,'May'!AK147,'Jun'!AK147,'Jul'!AK147,'Aug'!AK147,'Sep'!AK147,'Oct'!AK147,'Nov'!AK147,'Dec'!AK147)) | H42: =IF($B42="","",CHOOSE(MonthIdx,'Jan'!AL147,'Feb'!AL147,'Mar'!AL147,'Apr'!AL147,'May'!AL147,'Jun'!AL147,'Jul'!AL147,'Aug'!AL147,'Sep'!AL147,'Oct'!AL147,'Nov'!AL147,'Dec'!AL147)) | I42: =IF($B42="","",CHOOSE(MonthIdx,'Jan'!AM147,'Feb'!AM147,'Mar'!AM147,'Apr'!AM147,'May'!AM147,'Jun'!AM147,'Jul'!AM147,'Aug'!AM147,'Sep'!AM147,'Oct'!AM147,'Nov'!AM147,'Dec'!AM147))
A43: =IF(Roster!$B$37="","",Roster!$B$37) | B43: =IF(Roster!$C$37="","",Roster!$C$37) | C43: =IF(Roster!$C$37="","",Roster!$F$37&"") | D43: =IF(Roster!$C$37="","",Roster!$G$37&"") | E43: =IF($B43="","",CHOOSE(MonthIdx,'Jan'!AI151,'Feb'!AI151,'Mar'!AI151,'Apr'!AI151,'May'!AI151,'Jun'!AI151,'Jul'!AI151,'Aug'!AI151,'Sep'!AI151,'Oct'!AI151,'Nov'!AI151,'Dec'!AI151)) | F43: =IF($B43="","",CHOOSE(MonthIdx,'Jan'!AJ151,'Feb'!AJ151,'Mar'!AJ151,'Apr'!AJ151,'May'!AJ151,'Jun'!AJ151,'Jul'!AJ151,'Aug'!AJ151,'Sep'!AJ151,'Oct'!AJ151,'Nov'!AJ151,'Dec'!AJ151)) | G43: =IF($B43="","",CHOOSE(MonthIdx,'Jan'!AK151,'Feb'!AK151,'Mar'!AK151,'Apr'!AK151,'May'!AK151,'Jun'!AK151,'Jul'!AK151,'Aug'!AK151,'Sep'!AK151,'Oct'!AK151,'Nov'!AK151,'Dec'!AK151)) | H43: =IF($B43="","",CHOOSE(MonthIdx,'Jan'!AL151,'Feb'!AL151,'Mar'!AL151,'Apr'!AL151,'May'!AL151,'Jun'!AL151,'Jul'!AL151,'Aug'!AL151,'Sep'!AL151,'Oct'!AL151,'Nov'!AL151,'Dec'!AL151)) | I43: =IF($B43="","",CHOOSE(MonthIdx,'Jan'!AM151,'Feb'!AM151,'Mar'!AM151,'Apr'!AM151,'May'!AM151,'Jun'!AM151,'Jul'!AM151,'Aug'!AM151,'Sep'!AM151,'Oct'!AM151,'Nov'!AM151,'Dec'!AM151))
A44: =IF(Roster!$B$38="","",Roster!$B$38) | B44: =IF(Roster!$C$38="","",Roster!$C$38) | C44: =IF(Roster!$C$38="","",Roster!$F$38&"") | D44: =IF(Roster!$C$38="","",Roster!$G$38&"") | E44: =IF($B44="","",CHOOSE(MonthIdx,'Jan'!AI155,'Feb'!AI155,'Mar'!AI155,'Apr'!AI155,'May'!AI155,'Jun'!AI155,'Jul'!AI155,'Aug'!AI155,'Sep'!AI155,'Oct'!AI155,'Nov'!AI155,'Dec'!AI155)) | F44: =IF($B44="","",CHOOSE(MonthIdx,'Jan'!AJ155,'Feb'!AJ155,'Mar'!AJ155,'Apr'!AJ155,'May'!AJ155,'Jun'!AJ155,'Jul'!AJ155,'Aug'!AJ155,'Sep'!AJ155,'Oct'!AJ155,'Nov'!AJ155,'Dec'!AJ155)) | G44: =IF($B44="","",CHOOSE(MonthIdx,'Jan'!AK155,'Feb'!AK155,'Mar'!AK155,'Apr'!AK155,'May'!AK155,'Jun'!AK155,'Jul'!AK155,'Aug'!AK155,'Sep'!AK155,'Oct'!AK155,'Nov'!AK155,'Dec'!AK155)) | H44: =IF($B44="","",CHOOSE(MonthIdx,'Jan'!AL155,'Feb'!AL155,'Mar'!AL155,'Apr'!AL155,'May'!AL155,'Jun'!AL155,'Jul'!AL155,'Aug'!AL155,'Sep'!AL155,'Oct'!AL155,'Nov'!AL155,'Dec'!AL155)) | I44: =IF($B44="","",CHOOSE(MonthIdx,'Jan'!AM155,'Feb'!AM155,'Mar'!AM155,'Apr'!AM155,'May'!AM155,'Jun'!AM155,'Jul'!AM155,'Aug'!AM155,'Sep'!AM155,'Oct'!AM155,'Nov'!AM155,'Dec'!AM155))
A45: =IF(Roster!$B$39="","",Roster!$B$39) | B45: =IF(Roster!$C$39="","",Roster!$C$39) | C45: =IF(Roster!$C$39="","",Roster!$F$39&"") | D45: =IF(Roster!$C$39="","",Roster!$G$39&"") | E45: =IF($B45="","",CHOOSE(MonthIdx,'Jan'!AI159,'Feb'!AI159,'Mar'!AI159,'Apr'!AI159,'May'!AI159,'Jun'!AI159,'Jul'!AI159,'Aug'!AI159,'Sep'!AI159,'Oct'!AI159,'Nov'!AI159,'Dec'!AI159)) | F45: =IF($B45="","",CHOOSE(MonthIdx,'Jan'!AJ159,'Feb'!AJ159,'Mar'!AJ159,'Apr'!AJ159,'May'!AJ159,'Jun'!AJ159,'Jul'!AJ159,'Aug'!AJ159,'Sep'!AJ159,'Oct'!AJ159,'Nov'!AJ159,'Dec'!AJ159)) | G45: =IF($B45="","",CHOOSE(MonthIdx,'Jan'!AK159,'Feb'!AK159,'Mar'!AK159,'Apr'!AK159,'May'!AK159,'Jun'!AK159,'Jul'!AK159,'Aug'!AK159,'Sep'!AK159,'Oct'!AK159,'Nov'!AK159,'Dec'!AK159)) | H45: =IF($B45="","",CHOOSE(MonthIdx,'Jan'!AL159,'Feb'!AL159,'Mar'!AL159,'Apr'!AL159,'May'!AL159,'Jun'!AL159,'Jul'!AL159,'Aug'!AL159,'Sep'!AL159,'Oct'!AL159,'Nov'!AL159,'Dec'!AL159)) | I45: =IF($B45="","",CHOOSE(MonthIdx,'Jan'!AM159,'Feb'!AM159,'Mar'!AM159,'Apr'!AM159,'May'!AM159,'Jun'!AM159,'Jul'!AM159,'Aug'!AM159,'Sep'!AM159,'Oct'!AM159,'Nov'!AM159,'Dec'!AM159))
A46: =IF(Roster!$B$40="","",Roster!$B$40) | B46: =IF(Roster!$C$40="","",Roster!$C$40) | C46: =IF(Roster!$C$40="","",Roster!$F$40&"") | D46: =IF(Roster!$C$40="","",Roster!$G$40&"") | E46: =IF($B46="","",CHOOSE(MonthIdx,'Jan'!AI163,'Feb'!AI163,'Mar'!AI163,'Apr'!AI163,'May'!AI163,'Jun'!AI163,'Jul'!AI163,'Aug'!AI163,'Sep'!AI163,'Oct'!AI163,'Nov'!AI163,'Dec'!AI163)) | F46: =IF($B46="","",CHOOSE(MonthIdx,'Jan'!AJ163,'Feb'!AJ163,'Mar'!AJ163,'Apr'!AJ163,'May'!AJ163,'Jun'!AJ163,'Jul'!AJ163,'Aug'!AJ163,'Sep'!AJ163,'Oct'!AJ163,'Nov'!AJ163,'Dec'!AJ163)) | G46: =IF($B46="","",CHOOSE(MonthIdx,'Jan'!AK163,'Feb'!AK163,'Mar'!AK163,'Apr'!AK163,'May'!AK163,'Jun'!AK163,'Jul'!AK163,'Aug'!AK163,'Sep'!AK163,'Oct'!AK163,'Nov'!AK163,'Dec'!AK163)) | H46: =IF($B46="","",CHOOSE(MonthIdx,'Jan'!AL163,'Feb'!AL163,'Mar'!AL163,'Apr'!AL163,'May'!AL163,'Jun'!AL163,'Jul'!AL163,'Aug'!AL163,'Sep'!AL163,'Oct'!AL163,'Nov'!AL163,'Dec'!AL163)) | I46: =IF($B46="","",CHOOSE(MonthIdx,'Jan'!AM163,'Feb'!AM163,'Mar'!AM163,'Apr'!AM163,'May'!AM163,'Jun'!AM163,'Jul'!AM163,'Aug'!AM163,'Sep'!AM163,'Oct'!AM163,'Nov'!AM163,'Dec'!AM163))
A47: =IF(Roster!$B$41="","",Roster!$B$41) | B47: =IF(Roster!$C$41="","",Roster!$C$41) | C47: =IF(Roster!$C$41="","",Roster!$F$41&"") | D47: =IF(Roster!$C$41="","",Roster!$G$41&"") | E47: =IF($B47="","",CHOOSE(MonthIdx,'Jan'!AI167,'Feb'!AI167,'Mar'!AI167,'Apr'!AI167,'May'!AI167,'Jun'!AI167,'Jul'!AI167,'Aug'!AI167,'Sep'!AI167,'Oct'!AI167,'Nov'!AI167,'Dec'!AI167)) | F47: =IF($B47="","",CHOOSE(MonthIdx,'Jan'!AJ167,'Feb'!AJ167,'Mar'!AJ167,'Apr'!AJ167,'May'!AJ167,'Jun'!AJ167,'Jul'!AJ167,'Aug'!AJ167,'Sep'!AJ167,'Oct'!AJ167,'Nov'!AJ167,'Dec'!AJ167)) | G47: =IF($B47="","",CHOOSE(MonthIdx,'Jan'!AK167,'Feb'!AK167,'Mar'!AK167,'Apr'!AK167,'May'!AK167,'Jun'!AK167,'Jul'!AK167,'Aug'!AK167,'Sep'!AK167,'Oct'!AK167,'Nov'!AK167,'Dec'!AK167)) | H47: =IF($B47="","",CHOOSE(MonthIdx,'Jan'!AL167,'Feb'!AL167,'Mar'!AL167,'Apr'!AL167,'May'!AL167,'Jun'!AL167,'Jul'!AL167,'Aug'!AL167,'Sep'!AL167,'Oct'!AL167,'Nov'!AL167,'Dec'!AL167)) | I47: =IF($B47="","",CHOOSE(MonthIdx,'Jan'!AM167,'Feb'!AM167,'Mar'!AM167,'Apr'!AM167,'May'!AM167,'Jun'!AM167,'Jul'!AM167,'Aug'!AM167,'Sep'!AM167,'Oct'!AM167,'Nov'!AM167,'Dec'!AM167))
A48: =IF(Roster!$B$42="","",Roster!$B$42) | B48: =IF(Roster!$C$42="","",Roster!$C$42) | C48: =IF(Roster!$C$42="","",Roster!$F$42&"") | D48: =IF(Roster!$C$42="","",Roster!$G$42&"") | E48: =IF($B48="","",CHOOSE(MonthIdx,'Jan'!AI171,'Feb'!AI171,'Mar'!AI171,'Apr'!AI171,'May'!AI171,'Jun'!AI171,'Jul'!AI171,'Aug'!AI171,'Sep'!AI171,'Oct'!AI171,'Nov'!AI171,'Dec'!AI171)) | F48: =IF($B48="","",CHOOSE(MonthIdx,'Jan'!AJ171,'Feb'!AJ171,'Mar'!AJ171,'Apr'!AJ171,'May'!AJ171,'Jun'!AJ171,'Jul'!AJ171,'Aug'!AJ171,'Sep'!AJ171,'Oct'!AJ171,'Nov'!AJ171,'Dec'!AJ171)) | G48: =IF($B48="","",CHOOSE(MonthIdx,'Jan'!AK171,'Feb'!AK171,'Mar'!AK171,'Apr'!AK171,'May'!AK171,'Jun'!AK171,'Jul'!AK171,'Aug'!AK171,'Sep'!AK171,'Oct'!AK171,'Nov'!AK171,'Dec'!AK171)) | H48: =IF($B48="","",CHOOSE(MonthIdx,'Jan'!AL171,'Feb'!AL171,'Mar'!AL171,'Apr'!AL171,'May'!AL171,'Jun'!AL171,'Jul'!AL171,'Aug'!AL171,'Sep'!AL171,'Oct'!AL171,'Nov'!AL171,'Dec'!AL171)) | I48: =IF($B48="","",CHOOSE(MonthIdx,'Jan'!AM171,'Feb'!AM171,'Mar'!AM171,'Apr'!AM171,'May'!AM171,'Jun'!AM171,'Jul'!AM171,'Aug'!AM171,'Sep'!AM171,'Oct'!AM171,'Nov'!AM171,'Dec'!AM171))
A49: =IF(Roster!$B$43="","",Roster!$B$43) | B49: =IF(Roster!$C$43="","",Roster!$C$43) | C49: =IF(Roster!$C$43="","",Roster!$F$43&"") | D49: =IF(Roster!$C$43="","",Roster!$G$43&"") | E49: =IF($B49="","",CHOOSE(MonthIdx,'Jan'!AI175,'Feb'!AI175,'Mar'!AI175,'Apr'!AI175,'May'!AI175,'Jun'!AI175,'Jul'!AI175,'Aug'!AI175,'Sep'!AI175,'Oct'!AI175,'Nov'!AI175,'Dec'!AI175)) | F49: =IF($B49="","",CHOOSE(MonthIdx,'Jan'!AJ175,'Feb'!AJ175,'Mar'!AJ175,'Apr'!AJ175,'May'!AJ175,'Jun'!AJ175,'Jul'!AJ175,'Aug'!AJ175,'Sep'!AJ175,'Oct'!AJ175,'Nov'!AJ175,'Dec'!AJ175)) | G49: =IF($B49="","",CHOOSE(MonthIdx,'Jan'!AK175,'Feb'!AK175,'Mar'!AK175,'Apr'!AK175,'May'!AK175,'Jun'!AK175,'Jul'!AK175,'Aug'!AK175,'Sep'!AK175,'Oct'!AK175,'Nov'!AK175,'Dec'!AK175)) | H49: =IF($B49="","",CHOOSE(MonthIdx,'Jan'!AL175,'Feb'!AL175,'Mar'!AL175,'Apr'!AL175,'May'!AL175,'Jun'!AL175,'Jul'!AL175,'Aug'!AL175,'Sep'!AL175,'Oct'!AL175,'Nov'!AL175,'Dec'!AL175)) | I49: =IF($B49="","",CHOOSE(MonthIdx,'Jan'!AM175,'Feb'!AM175,'Mar'!AM175,'Apr'!AM175,'May'!AM175,'Jun'!AM175,'Jul'!AM175,'Aug'!AM175,'Sep'!AM175,'Oct'!AM175,'Nov'!AM175,'Dec'!AM175))
A50: =IF(Roster!$B$44="","",Roster!$B$44) | B50: =IF(Roster!$C$44="","",Roster!$C$44) | C50: =IF(Roster!$C$44="","",Roster!$F$44&"") | D50: =IF(Roster!$C$44="","",Roster!$G$44&"") | E50: =IF($B50="","",CHOOSE(MonthIdx,'Jan'!AI179,'Feb'!AI179,'Mar'!AI179,'Apr'!AI179,'May'!AI179,'Jun'!AI179,'Jul'!AI179,'Aug'!AI179,'Sep'!AI179,'Oct'!AI179,'Nov'!AI179,'Dec'!AI179)) | F50: =IF($B50="","",CHOOSE(MonthIdx,'Jan'!AJ179,'Feb'!AJ179,'Mar'!AJ179,'Apr'!AJ179,'May'!AJ179,'Jun'!AJ179,'Jul'!AJ179,'Aug'!AJ179,'Sep'!AJ179,'Oct'!AJ179,'Nov'!AJ179,'Dec'!AJ179)) | G50: =IF($B50="","",CHOOSE(MonthIdx,'Jan'!AK179,'Feb'!AK179,'Mar'!AK179,'Apr'!AK179,'May'!AK179,'Jun'!AK179,'Jul'!AK179,'Aug'!AK179,'Sep'!AK179,'Oct'!AK179,'Nov'!AK179,'Dec'!AK179)) | H50: =IF($B50="","",CHOOSE(MonthIdx,'Jan'!AL179,'Feb'!AL179,'Mar'!AL179,'Apr'!AL179,'May'!AL179,'Jun'!AL179,'Jul'!AL179,'Aug'!AL179,'Sep'!AL179,'Oct'!AL179,'Nov'!AL179,'Dec'!AL179)) | I50: =IF($B50="","",CHOOSE(MonthIdx,'Jan'!AM179,'Feb'!AM179,'Mar'!AM179,'Apr'!AM179,'May'!AM179,'Jun'!AM179,'Jul'!AM179,'Aug'!AM179,'Sep'!AM179,'Oct'!AM179,'Nov'!AM179,'Dec'!AM179))
A51: =IF(Roster!$B$45="","",Roster!$B$45) | B51: =IF(Roster!$C$45="","",Roster!$C$45) | C51: =IF(Roster!$C$45="","",Roster!$F$45&"") | D51: =IF(Roster!$C$45="","",Roster!$G$45&"") | E51: =IF($B51="","",CHOOSE(MonthIdx,'Jan'!AI183,'Feb'!AI183,'Mar'!AI183,'Apr'!AI183,'May'!AI183,'Jun'!AI183,'Jul'!AI183,'Aug'!AI183,'Sep'!AI183,'Oct'!AI183,'Nov'!AI183,'Dec'!AI183)) | F51: =IF($B51="","",CHOOSE(MonthIdx,'Jan'!AJ183,'Feb'!AJ183,'Mar'!AJ183,'Apr'!AJ183,'May'!AJ183,'Jun'!AJ183,'Jul'!AJ183,'Aug'!AJ183,'Sep'!AJ183,'Oct'!AJ183,'Nov'!AJ183,'Dec'!AJ183)) | G51: =IF($B51="","",CHOOSE(MonthIdx,'Jan'!AK183,'Feb'!AK183,'Mar'!AK183,'Apr'!AK183,'May'!AK183,'Jun'!AK183,'Jul'!AK183,'Aug'!AK183,'Sep'!AK183,'Oct'!AK183,'Nov'!AK183,'Dec'!AK183)) | H51: =IF($B51="","",CHOOSE(MonthIdx,'Jan'!AL183,'Feb'!AL183,'Mar'!AL183,'Apr'!AL183,'May'!AL183,'Jun'!AL183,'Jul'!AL183,'Aug'!AL183,'Sep'!AL183,'Oct'!AL183,'Nov'!AL183,'Dec'!AL183)) | I51: =IF($B51="","",CHOOSE(MonthIdx,'Jan'!AM183,'Feb'!AM183,'Mar'!AM183,'Apr'!AM183,'May'!AM183,'Jun'!AM183,'Jul'!AM183,'Aug'!AM183,'Sep'!AM183,'Oct'!AM183,'Nov'!AM183,'Dec'!AM183))
A52: =IF(Roster!$B$46="","",Roster!$B$46) | B52: =IF(Roster!$C$46="","",Roster!$C$46) | C52: =IF(Roster!$C$46="","",Roster!$F$46&"") | D52: =IF(Roster!$C$46="","",Roster!$G$46&"") | E52: =IF($B52="","",CHOOSE(MonthIdx,'Jan'!AI187,'Feb'!AI187,'Mar'!AI187,'Apr'!AI187,'May'!AI187,'Jun'!AI187,'Jul'!AI187,'Aug'!AI187,'Sep'!AI187,'Oct'!AI187,'Nov'!AI187,'Dec'!AI187)) | F52: =IF($B52="","",CHOOSE(MonthIdx,'Jan'!AJ187,'Feb'!AJ187,'Mar'!AJ187,'Apr'!AJ187,'May'!AJ187,'Jun'!AJ187,'Jul'!AJ187,'Aug'!AJ187,'Sep'!AJ187,'Oct'!AJ187,'Nov'!AJ187,'Dec'!AJ187)) | G52: =IF($B52="","",CHOOSE(MonthIdx,'Jan'!AK187,'Feb'!AK187,'Mar'!AK187,'Apr'!AK187,'May'!AK187,'Jun'!AK187,'Jul'!AK187,'Aug'!AK187,'Sep'!AK187,'Oct'!AK187,'Nov'!AK187,'Dec'!AK187)) | H52: =IF($B52="","",CHOOSE(MonthIdx,'Jan'!AL187,'Feb'!AL187,'Mar'!AL187,'Apr'!AL187,'May'!AL187,'Jun'!AL187,'Jul'!AL187,'Aug'!AL187,'Sep'!AL187,'Oct'!AL187,'Nov'!AL187,'Dec'!AL187)) | I52: =IF($B52="","",CHOOSE(MonthIdx,'Jan'!AM187,'Feb'!AM187,'Mar'!AM187,'Apr'!AM187,'May'!AM187,'Jun'!AM187,'Jul'!AM187,'Aug'!AM187,'Sep'!AM187,'Oct'!AM187,'Nov'!AM187,'Dec'!AM187))
A53: =IF(Roster!$B$47="","",Roster!$B$47) | B53: =IF(Roster!$C$47="","",Roster!$C$47) | C53: =IF(Roster!$C$47="","",Roster!$F$47&"") | D53: =IF(Roster!$C$47="","",Roster!$G$47&"") | E53: =IF($B53="","",CHOOSE(MonthIdx,'Jan'!AI191,'Feb'!AI191,'Mar'!AI191,'Apr'!AI191,'May'!AI191,'Jun'!AI191,'Jul'!AI191,'Aug'!AI191,'Sep'!AI191,'Oct'!AI191,'Nov'!AI191,'Dec'!AI191)) | F53: =IF($B53="","",CHOOSE(MonthIdx,'Jan'!AJ191,'Feb'!AJ191,'Mar'!AJ191,'Apr'!AJ191,'May'!AJ191,'Jun'!AJ191,'Jul'!AJ191,'Aug'!AJ191,'Sep'!AJ191,'Oct'!AJ191,'Nov'!AJ191,'Dec'!AJ191)) | G53: =IF($B53="","",CHOOSE(MonthIdx,'Jan'!AK191,'Feb'!AK191,'Mar'!AK191,'Apr'!AK191,'May'!AK191,'Jun'!AK191,'Jul'!AK191,'Aug'!AK191,'Sep'!AK191,'Oct'!AK191,'Nov'!AK191,'Dec'!AK191)) | H53: =IF($B53="","",CHOOSE(MonthIdx,'Jan'!AL191,'Feb'!AL191,'Mar'!AL191,'Apr'!AL191,'May'!AL191,'Jun'!AL191,'Jul'!AL191,'Aug'!AL191,'Sep'!AL191,'Oct'!AL191,'Nov'!AL191,'Dec'!AL191)) | I53: =IF($B53="","",CHOOSE(MonthIdx,'Jan'!AM191,'Feb'!AM191,'Mar'!AM191,'Apr'!AM191,'May'!AM191,'Jun'!AM191,'Jul'!AM191,'Aug'!AM191,'Sep'!AM191,'Oct'!AM191,'Nov'!AM191,'Dec'!AM191))
A54: =IF(Roster!$B$48="","",Roster!$B$48) | B54: =IF(Roster!$C$48="","",Roster!$C$48) | C54: =IF(Roster!$C$48="","",Roster!$F$48&"") | D54: =IF(Roster!$C$48="","",Roster!$G$48&"") | E54: =IF($B54="","",CHOOSE(MonthIdx,'Jan'!AI195,'Feb'!AI195,'Mar'!AI195,'Apr'!AI195,'May'!AI195,'Jun'!AI195,'Jul'!AI195,'Aug'!AI195,'Sep'!AI195,'Oct'!AI195,'Nov'!AI195,'Dec'!AI195)) | F54: =IF($B54="","",CHOOSE(MonthIdx,'Jan'!AJ195,'Feb'!AJ195,'Mar'!AJ195,'Apr'!AJ195,'May'!AJ195,'Jun'!AJ195,'Jul'!AJ195,'Aug'!AJ195,'Sep'!AJ195,'Oct'!AJ195,'Nov'!AJ195,'Dec'!AJ195)) | G54: =IF($B54="","",CHOOSE(MonthIdx,'Jan'!AK195,'Feb'!AK195,'Mar'!AK195,'Apr'!AK195,'May'!AK195,'Jun'!AK195,'Jul'!AK195,'Aug'!AK195,'Sep'!AK195,'Oct'!AK195,'Nov'!AK195,'Dec'!AK195)) | H54: =IF($B54="","",CHOOSE(MonthIdx,'Jan'!AL195,'Feb'!AL195,'Mar'!AL195,'Apr'!AL195,'May'!AL195,'Jun'!AL195,'Jul'!AL195,'Aug'!AL195,'Sep'!AL195,'Oct'!AL195,'Nov'!AL195,'Dec'!AL195)) | I54: =IF($B54="","",CHOOSE(MonthIdx,'Jan'!AM195,'Feb'!AM195,'Mar'!AM195,'Apr'!AM195,'May'!AM195,'Jun'!AM195,'Jul'!AM195,'Aug'!AM195,'Sep'!AM195,'Oct'!AM195,'Nov'!AM195,'Dec'!AM195))
A55: =IF(Roster!$B$49="","",Roster!$B$49) | B55: =IF(Roster!$C$49="","",Roster!$C$49) | C55: =IF(Roster!$C$49="","",Roster!$F$49&"") | D55: =IF(Roster!$C$49="","",Roster!$G$49&"") | E55: =IF($B55="","",CHOOSE(MonthIdx,'Jan'!AI199,'Feb'!AI199,'Mar'!AI199,'Apr'!AI199,'May'!AI199,'Jun'!AI199,'Jul'!AI199,'Aug'!AI199,'Sep'!AI199,'Oct'!AI199,'Nov'!AI199,'Dec'!AI199)) | F55: =IF($B55="","",CHOOSE(MonthIdx,'Jan'!AJ199,'Feb'!AJ199,'Mar'!AJ199,'Apr'!AJ199,'May'!AJ199,'Jun'!AJ199,'Jul'!AJ199,'Aug'!AJ199,'Sep'!AJ199,'Oct'!AJ199,'Nov'!AJ199,'Dec'!AJ199)) | G55: =IF($B55="","",CHOOSE(MonthIdx,'Jan'!AK199,'Feb'!AK199,'Mar'!AK199,'Apr'!AK199,'May'!AK199,'Jun'!AK199,'Jul'!AK199,'Aug'!AK199,'Sep'!AK199,'Oct'!AK199,'Nov'!AK199,'Dec'!AK199)) | H55: =IF($B55="","",CHOOSE(MonthIdx,'Jan'!AL199,'Feb'!AL199,'Mar'!AL199,'Apr'!AL199,'May'!AL199,'Jun'!AL199,'Jul'!AL199,'Aug'!AL199,'Sep'!AL199,'Oct'!AL199,'Nov'!AL199,'Dec'!AL199)) | I55: =IF($B55="","",CHOOSE(MonthIdx,'Jan'!AM199,'Feb'!AM199,'Mar'!AM199,'Apr'!AM199,'May'!AM199,'Jun'!AM199,'Jul'!AM199,'Aug'!AM199,'Sep'!AM199,'Oct'!AM199,'Nov'!AM199,'Dec'!AM199))
A56: =IF(Roster!$B$50="","",Roster!$B$50) | B56: =IF(Roster!$C$50="","",Roster!$C$50) | C56: =IF(Roster!$C$50="","",Roster!$F$50&"") | D56: =IF(Roster!$C$50="","",Roster!$G$50&"") | E56: =IF($B56="","",CHOOSE(MonthIdx,'Jan'!AI203,'Feb'!AI203,'Mar'!AI203,'Apr'!AI203,'May'!AI203,'Jun'!AI203,'Jul'!AI203,'Aug'!AI203,'Sep'!AI203,'Oct'!AI203,'Nov'!AI203,'Dec'!AI203)) | F56: =IF($B56="","",CHOOSE(MonthIdx,'Jan'!AJ203,'Feb'!AJ203,'Mar'!AJ203,'Apr'!AJ203,'May'!AJ203,'Jun'!AJ203,'Jul'!AJ203,'Aug'!AJ203,'Sep'!AJ203,'Oct'!AJ203,'Nov'!AJ203,'Dec'!AJ203)) | G56: =IF($B56="","",CHOOSE(MonthIdx,'Jan'!AK203,'Feb'!AK203,'Mar'!AK203,'Apr'!AK203,'May'!AK203,'Jun'!AK203,'Jul'!AK203,'Aug'!AK203,'Sep'!AK203,'Oct'!AK203,'Nov'!AK203,'Dec'!AK203)) | H56: =IF($B56="","",CHOOSE(MonthIdx,'Jan'!AL203,'Feb'!AL203,'Mar'!AL203,'Apr'!AL203,'May'!AL203,'Jun'!AL203,'Jul'!AL203,'Aug'!AL203,'Sep'!AL203,'Oct'!AL203,'Nov'!AL203,'Dec'!AL203)) | I56: =IF($B56="","",CHOOSE(MonthIdx,'Jan'!AM203,'Feb'!AM203,'Mar'!AM203,'Apr'!AM203,'May'!AM203,'Jun'!AM203,'Jul'!AM203,'Aug'!AM203,'Sep'!AM203,'Oct'!AM203,'Nov'!AM203,'Dec'!AM203))
A57: =IF(Roster!$B$51="","",Roster!$B$51) | B57: =IF(Roster!$C$51="","",Roster!$C$51) | C57: =IF(Roster!$C$51="","",Roster!$F$51&"") | D57: =IF(Roster!$C$51="","",Roster!$G$51&"") | E57: =IF($B57="","",CHOOSE(MonthIdx,'Jan'!AI207,'Feb'!AI207,'Mar'!AI207,'Apr'!AI207,'May'!AI207,'Jun'!AI207,'Jul'!AI207,'Aug'!AI207,'Sep'!AI207,'Oct'!AI207,'Nov'!AI207,'Dec'!AI207)) | F57: =IF($B57="","",CHOOSE(MonthIdx,'Jan'!AJ207,'Feb'!AJ207,'Mar'!AJ207,'Apr'!AJ207,'May'!AJ207,'Jun'!AJ207,'Jul'!AJ207,'Aug'!AJ207,'Sep'!AJ207,'Oct'!AJ207,'Nov'!AJ207,'Dec'!AJ207)) | G57: =IF($B57="","",CHOOSE(MonthIdx,'Jan'!AK207,'Feb'!AK207,'Mar'!AK207,'Apr'!AK207,'May'!AK207,'Jun'!AK207,'Jul'!AK207,'Aug'!AK207,'Sep'!AK207,'Oct'!AK207,'Nov'!AK207,'Dec'!AK207)) | H57: =IF($B57="","",CHOOSE(MonthIdx,'Jan'!AL207,'Feb'!AL207,'Mar'!AL207,'Apr'!AL207,'May'!AL207,'Jun'!AL207,'Jul'!AL207,'Aug'!AL207,'Sep'!AL207,'Oct'!AL207,'Nov'!AL207,'Dec'!AL207)) | I57: =IF($B57="","",CHOOSE(MonthIdx,'Jan'!AM207,'Feb'!AM207,'Mar'!AM207,'Apr'!AM207,'May'!AM207,'Jun'!AM207,'Jul'!AM207,'Aug'!AM207,'Sep'!AM207,'Oct'!AM207,'Nov'!AM207,'Dec'!AM207))
A58: =IF(Roster!$B$52="","",Roster!$B$52) | B58: =IF(Roster!$C$52="","",Roster!$C$52) | C58: =IF(Roster!$C$52="","",Roster!$F$52&"") | D58: =IF(Roster!$C$52="","",Roster!$G$52&"") | E58: =IF($B58="","",CHOOSE(MonthIdx,'Jan'!AI211,'Feb'!AI211,'Mar'!AI211,'Apr'!AI211,'May'!AI211,'Jun'!AI211,'Jul'!AI211,'Aug'!AI211,'Sep'!AI211,'Oct'!AI211,'Nov'!AI211,'Dec'!AI211)) | F58: =IF($B58="","",CHOOSE(MonthIdx,'Jan'!AJ211,'Feb'!AJ211,'Mar'!AJ211,'Apr'!AJ211,'May'!AJ211,'Jun'!AJ211,'Jul'!AJ211,'Aug'!AJ211,'Sep'!AJ211,'Oct'!AJ211,'Nov'!AJ211,'Dec'!AJ211)) | G58: =IF($B58="","",CHOOSE(MonthIdx,'Jan'!AK211,'Feb'!AK211,'Mar'!AK211,'Apr'!AK211,'May'!AK211,'Jun'!AK211,'Jul'!AK211,'Aug'!AK211,'Sep'!AK211,'Oct'!AK211,'Nov'!AK211,'Dec'!AK211)) | H58: =IF($B58="","",CHOOSE(MonthIdx,'Jan'!AL211,'Feb'!AL211,'Mar'!AL211,'Apr'!AL211,'May'!AL211,'Jun'!AL211,'Jul'!AL211,'Aug'!AL211,'Sep'!AL211,'Oct'!AL211,'Nov'!AL211,'Dec'!AL211)) | I58: =IF($B58="","",CHOOSE(MonthIdx,'Jan'!AM211,'Feb'!AM211,'Mar'!AM211,'Apr'!AM211,'May'!AM211,'Jun'!AM211,'Jul'!AM211,'Aug'!AM211,'Sep'!AM211,'Oct'!AM211,'Nov'!AM211,'Dec'!AM211))
A59: =IF(Roster!$B$53="","",Roster!$B$53) | B59: =IF(Roster!$C$53="","",Roster!$C$53) | C59: =IF(Roster!$C$53="","",Roster!$F$53&"") | D59: =IF(Roster!$C$53="","",Roster!$G$53&"") | E59: =IF($B59="","",CHOOSE(MonthIdx,'Jan'!AI215,'Feb'!AI215,'Mar'!AI215,'Apr'!AI215,'May'!AI215,'Jun'!AI215,'Jul'!AI215,'Aug'!AI215,'Sep'!AI215,'Oct'!AI215,'Nov'!AI215,'Dec'!AI215)) | F59: =IF($B59="","",CHOOSE(MonthIdx,'Jan'!AJ215,'Feb'!AJ215,'Mar'!AJ215,'Apr'!AJ215,'May'!AJ215,'Jun'!AJ215,'Jul'!AJ215,'Aug'!AJ215,'Sep'!AJ215,'Oct'!AJ215,'Nov'!AJ215,'Dec'!AJ215)) | G59: =IF($B59="","",CHOOSE(MonthIdx,'Jan'!AK215,'Feb'!AK215,'Mar'!AK215,'Apr'!AK215,'May'!AK215,'Jun'!AK215,'Jul'!AK215,'Aug'!AK215,'Sep'!AK215,'Oct'!AK215,'Nov'!AK215,'Dec'!AK215)) | H59: =IF($B59="","",CHOOSE(MonthIdx,'Jan'!AL215,'Feb'!AL215,'Mar'!AL215,'Apr'!AL215,'May'!AL215,'Jun'!AL215,'Jul'!AL215,'Aug'!AL215,'Sep'!AL215,'Oct'!AL215,'Nov'!AL215,'Dec'!AL215)) | I59: =IF($B59="","",CHOOSE(MonthIdx,'Jan'!AM215,'Feb'!AM215,'Mar'!AM215,'Apr'!AM215,'May'!AM215,'Jun'!AM215,'Jul'!AM215,'Aug'!AM215,'Sep'!AM215,'Oct'!AM215,'Nov'!AM215,'Dec'!AM215))
A60: =IF(Roster!$B$54="","",Roster!$B$54) | B60: =IF(Roster!$C$54="","",Roster!$C$54) | C60: =IF(Roster!$C$54="","",Roster!$F$54&"") | D60: =IF(Roster!$C$54="","",Roster!$G$54&"") | E60: =IF($B60="","",CHOOSE(MonthIdx,'Jan'!AI219,'Feb'!AI219,'Mar'!AI219,'Apr'!AI219,'May'!AI219,'Jun'!AI219,'Jul'!AI219,'Aug'!AI219,'Sep'!AI219,'Oct'!AI219,'Nov'!AI219,'Dec'!AI219)) | F60: =IF($B60="","",CHOOSE(MonthIdx,'Jan'!AJ219,'Feb'!AJ219,'Mar'!AJ219,'Apr'!AJ219,'May'!AJ219,'Jun'!AJ219,'Jul'!AJ219,'Aug'!AJ219,'Sep'!AJ219,'Oct'!AJ219,'Nov'!AJ219,'Dec'!AJ219)) | G60: =IF($B60="","",CHOOSE(MonthIdx,'Jan'!AK219,'Feb'!AK219,'Mar'!AK219,'Apr'!AK219,'May'!AK219,'Jun'!AK219,'Jul'!AK219,'Aug'!AK219,'Sep'!AK219,'Oct'!AK219,'Nov'!AK219,'Dec'!AK219)) | H60: =IF($B60="","",CHOOSE(MonthIdx,'Jan'!AL219,'Feb'!AL219,'Mar'!AL219,'Apr'!AL219,'May'!AL219,'Jun'!AL219,'Jul'!AL219,'Aug'!AL219,'Sep'!AL219,'Oct'!AL219,'Nov'!AL219,'Dec'!AL219)) | I60: =IF($B60="","",CHOOSE(MonthIdx,'Jan'!AM219,'Feb'!AM219,'Mar'!AM219,'Apr'!AM219,'May'!AM219,'Jun'!AM219,'Jul'!AM219,'Aug'!AM219,'Sep'!AM219,'Oct'!AM219,'Nov'!AM219,'Dec'!AM219))
A61: =IF(Roster!$B$55="","",Roster!$B$55) | B61: =IF(Roster!$C$55="","",Roster!$C$55) | C61: =IF(Roster!$C$55="","",Roster!$F$55&"") | D61: =IF(Roster!$C$55="","",Roster!$G$55&"") | E61: =IF($B61="","",CHOOSE(MonthIdx,'Jan'!AI223,'Feb'!AI223,'Mar'!AI223,'Apr'!AI223,'May'!AI223,'Jun'!AI223,'Jul'!AI223,'Aug'!AI223,'Sep'!AI223,'Oct'!AI223,'Nov'!AI223,'Dec'!AI223)) | F61: =IF($B61="","",CHOOSE(MonthIdx,'Jan'!AJ223,'Feb'!AJ223,'Mar'!AJ223,'Apr'!AJ223,'May'!AJ223,'Jun'!AJ223,'Jul'!AJ223,'Aug'!AJ223,'Sep'!AJ223,'Oct'!AJ223,'Nov'!AJ223,'Dec'!AJ223)) | G61: =IF($B61="","",CHOOSE(MonthIdx,'Jan'!AK223,'Feb'!AK223,'Mar'!AK223,'Apr'!AK223,'May'!AK223,'Jun'!AK223,'Jul'!AK223,'Aug'!AK223,'Sep'!AK223,'Oct'!AK223,'Nov'!AK223,'Dec'!AK223)) | H61: =IF($B61="","",CHOOSE(MonthIdx,'Jan'!AL223,'Feb'!AL223,'Mar'!AL223,'Apr'!AL223,'May'!AL223,'Jun'!AL223,'Jul'!AL223,'Aug'!AL223,'Sep'!AL223,'Oct'!AL223,'Nov'!AL223,'Dec'!AL223)) | I61: =IF($B61="","",CHOOSE(MonthIdx,'Jan'!AM223,'Feb'!AM223,'Mar'!AM223,'Apr'!AM223,'May'!AM223,'Jun'!AM223,'Jul'!AM223,'Aug'!AM223,'Sep'!AM223,'Oct'!AM223,'Nov'!AM223,'Dec'!AM223))
A62: =IF(Roster!$B$56="","",Roster!$B$56) | B62: =IF(Roster!$C$56="","",Roster!$C$56) | C62: =IF(Roster!$C$56="","",Roster!$F$56&"") | D62: =IF(Roster!$C$56="","",Roster!$G$56&"") | E62: =IF($B62="","",CHOOSE(MonthIdx,'Jan'!AI227,'Feb'!AI227,'Mar'!AI227,'Apr'!AI227,'May'!AI227,'Jun'!AI227,'Jul'!AI227,'Aug'!AI227,'Sep'!AI227,'Oct'!AI227,'Nov'!AI227,'Dec'!AI227)) | F62: =IF($B62="","",CHOOSE(MonthIdx,'Jan'!AJ227,'Feb'!AJ227,'Mar'!AJ227,'Apr'!AJ227,'May'!AJ227,'Jun'!AJ227,'Jul'!AJ227,'Aug'!AJ227,'Sep'!AJ227,'Oct'!AJ227,'Nov'!AJ227,'Dec'!AJ227)) | G62: =IF($B62="","",CHOOSE(MonthIdx,'Jan'!AK227,'Feb'!AK227,'Mar'!AK227,'Apr'!AK227,'May'!AK227,'Jun'!AK227,'Jul'!AK227,'Aug'!AK227,'Sep'!AK227,'Oct'!AK227,'Nov'!AK227,'Dec'!AK227)) | H62: =IF($B62="","",CHOOSE(MonthIdx,'Jan'!AL227,'Feb'!AL227,'Mar'!AL227,'Apr'!AL227,'May'!AL227,'Jun'!AL227,'Jul'!AL227,'Aug'!AL227,'Sep'!AL227,'Oct'!AL227,'Nov'!AL227,'Dec'!AL227)) | I62: =IF($B62="","",CHOOSE(MonthIdx,'Jan'!AM227,'Feb'!AM227,'Mar'!AM227,'Apr'!AM227,'May'!AM227,'Jun'!AM227,'Jul'!AM227,'Aug'!AM227,'Sep'!AM227,'Oct'!AM227,'Nov'!AM227,'Dec'!AM227))
A63: =IF(Roster!$B$57="","",Roster!$B$57) | B63: =IF(Roster!$C$57="","",Roster!$C$57) | C63: =IF(Roster!$C$57="","",Roster!$F$57&"") | D63: =IF(Roster!$C$57="","",Roster!$G$57&"") | E63: =IF($B63="","",CHOOSE(MonthIdx,'Jan'!AI231,'Feb'!AI231,'Mar'!AI231,'Apr'!AI231,'May'!AI231,'Jun'!AI231,'Jul'!AI231,'Aug'!AI231,'Sep'!AI231,'Oct'!AI231,'Nov'!AI231,'Dec'!AI231)) | F63: =IF($B63="","",CHOOSE(MonthIdx,'Jan'!AJ231,'Feb'!AJ231,'Mar'!AJ231,'Apr'!AJ231,'May'!AJ231,'Jun'!AJ231,'Jul'!AJ231,'Aug'!AJ231,'Sep'!AJ231,'Oct'!AJ231,'Nov'!AJ231,'Dec'!AJ231)) | G63: =IF($B63="","",CHOOSE(MonthIdx,'Jan'!AK231,'Feb'!AK231,'Mar'!AK231,'Apr'!AK231,'May'!AK231,'Jun'!AK231,'Jul'!AK231,'Aug'!AK231,'Sep'!AK231,'Oct'!AK231,'Nov'!AK231,'Dec'!AK231)) | H63: =IF($B63="","",CHOOSE(MonthIdx,'Jan'!AL231,'Feb'!AL231,'Mar'!AL231,'Apr'!AL231,'May'!AL231,'Jun'!AL231,'Jul'!AL231,'Aug'!AL231,'Sep'!AL231,'Oct'!AL231,'Nov'!AL231,'Dec'!AL231)) | I63: =IF($B63="","",CHOOSE(MonthIdx,'Jan'!AM231,'Feb'!AM231,'Mar'!AM231,'Apr'!AM231,'May'!AM231,'Jun'!AM231,'Jul'!AM231,'Aug'!AM231,'Sep'!AM231,'Oct'!AM231,'Nov'!AM231,'Dec'!AM231))
A64: =IF(Roster!$B$58="","",Roster!$B$58) | B64: =IF(Roster!$C$58="","",Roster!$C$58) | C64: =IF(Roster!$C$58="","",Roster!$F$58&"") | D64: =IF(Roster!$C$58="","",Roster!$G$58&"") | E64: =IF($B64="","",CHOOSE(MonthIdx,'Jan'!AI235,'Feb'!AI235,'Mar'!AI235,'Apr'!AI235,'May'!AI235,'Jun'!AI235,'Jul'!AI235,'Aug'!AI235,'Sep'!AI235,'Oct'!AI235,'Nov'!AI235,'Dec'!AI235)) | F64: =IF($B64="","",CHOOSE(MonthIdx,'Jan'!AJ235,'Feb'!AJ235,'Mar'!AJ235,'Apr'!AJ235,'May'!AJ235,'Jun'!AJ235,'Jul'!AJ235,'Aug'!AJ235,'Sep'!AJ235,'Oct'!AJ235,'Nov'!AJ235,'Dec'!AJ235)) | G64: =IF($B64="","",CHOOSE(MonthIdx,'Jan'!AK235,'Feb'!AK235,'Mar'!AK235,'Apr'!AK235,'May'!AK235,'Jun'!AK235,'Jul'!AK235,'Aug'!AK235,'Sep'!AK235,'Oct'!AK235,'Nov'!AK235,'Dec'!AK235)) | H64: =IF($B64="","",CHOOSE(MonthIdx,'Jan'!AL235,'Feb'!AL235,'Mar'!AL235,'Apr'!AL235,'May'!AL235,'Jun'!AL235,'Jul'!AL235,'Aug'!AL235,'Sep'!AL235,'Oct'!AL235,'Nov'!AL235,'Dec'!AL235)) | I64: =IF($B64="","",CHOOSE(MonthIdx,'Jan'!AM235,'Feb'!AM235,'Mar'!AM235,'Apr'!AM235,'May'!AM235,'Jun'!AM235,'Jul'!AM235,'Aug'!AM235,'Sep'!AM235,'Oct'!AM235,'Nov'!AM235,'Dec'!AM235))
A65: =IF(Roster!$B$59="","",Roster!$B$59) | B65: =IF(Roster!$C$59="","",Roster!$C$59) | C65: =IF(Roster!$C$59="","",Roster!$F$59&"") | D65: =IF(Roster!$C$59="","",Roster!$G$59&"") | E65: =IF($B65="","",CHOOSE(MonthIdx,'Jan'!AI239,'Feb'!AI239,'Mar'!AI239,'Apr'!AI239,'May'!AI239,'Jun'!AI239,'Jul'!AI239,'Aug'!AI239,'Sep'!AI239,'Oct'!AI239,'Nov'!AI239,'Dec'!AI239)) | F65: =IF($B65="","",CHOOSE(MonthIdx,'Jan'!AJ239,'Feb'!AJ239,'Mar'!AJ239,'Apr'!AJ239,'May'!AJ239,'Jun'!AJ239,'Jul'!AJ239,'Aug'!AJ239,'Sep'!AJ239,'Oct'!AJ239,'Nov'!AJ239,'Dec'!AJ239)) | G65: =IF($B65="","",CHOOSE(MonthIdx,'Jan'!AK239,'Feb'!AK239,'Mar'!AK239,'Apr'!AK239,'May'!AK239,'Jun'!AK239,'Jul'!AK239,'Aug'!AK239,'Sep'!AK239,'Oct'!AK239,'Nov'!AK239,'Dec'!AK239)) | H65: =IF($B65="","",CHOOSE(MonthIdx,'Jan'!AL239,'Feb'!AL239,'Mar'!AL239,'Apr'!AL239,'May'!AL239,'Jun'!AL239,'Jul'!AL239,'Aug'!AL239,'Sep'!AL239,'Oct'!AL239,'Nov'!AL239,'Dec'!AL239)) | I65: =IF($B65="","",CHOOSE(MonthIdx,'Jan'!AM239,'Feb'!AM239,'Mar'!AM239,'Apr'!AM239,'May'!AM239,'Jun'!AM239,'Jul'!AM239,'Aug'!AM239,'Sep'!AM239,'Oct'!AM239,'Nov'!AM239,'Dec'!AM239))
A66: =IF(Roster!$B$60="","",Roster!$B$60) | B66: =IF(Roster!$C$60="","",Roster!$C$60) | C66: =IF(Roster!$C$60="","",Roster!$F$60&"") | D66: =IF(Roster!$C$60="","",Roster!$G$60&"") | E66: =IF($B66="","",CHOOSE(MonthIdx,'Jan'!AI243,'Feb'!AI243,'Mar'!AI243,'Apr'!AI243,'May'!AI243,'Jun'!AI243,'Jul'!AI243,'Aug'!AI243,'Sep'!AI243,'Oct'!AI243,'Nov'!AI243,'Dec'!AI243)) | F66: =IF($B66="","",CHOOSE(MonthIdx,'Jan'!AJ243,'Feb'!AJ243,'Mar'!AJ243,'Apr'!AJ243,'May'!AJ243,'Jun'!AJ243,'Jul'!AJ243,'Aug'!AJ243,'Sep'!AJ243,'Oct'!AJ243,'Nov'!AJ243,'Dec'!AJ243)) | G66: =IF($B66="","",CHOOSE(MonthIdx,'Jan'!AK243,'Feb'!AK243,'Mar'!AK243,'Apr'!AK243,'May'!AK243,'Jun'!AK243,'Jul'!AK243,'Aug'!AK243,'Sep'!AK243,'Oct'!AK243,'Nov'!AK243,'Dec'!AK243)) | H66: =IF($B66="","",CHOOSE(MonthIdx,'Jan'!AL243,'Feb'!AL243,'Mar'!AL243,'Apr'!AL243,'May'!AL243,'Jun'!AL243,'Jul'!AL243,'Aug'!AL243,'Sep'!AL243,'Oct'!AL243,'Nov'!AL243,'Dec'!AL243)) | I66: =IF($B66="","",CHOOSE(MonthIdx,'Jan'!AM243,'Feb'!AM243,'Mar'!AM243,'Apr'!AM243,'May'!AM243,'Jun'!AM243,'Jul'!AM243,'Aug'!AM243,'Sep'!AM243,'Oct'!AM243,'Nov'!AM243,'Dec'!AM243))
A67: =IF(Roster!$B$61="","",Roster!$B$61) | B67: =IF(Roster!$C$61="","",Roster!$C$61) | C67: =IF(Roster!$C$61="","",Roster!$F$61&"") | D67: =IF(Roster!$C$61="","",Roster!$G$61&"") | E67: =IF($B67="","",CHOOSE(MonthIdx,'Jan'!AI247,'Feb'!AI247,'Mar'!AI247,'Apr'!AI247,'May'!AI247,'Jun'!AI247,'Jul'!AI247,'Aug'!AI247,'Sep'!AI247,'Oct'!AI247,'Nov'!AI247,'Dec'!AI247)) | F67: =IF($B67="","",CHOOSE(MonthIdx,'Jan'!AJ247,'Feb'!AJ247,'Mar'!AJ247,'Apr'!AJ247,'May'!AJ247,'Jun'!AJ247,'Jul'!AJ247,'Aug'!AJ247,'Sep'!AJ247,'Oct'!AJ247,'Nov'!AJ247,'Dec'!AJ247)) | G67: =IF($B67="","",CHOOSE(MonthIdx,'Jan'!AK247,'Feb'!AK247,'Mar'!AK247,'Apr'!AK247,'May'!AK247,'Jun'!AK247,'Jul'!AK247,'Aug'!AK247,'Sep'!AK247,'Oct'!AK247,'Nov'!AK247,'Dec'!AK247)) | H67: =IF($B67="","",CHOOSE(MonthIdx,'Jan'!AL247,'Feb'!AL247,'Mar'!AL247,'Apr'!AL247,'May'!AL247,'Jun'!AL247,'Jul'!AL247,'Aug'!AL247,'Sep'!AL247,'Oct'!AL247,'Nov'!AL247,'Dec'!AL247)) | I67: =IF($B67="","",CHOOSE(MonthIdx,'Jan'!AM247,'Feb'!AM247,'Mar'!AM247,'Apr'!AM247,'May'!AM247,'Jun'!AM247,'Jul'!AM247,'Aug'!AM247,'Sep'!AM247,'Oct'!AM247,'Nov'!AM247,'Dec'!AM247))
A68: =IF(Roster!$B$62="","",Roster!$B$62) | B68: =IF(Roster!$C$62="","",Roster!$C$62) | C68: =IF(Roster!$C$62="","",Roster!$F$62&"") | D68: =IF(Roster!$C$62="","",Roster!$G$62&"") | E68: =IF($B68="","",CHOOSE(MonthIdx,'Jan'!AI251,'Feb'!AI251,'Mar'!AI251,'Apr'!AI251,'May'!AI251,'Jun'!AI251,'Jul'!AI251,'Aug'!AI251,'Sep'!AI251,'Oct'!AI251,'Nov'!AI251,'Dec'!AI251)) | F68: =IF($B68="","",CHOOSE(MonthIdx,'Jan'!AJ251,'Feb'!AJ251,'Mar'!AJ251,'Apr'!AJ251,'May'!AJ251,'Jun'!AJ251,'Jul'!AJ251,'Aug'!AJ251,'Sep'!AJ251,'Oct'!AJ251,'Nov'!AJ251,'Dec'!AJ251)) | G68: =IF($B68="","",CHOOSE(MonthIdx,'Jan'!AK251,'Feb'!AK251,'Mar'!AK251,'Apr'!AK251,'May'!AK251,'Jun'!AK251,'Jul'!AK251,'Aug'!AK251,'Sep'!AK251,'Oct'!AK251,'Nov'!AK251,'Dec'!AK251)) | H68: =IF($B68="","",CHOOSE(MonthIdx,'Jan'!AL251,'Feb'!AL251,'Mar'!AL251,'Apr'!AL251,'May'!AL251,'Jun'!AL251,'Jul'!AL251,'Aug'!AL251,'Sep'!AL251,'Oct'!AL251,'Nov'!AL251,'Dec'!AL251)) | I68: =IF($B68="","",CHOOSE(MonthIdx,'Jan'!AM251,'Feb'!AM251,'Mar'!AM251,'Apr'!AM251,'May'!AM251,'Jun'!AM251,'Jul'!AM251,'Aug'!AM251,'Sep'!AM251,'Oct'!AM251,'Nov'!AM251,'Dec'!AM251))
A69: =IF(Roster!$B$63="","",Roster!$B$63) | B69: =IF(Roster!$C$63="","",Roster!$C$63) | C69: =IF(Roster!$C$63="","",Roster!$F$63&"") | D69: =IF(Roster!$C$63="","",Roster!$G$63&"") | E69: =IF($B69="","",CHOOSE(MonthIdx,'Jan'!AI255,'Feb'!AI255,'Mar'!AI255,'Apr'!AI255,'May'!AI255,'Jun'!AI255,'Jul'!AI255,'Aug'!AI255,'Sep'!AI255,'Oct'!AI255,'Nov'!AI255,'Dec'!AI255)) | F69: =IF($B69="","",CHOOSE(MonthIdx,'Jan'!AJ255,'Feb'!AJ255,'Mar'!AJ255,'Apr'!AJ255,'May'!AJ255,'Jun'!AJ255,'Jul'!AJ255,'Aug'!AJ255,'Sep'!AJ255,'Oct'!AJ255,'Nov'!AJ255,'Dec'!AJ255)) | G69: =IF($B69="","",CHOOSE(MonthIdx,'Jan'!AK255,'Feb'!AK255,'Mar'!AK255,'Apr'!AK255,'May'!AK255,'Jun'!AK255,'Jul'!AK255,'Aug'!AK255,'Sep'!AK255,'Oct'!AK255,'Nov'!AK255,'Dec'!AK255)) | H69: =IF($B69="","",CHOOSE(MonthIdx,'Jan'!AL255,'Feb'!AL255,'Mar'!AL255,'Apr'!AL255,'May'!AL255,'Jun'!AL255,'Jul'!AL255,'Aug'!AL255,'Sep'!AL255,'Oct'!AL255,'Nov'!AL255,'Dec'!AL255)) | I69: =IF($B69="","",CHOOSE(MonthIdx,'Jan'!AM255,'Feb'!AM255,'Mar'!AM255,'Apr'!AM255,'May'!AM255,'Jun'!AM255,'Jul'!AM255,'Aug'!AM255,'Sep'!AM255,'Oct'!AM255,'Nov'!AM255,'Dec'!AM255))
A70: =IF(Roster!$B$64="","",Roster!$B$64) | B70: =IF(Roster!$C$64="","",Roster!$C$64) | C70: =IF(Roster!$C$64="","",Roster!$F$64&"") | D70: =IF(Roster!$C$64="","",Roster!$G$64&"") | E70: =IF($B70="","",CHOOSE(MonthIdx,'Jan'!AI259,'Feb'!AI259,'Mar'!AI259,'Apr'!AI259,'May'!AI259,'Jun'!AI259,'Jul'!AI259,'Aug'!AI259,'Sep'!AI259,'Oct'!AI259,'Nov'!AI259,'Dec'!AI259)) | F70: =IF($B70="","",CHOOSE(MonthIdx,'Jan'!AJ259,'Feb'!AJ259,'Mar'!AJ259,'Apr'!AJ259,'May'!AJ259,'Jun'!AJ259,'Jul'!AJ259,'Aug'!AJ259,'Sep'!AJ259,'Oct'!AJ259,'Nov'!AJ259,'Dec'!AJ259)) | G70: =IF($B70="","",CHOOSE(MonthIdx,'Jan'!AK259,'Feb'!AK259,'Mar'!AK259,'Apr'!AK259,'May'!AK259,'Jun'!AK259,'Jul'!AK259,'Aug'!AK259,'Sep'!AK259,'Oct'!AK259,'Nov'!AK259,'Dec'!AK259)) | H70: =IF($B70="","",CHOOSE(MonthIdx,'Jan'!AL259,'Feb'!AL259,'Mar'!AL259,'Apr'!AL259,'May'!AL259,'Jun'!AL259,'Jul'!AL259,'Aug'!AL259,'Sep'!AL259,'Oct'!AL259,'Nov'!AL259,'Dec'!AL259)) | I70: =IF($B70="","",CHOOSE(MonthIdx,'Jan'!AM259,'Feb'!AM259,'Mar'!AM259,'Apr'!AM259,'May'!AM259,'Jun'!AM259,'Jul'!AM259,'Aug'!AM259,'Sep'!AM259,'Oct'!AM259,'Nov'!AM259,'Dec'!AM259))
A71: =IF(Roster!$B$65="","",Roster!$B$65) | B71: =IF(Roster!$C$65="","",Roster!$C$65) | C71: =IF(Roster!$C$65="","",Roster!$F$65&"") | D71: =IF(Roster!$C$65="","",Roster!$G$65&"") | E71: =IF($B71="","",CHOOSE(MonthIdx,'Jan'!AI263,'Feb'!AI263,'Mar'!AI263,'Apr'!AI263,'May'!AI263,'Jun'!AI263,'Jul'!AI263,'Aug'!AI263,'Sep'!AI263,'Oct'!AI263,'Nov'!AI263,'Dec'!AI263)) | F71: =IF($B71="","",CHOOSE(MonthIdx,'Jan'!AJ263,'Feb'!AJ263,'Mar'!AJ263,'Apr'!AJ263,'May'!AJ263,'Jun'!AJ263,'Jul'!AJ263,'Aug'!AJ263,'Sep'!AJ263,'Oct'!AJ263,'Nov'!AJ263,'Dec'!AJ263)) | G71: =IF($B71="","",CHOOSE(MonthIdx,'Jan'!AK263,'Feb'!AK263,'Mar'!AK263,'Apr'!AK263,'May'!AK263,'Jun'!AK263,'Jul'!AK263,'Aug'!AK263,'Sep'!AK263,'Oct'!AK263,'Nov'!AK263,'Dec'!AK263)) | H71: =IF($B71="","",CHOOSE(MonthIdx,'Jan'!AL263,'Feb'!AL263,'Mar'!AL263,'Apr'!AL263,'May'!AL263,'Jun'!AL263,'Jul'!AL263,'Aug'!AL263,'Sep'!AL263,'Oct'!AL263,'Nov'!AL263,'Dec'!AL263)) | I71: =IF($B71="","",CHOOSE(MonthIdx,'Jan'!AM263,'Feb'!AM263,'Mar'!AM263,'Apr'!AM263,'May'!AM263,'Jun'!AM263,'Jul'!AM263,'Aug'!AM263,'Sep'!AM263,'Oct'!AM263,'Nov'!AM263,'Dec'!AM263))
B72: Squadron total | E72: =SUM(E12:E71) | F72: =SUM(F12:F71) | G72: =SUM(G12:G71) | H72: =SUM(H12:H71) | I72: =SUM(I12:I71)
A75: ="YEAR OVERVIEW | "&$A$5
A76: Month | B76: Flights | C76: Flying Hrs | D76: Ground Duties | E76: SDO Planned | F76: SDO Days Uncovered | G76: Uncrewed Shifts
A77: =HYPERLINK("#'Jan'!D27","January") | B77: ='Jan'!D3 | C77: ='Jan'!E3 | D77: ='Jan'!F3 | E77: ='Jan'!G3 | F77: ='Jan'!I3 | G77: ='Jan'!J3
A78: =HYPERLINK("#'Feb'!D27","February") | B78: ='Feb'!D3 | C78: ='Feb'!E3 | D78: ='Feb'!F3 | E78: ='Feb'!G3 | F78: ='Feb'!I3 | G78: ='Feb'!J3
A79: =HYPERLINK("#'Mar'!D27","March") | B79: ='Mar'!D3 | C79: ='Mar'!E3 | D79: ='Mar'!F3 | E79: ='Mar'!G3 | F79: ='Mar'!I3 | G79: ='Mar'!J3
A80: =HYPERLINK("#'Apr'!D27","April") | B80: ='Apr'!D3 | C80: ='Apr'!E3 | D80: ='Apr'!F3 | E80: ='Apr'!G3 | F80: ='Apr'!I3 | G80: ='Apr'!J3
A81: =HYPERLINK("#'May'!D27","May") | B81: ='May'!D3 | C81: ='May'!E3 | D81: ='May'!F3 | E81: ='May'!G3 | F81: ='May'!I3 | G81: ='May'!J3
A82: =HYPERLINK("#'Jun'!D27","June") | B82: ='Jun'!D3 | C82: ='Jun'!E3 | D82: ='Jun'!F3 | E82: ='Jun'!G3 | F82: ='Jun'!I3 | G82: ='Jun'!J3
A83: =HYPERLINK("#'Jul'!D27","July") | B83: ='Jul'!D3 | C83: ='Jul'!E3 | D83: ='Jul'!F3 | E83: ='Jul'!G3 | F83: ='Jul'!I3 | G83: ='Jul'!J3
A84: =HYPERLINK("#'Aug'!D27","August") | B84: ='Aug'!D3 | C84: ='Aug'!E3 | D84: ='Aug'!F3 | E84: ='Aug'!G3 | F84: ='Aug'!I3 | G84: ='Aug'!J3
A85: =HYPERLINK("#'Sep'!D27","September") | B85: ='Sep'!D3 | C85: ='Sep'!E3 | D85: ='Sep'!F3 | E85: ='Sep'!G3 | F85: ='Sep'!I3 | G85: ='Sep'!J3
A86: =HYPERLINK("#'Oct'!D27","October") | B86: ='Oct'!D3 | C86: ='Oct'!E3 | D86: ='Oct'!F3 | E86: ='Oct'!G3 | F86: ='Oct'!I3 | G86: ='Oct'!J3
A87: =HYPERLINK("#'Nov'!D27","November") | B87: ='Nov'!D3 | C87: ='Nov'!E3 | D87: ='Nov'!F3 | E87: ='Nov'!G3 | F87: ='Nov'!I3 | G87: ='Nov'!J3
A88: =HYPERLINK("#'Dec'!D27","December") | B88: ='Dec'!D3 | C88: ='Dec'!E3 | D88: ='Dec'!F3 | E88: ='Dec'!G3 | F88: ='Dec'!I3 | G88: ='Dec'!J3
A89: Year | B89: =SUM(B77:B88) | C89: =SUM(C77:C88) | D89: =SUM(D77:D88) | E89: =SUM(E77:E88) | F89: =SUM(F77:F88) | G89: =SUM(G77:G88)

Sheet Guide
A1: LODESTAR FLIGHT & OPS PLANNER: HOW IT WORKS
A2: Offline, macro-free. Desktop Excel 2010 or later.
A4: ONE FILE PER DEPARTMENT
A5: Each department keeps its own copy of this workbook, with its own roster, flight programme and SDO days. The department name is on the Dashboard (cell G5).
A6: To see other departments, open the planner dashboard (the .html file), open your own Excel, then click 'Add other departments' and pick their Excel files. Each one shows as a read-only tab, and the SDO Plan tab combines everyone's SDO days.
A7: Duty days (BDO = Base Duty Officer, SDO = Squadron Duty Orderly) come from the Duty Planner's Duty Roster file. In the dashboard, open your own file, Add other departments and pick the Duty Roster, then on the Duty Planner tab click 'Copy my duty days from the Duty Roster' and Save to Excel.
A8: New department: copy an empty file, change the Department name on the Dashboard, and fill in its roster.
A10: SHEETS
A11: Dashboard: pick a year and month to see KPI cards, crew totals, the activity legend and the year overview. 'Open planner' jumps to that month.
A12: Jan to Dec: the planning matrix. Each crew member has AM, PM and NIGHT rows. Click a day cell and pick an activity from the dropdown.
A13: BDO Plan and SDO Plan: year calendars of your department's BDO and SDO days, copied from the Duty Roster. Each month tab shows them in the pink DUTY DAYS row and the table on the right lists the dates.
A14: DUTY DAYS row (month tabs): green when someone in your department has that duty planned (activity BDO or SDO), red when nobody does.
... A40: New year: in the dashboard Ops Room, Master Planner menu > Start new year. It archives this year's files and moves every file to the next year (crew, activities, currency dates and open down-chits carry over).

Sheet Daily View
A1: DAILY OPS VIEW | SUP 2
A2: Type a date to see who is on what. Shows today by default.
A4: DATE
A5: =TODAY() | C5: =IF(NOT(AND(A5>=DATE(PlanYear,1,1),A5<=DATE(PlanYear+1,1,31))),"Date is outside planning year "&PlanYear&" and January "&(PlanYear+1),"")
A7: FLIGHTS | C7: FLYING HRS | D7: SDO ON DUTY | E7: ON LEAVE | F7: AVAILABLE CREW | G7: DUTY DAY
A8: =IF(NOT(AND($A$5>=DATE(PlanYear,1,1),$A$5<=DATE(PlanYear+1,1,31))),"",INDEX({ref},1,DAY($A$5))) | C8: =IF(NOT(AND($A$5>=DATE(PlanYear,1,1),$A$5<=DATE(PlanYear+1,1,31))),"",INDEX({ref},1,DAY($A$5))) | D8: =IF(NOT(AND($A$5>=DATE(PlanYear,1,1),$A$5<=DATE(PlanYear+1,1,31))),"",INDEX({ref},1,DAY($A$5))) | E8: =IF(NOT(AND($A$5>=DATE(PlanYear,1,1),$A$5<=DATE(PlanYear+1,1,31))),"",INDEX({ref},1,DAY($A$5))) | F8: =IF(NOT(AND($A$5>=DATE(PlanYear,1,1),$A$5<=DATE(PlanYear+1,1,31))),"",INDEX({ref},1,DAY($A$5))) | G8: =IF(NOT(AND($A$5>=DATE(PlanYear,1,1),$A$5<=DATE(PlanYear+1,1,31))),"",IF(INDEX({sdoref},1,DAY($A$5))="","No",INDEX({sdoref},1,DAY($A$5))))
A10: Callsign | B10: Crew Member | C10: Role | D10: AM | E10: PM | F10: NIGHT | G10: WD
A11: =IF(Roster!$B$6="","",Roster!$B$6) | B11: =IF(Roster!$C$6="","",Roster!$C$6) | C11: =IF(Roster!$C$6="","",Roster!$F$6&IF(OR(Roster!$G$6="SANS",Roster!$G$6="NSMEN")," | "&Roster!$G$6,"")) | D11: =IF(OR($B11="",NOT(AND($A$5>=DATE(PlanYear,1,1),$A$5<=DATE(PlanYear+1,1,31)))),"",INDEX(CHOOSE(IF(YEAR($A$5)>PlanYear,13,MONTH($A$5)),'Jan'!$D$27:$AH$266,'Feb'!$D$27:$AH$266,'Mar'!$D$27:$AH$266,'Apr'!$D$27:$AH$266,'May'!$D$27:$AH$266,'Jun'!$D$27:$AH$266,'Jul'!$D$27:$AH$266,'Aug'!$D$27:$AH$266,'Sep'!$D$27:$AH$266,'Oct'!$D$27:$AH$266,'Nov'!$D$27:$AH$266,'Dec'!$D$27:$AH$266,'Jan (next year)'!$D$27:$AH$266),1,DAY($A$5))&"") | E11: =IF(OR($B11="",NOT(AND($A$5>=DATE(PlanYear,1,1),$A$5<=DATE(PlanYear+1,1,31)))),"",INDEX(CHOOSE(IF(YEAR($A$5)>PlanYear,13,MONTH($A$5)),'Jan'!$D$27:$AH$266,'Feb'!$D$27:$AH$266,'Mar'!$D$27:$AH$266,'Apr'!$D$27:$AH$266,'May'!$D$27:$AH$266,'Jun'!$D$27:$AH$266,'Jul'!$D$27:$AH$266,'Aug'!$D$27:$AH$266,'Sep'!$D$27:$AH$266,'Oct'!$D$27:$AH$266,'Nov'!$D$27:$AH$266,'Dec'!$D$27:$AH$266,'Jan (next year)'!$D$27:$AH$266),2,DAY($A$5))&"") | F11: =IF(OR($B11="",NOT(AND($A$5>=DATE(PlanYear,1,1),$A$5<=DATE(PlanYear+1,1,31)))),"",INDEX(CHOOSE(IF(YEAR($A$5)>PlanYear,13,MONTH($A$5)),'Jan'!$D$27:$AH$266,'Feb'!$D$27:$AH$266,'Mar'!$D$27:$AH$266,'Apr'!$D$27:$AH$266,'May'!$D$27:$AH$266,'Jun'!$D$27:$AH$266,'Jul'!$D$27:$AH$266,'Aug'!$D$27:$AH$266,'Sep'!$D$27:$AH$266,'Oct'!$D$27:$AH$266,'Nov'!$D$27:$AH$266,'Dec'!$D$27:$AH$266,'Jan (next year)'!$D$27:$AH$266),3,DAY($A$5))&"") | G11: =IF(OR($B11="",NOT(AND($A$5>=DATE(PlanYear,1,1),$A$5<=DATE(PlanYear+1,1,31)))),"",INDEX(CHOOSE(IF(YEAR($A$5)>PlanYear,13,MONTH($A$5)),'Jan'!$D$27:$AH$266,'Feb'!$D$27:$AH$266,'Mar'!$D$27:$AH$266,'Apr'!$D$27:$AH$266,'May'!$D$27:$AH$266,'Jun'!$D$27:$AH$266,'Jul'!$D$27:$AH$266,'Aug'!$D$27:$AH$266,'Sep'!$D$27:$AH$266,'Oct'!$D$27:$AH$266,'Nov'!$D$27:$AH$266,'Dec'!$D$27:$AH$266,'Jan (next year)'!$D$27:$AH$266),4,DAY($A$5))&"")
A12: =IF(Roster!$B$7="","",Roster!$B$7) | B12: =IF(Roster!$C$7="","",Roster!$C$7) | C12: =IF(Roster!$C$7="","",Roster!$F$7&IF(OR(Roster!$G$7="SANS",Roster!$G$7="NSMEN")," | "&Roster!$G$7,"")) | D12: =IF(OR($B12="",NOT(AND($A$5>=DATE(PlanYear,1,1),$A$5<=DATE(PlanYear+1,1,31)))),"",INDEX(CHOOSE(IF(YEAR($A$5)>PlanYear,13,MONTH($A$5)),'Jan'!$D$27:$AH$266,'Feb'!$D$27:$AH$266,'Mar'!$D$27:$AH$266,'Apr'!$D$27:$AH$266,'May'!$D$27:$AH$266,'Jun'!$D$27:$AH$266,'Jul'!$D$27:$AH$266,'Aug'!$D$27:$AH$266,'Sep'!$D$27:$AH$266,'Oct'!$D$27:$AH$266,'Nov'!$D$27:$AH$266,'Dec'!$D$27:$AH$266,'Jan (next year)'!$D$27:$AH$266),5,DAY($A$5))&"") | E12: =IF(OR($B12="",NOT(AND($A$5>=DATE(PlanYear,1,1),$A$5<=DATE(PlanYear+1,1,31)))),"",INDEX(CHOOSE(IF(YEAR($A$5)>PlanYear,13,MONTH($A$5)),'Jan'!$D$27:$AH$266,'Feb'!$D$27:$AH$266,'Mar'!$D$27:$AH$266,'Apr'!$D$27:$AH$266,'May'!$D$27:$AH$266,'Jun'!$D$27:$AH$266,'Jul'!$D$27:$AH$266,'Aug'!$D$27:$AH$266,'Sep'!$D$27:$AH$266,'Oct'!$D$27:$AH$266,'Nov'!$D$27:$AH$266,'Dec'!$D$27:$AH$266,'Jan (next year)'!$D$27:$AH$266),6,DAY($A$5))&"") | F12: =IF(OR($B12="",NOT(AND($A$5>=DATE(PlanYear,1,1),$A$5<=DATE(PlanYear+1,1,31)))),"",INDEX(CHOOSE(IF(YEAR($A$5)>PlanYear,13,MONTH($A$5)),'Jan'!$D$27:$AH$266,'Feb'!$D$27:$AH$266,'Mar'!$D$27:$AH$266,'Apr'!$D$27:$AH$266,'May'!$D$27:$AH$266,'Jun'!$D$27:$AH$266,'Jul'!$D$27:$AH$266,'Aug'!$D$27:$AH$266,'Sep'!$D$27:$AH$266,'Oct'!$D$27:$AH$266,'Nov'!$D$27:$AH$266,'Dec'!$D$27:$AH$266,'Jan (next year)'!$D$27:$AH$266),7,DAY($A$5))&"") | G12: =IF(OR($B12="",NOT(AND($A$5>=DATE(PlanYear,1,1),$A$5<=DATE(PlanYear+1,1,31)))),"",INDEX(CHOOSE(IF(YEAR($A$5)>PlanYear,13,MONTH($A$5)),'Jan'!$D$27:$AH$266,'Feb'!$D$27:$AH$266,'Mar'!$D$27:$AH$266,'Apr'!$D$27:$AH$266,'May'!$D$27:$AH$266,'Jun'!$D$27:$AH$266,'Jul'!$D$27:$AH$266,'Aug'!$D$27:$AH$266,'Sep'!$D$27:$AH$266,'Oct'!$D$27:$AH$266,'Nov'!$D$27:$AH$266,'Dec'!$D$27:$AH$266,'Jan (next year)'!$D$27:$AH$266),8,DAY($A$5))&"")
A13: =IF(Roster!$B$8="","",Roster!$B$8) | B13: =IF(Roster!$C$8="","",Roster!$C$8) | C13: =IF(Roster!$C$8="","",Roster!$F$8&IF(OR(Roster!$G$8="SANS",Roster!$G$8="NSMEN")," | "&Roster!$G$8,"")) | D13: =IF(OR($B13="",NOT(AND($A$5>=DATE(PlanYear,1,1),$A$5<=DATE(PlanYear+1,1,31)))),"",INDEX(CHOOSE(IF(YEAR($A$5)>PlanYear,13,MONTH($A$5)),'Jan'!$D$27:$AH$266,'Feb'!$D$27:$AH$266,'Mar'!$D$27:$AH$266,'Apr'!$D$27:$AH$266,'May'!$D$27:$AH$266,'Jun'!$D$27:$AH$266,'Jul'!$D$27:$AH$266,'Aug'!$D$27:$AH$266,'Sep'!$D$27:$AH$266,'Oct'!$D$27:$AH$266,'Nov'!$D$27:$AH$266,'Dec'!$D$27:$AH$266,'Jan (next year)'!$D$27:$AH$266),9,DAY($A$5))&"") | E13: =IF(OR($B13="",NOT(AND($A$5>=DATE(PlanYear,1,1),$A$5<=DATE(PlanYear+1,1,31)))),"",INDEX(CHOOSE(IF(YEAR($A$5)>PlanYear,13,MONTH($A$5)),'Jan'!$D$27:$AH$266,'Feb'!$D$27:$AH$266,'Mar'!$D$27:$AH$266,'Apr'!$D$27:$AH$266,'May'!$D$27:$AH$266,'Jun'!$D$27:$AH$266,'Jul'!$D$27:$AH$266,'Aug'!$D$27:$AH$266,'Sep'!$D$27:$AH$266,'Oct'!$D$27:$AH$266,'Nov'!$D$27:$AH$266,'Dec'!$D$27:$AH$266,'Jan (next year)'!$D$27:$AH$266),10,DAY($A$5))&"") | F13: =IF(OR($B13="",NOT(AND($A$5>=DATE(PlanYear,1,1),$A$5<=DATE(PlanYear+1,1,31)))),"",INDEX(CHOOSE(IF(YEAR($A$5)>PlanYear,13,MONTH($A$5)),'Jan'!$D$27:$AH$266,'Feb'!$D$27:$AH$266,'Mar'!$D$27:$AH$266,'Apr'!$D$27:$AH$266,'May'!$D$27:$AH$266,'Jun'!$D$27:$AH$266,'Jul'!$D$27:$AH$266,'Aug'!$D$27:$AH$266,'Sep'!$D$27:$AH$266,'Oct'!$D$27:$AH$266,'Nov'!$D$27:$AH$266,'Dec'!$D$27:$AH$266,'Jan (next year)'!$D$27:$AH$266),11,DAY($A$5))&"") | G13: =IF(OR($B13="",NOT(AND($A$5>=DATE(PlanYear,1,1),$A$5<=DATE(PlanYear+1,1,31)))),"",INDEX(CHOOSE(IF(YEAR($A$5)>PlanYear,13,MONTH($A$5)),'Jan'!$D$27:$AH$266,'Feb'!$D$27:$AH$266,'Mar'!$D$27:$AH$266,'Apr'!$D$27:$AH$266,'May'!$D$27:$AH$266,'Jun'!$D$27:$AH$266,'Jul'!$D$27:$AH$266,'Aug'!$D$27:$AH$266,'Sep'!$D$27:$AH$266,'Oct'!$D$27:$AH$266,'Nov'!$D$27:$AH$266,'Dec'!$D$27:$AH$266,'Jan (next year)'!$D$27:$AH$266),12,DAY($A$5))&"")
A14: =IF(Roster!$B$9="","",Roster!$B$9) | B14: =IF(Roster!$C$9="","",Roster!$C$9) | C14: =IF(Roster!$C$9="","",Roster!$F$9&IF(OR(Roster!$G$9="SANS",Roster!$G$9="NSMEN")," | "&Roster!$G$9,"")) | D14: =IF(OR($B14="",NOT(AND($A$5>=DATE(PlanYear,1,1),$A$5<=DATE(PlanYear+1,1,31)))),"",INDEX(CHOOSE(IF(YEAR($A$5)>PlanYear,13,MONTH($A$5)),'Jan'!$D$27:$AH$266,'Feb'!$D$27:$AH$266,'Mar'!$D$27:$AH$266,'Apr'!$D$27:$AH$266,'May'!$D$27:$AH$266,'Jun'!$D$27:$AH$266,'Jul'!$D$27:$AH$266,'Aug'!$D$27:$AH$266,'Sep'!$D$27:$AH$266,'Oct'!$D$27:$AH$266,'Nov'!$D$27:$AH$266,'Dec'!$D$27:$AH$266,'Jan (next year)'!$D$27:$AH$266),13,DAY($A$5))&"") | E14: =IF(OR($B14="",NOT(AND($A$5>=DATE(PlanYear,1,1),$A$5<=DATE(PlanYear+1,1,31)))),"",INDEX(CHOOSE(IF(YEAR($A$5)>PlanYear,13,MONTH($A$5)),'Jan'!$D$27:$AH$266,'Feb'!$D$27:$AH$266,'Mar'!$D$27:$AH$266,'Apr'!$D$27:$AH$266,'May'!$D$27:$AH$266,'Jun'!$D$27:$AH$266,'Jul'!$D$27:$AH$266,'Aug'!$D$27:$AH$266,'Sep'!$D$27:$AH$266,'Oct'!$D$27:$AH$266,'Nov'!$D$27:$AH$266,'Dec'!$D$27:$AH$266,'Jan (next year)'!$D$27:$AH$266),14,DAY($A$5))&"") | F14: =IF(OR($B14="",NOT(AND($A$5>=DATE(PlanYear,1,1),$A$5<=DATE(PlanYear+1,1,31)))),"",INDEX(CHOOSE(IF(YEAR($A$5)>PlanYear,13,MONTH($A$5)),'Jan'!$D$27:$AH$266,'Feb'!$D$27:$AH$266,'Mar'!$D$27:$AH$266,'Apr'!$D$27:$AH$266,'May'!$D$27:$AH$266,'Jun'!$D$27:$AH$266,'Jul'!$D$27:$AH$266,'Aug'!$D$27:$AH$266,'Sep'!$D$27:$AH$266,'Oct'!$D$27:$AH$266,'Nov'!$D$27:$AH$266,'Dec'!$D$27:$AH$266,'Jan (next year)'!$D$27:$AH$266),15,DAY($A$5))&"") | G14: =IF(OR($B14="",NOT(AND($A$5>=DATE(PlanYear,1,1),$A$5<=DATE(PlanYear+1,1,31)))),"",INDEX(CHOOSE(IF(YEAR($A$5)>PlanYear,13,MONTH($A$5)),'Jan'!$D$27:$AH$266,'Feb'!$D$27:$AH$266,'Mar'!$D$27:$AH$266,'Apr'!$D$27:$AH$266,'May'!$D$27:$AH$266,'Jun'!$D$27:$AH$266,'Jul'!$D$27:$AH$266,'Aug'!$D$27:$AH$266,'Sep'!$D$27:$AH$266,'Oct'!$D$27:$AH$266,'Nov'!$D$27:$AH$266,'Dec'!$D$27:$AH$266,'Jan (next year)'!$D$27:$AH$266),16,DAY($A$5))&"")
A15: =IF(Roster!$B$10="","",Roster!$B$10) | B15: =IF(Roster!$C$10="","",Roster!$C$10) | C15: =IF(Roster!$C$10="","",Roster!$F$10&IF(OR(Roster!$G$10="SANS",Roster!$G$10="NSMEN")," | "&Roster!$G$10,"")) | D15: =IF(OR($B15="",NOT(AND($A$5>=DATE(PlanYear,1,1),$A$5<=DATE(PlanYear+1,1,31)))),"",INDEX(CHOOSE(IF(YEAR($A$5)>PlanYear,13,MONTH($A$5)),'Jan'!$D$27:$AH$266,'Feb'!$D$27:$AH$266,'Mar'!$D$27:$AH$266,'Apr'!$D$27:$AH$266,'May'!$D$27:$AH$266,'Jun'!$D$27:$AH$266,'Jul'!$D$27:$AH$266,'Aug'!$D$27:$AH$266,'Sep'!$D$27:$AH$266,'Oct'!$D$27:$AH$266,'Nov'!$D$27:$AH$266,'Dec'!$D$27:$AH$266,'Jan (next year)'!$D$27:$AH$266),17,DAY($A$5))&"") | E15: =IF(OR($B15="",NOT(AND($A$5>=DATE(PlanYear,1,1),$A$5<=DATE(PlanYear+1,1,31)))),"",INDEX(CHOOSE(IF(YEAR($A$5)>PlanYear,13,MONTH($A$5)),'Jan'!$D$27:$AH$266,'Feb'!$D$27:$AH$266,'Mar'!$D$27:$AH$266,'Apr'!$D$27:$AH$266,'May'!$D$27:$AH$266,'Jun'!$D$27:$AH$266,'Jul'!$D$27:$AH$266,'Aug'!$D$27:$AH$266,'Sep'!$D$27:$AH$266,'Oct'!$D$27:$AH$266,'Nov'!$D$27:$AH$266,'Dec'!$D$27:$AH$266,'Jan (next year)'!$D$27:$AH$266),18,DAY($A$5))&"") | F15: =IF(OR($B15="",NOT(AND($A$5>=DATE(PlanYear,1,1),$A$5<=DATE(PlanYear+1,1,31)))),"",INDEX(CHOOSE(IF(YEAR($A$5)>PlanYear,13,MONTH($A$5)),'Jan'!$D$27:$AH$266,'Feb'!$D$27:$AH$266,'Mar'!$D$27:$AH$266,'Apr'!$D$27:$AH$266,'May'!$D$27:$AH$266,'Jun'!$D$27:$AH$266,'Jul'!$D$27:$AH$266,'Aug'!$D$27:$AH$266,'Sep'!$D$27:$AH$266,'Oct'!$D$27:$AH$266,'Nov'!$D$27:$AH$266,'Dec'!$D$27:$AH$266,'Jan (next year)'!$D$27:$AH$266),19,DAY($A$5))&"") | G15: =IF(OR($B15="",NOT(AND($A$5>=DATE(PlanYear,1,1),$A$5<=DATE(PlanYear+1,1,31)))),"",INDEX(CHOOSE(IF(YEAR($A$5)>PlanYear,13,MONTH($A$5)),'Jan'!$D$27:$AH$266,'Feb'!$D$27:$AH$266,'Mar'!$D$27:$AH$266,'Apr'!$D$27:$AH$266,'May'!$D$27:$AH$266,'Jun'!$D$27:$AH$266,'Jul'!$D$27:$AH$266,'Aug'!$D$27:$AH$266,'Sep'!$D$27:$AH$266,'Oct'!$D$27:$AH$266,'Nov'!$D$27:$AH$266,'Dec'!$D$27:$AH$266,'Jan (next year)'!$D$27:$AH$266),20,DAY($A$5))&"")
A16: =IF(Roster!$B$11="","",Roster!$B$11) | B16: =IF(Roster!$C$11="","",Roster!$C$11) | C16: =IF(Roster!$C$11="","",Roster!$F$11&IF(OR(Roster!$G$11="SANS",Roster!$G$11="NSMEN")," | "&Roster!$G$11,"")) | D16: =IF(OR($B16="",NOT(AND($A$5>=DATE(PlanYear,1,1),$A$5<=DATE(PlanYear+1,1,31)))),"",INDEX(CHOOSE(IF(YEAR($A$5)>PlanYear,13,MONTH($A$5)),'Jan'!$D$27:$AH$266,'Feb'!$D$27:$AH$266,'Mar'!$D$27:$AH$266,'Apr'!$D$27:$AH$266,'May'!$D$27:$AH$266,'Jun'!$D$27:$AH$266,'Jul'!$D$27:$AH$266,'Aug'!$D$27:$AH$266,'Sep'!$D$27:$AH$266,'Oct'!$D$27:$AH$266,'Nov'!$D$27:$AH$266,'Dec'!$D$27:$AH$266,'Jan (next year)'!$D$27:$AH$266),21,DAY($A$5))&"") | E16: =IF(OR($B16="",NOT(AND($A$5>=DATE(PlanYear,1,1),$A$5<=DATE(PlanYear+1,1,31)))),"",INDEX(CHOOSE(IF(YEAR($A$5)>PlanYear,13,MONTH($A$5)),'Jan'!$D$27:$AH$266,'Feb'!$D$27:$AH$266,'Mar'!$D$27:$AH$266,'Apr'!$D$27:$AH$266,'May'!$D$27:$AH$266,'Jun'!$D$27:$AH$266,'Jul'!$D$27:$AH$266,'Aug'!$D$27:$AH$266,'Sep'!$D$27:$AH$266,'Oct'!$D$27:$AH$266,'Nov'!$D$27:$AH$266,'Dec'!$D$27:$AH$266,'Jan (next year)'!$D$27:$AH$266),22,DAY($A$5))&"") | F16: =IF(OR($B16="",NOT(AND($A$5>=DATE(PlanYear,1,1),$A$5<=DATE(PlanYear+1,1,31)))),"",INDEX(CHOOSE(IF(YEAR($A$5)>PlanYear,13,MONTH($A$5)),'Jan'!$D$27:$AH$266,'Feb'!$D$27:$AH$266,'Mar'!$D$27:$AH$266,'Apr'!$D$27:$AH$266,'May'!$D$27:$AH$266,'Jun'!$D$27:$AH$266,'Jul'!$D$27:$AH$266,'Aug'!$D$27:$AH$266,'Sep'!$D$27:$AH$266,'Oct'!$D$27:$AH$266,'Nov'!$D$27:$AH$266,'Dec'!$D$27:$AH$266,'Jan (next year)'!$D$27:$AH$266),23,DAY($A$5))&"") | G16: =IF(OR($B16="",NOT(AND($A$5>=DATE(PlanYear,1,1),$A$5<=DATE(PlanYear+1,1,31)))),"",INDEX(CHOOSE(IF(YEAR($A$5)>PlanYear,13,MONTH($A$5)),'Jan'!$D$27:$AH$266,'Feb'!$D$27:$AH$266,'Mar'!$D$27:$AH$266,'Apr'!$D$27:$AH$266,'May'!$D$27:$AH$266,'Jun'!$D$27:$AH$266,'Jul'!$D$27:$AH$266,'Aug'!$D$27:$AH$266,'Sep'!$D$27:$AH$266,'Oct'!$D$27:$AH$266,'Nov'!$D$27:$AH$266,'Dec'!$D$27:$AH$266,'Jan (next year)'!$D$27:$AH$266),24,DAY($A$5))&"")
A17: =IF(Roster!$B$12="","",Roster!$B$12) | B17: =IF(Roster!$C$12="","",Roster!$C$12) | C17: =IF(Roster!$C$12="","",Roster!$F$12&IF(OR(Roster!$G$12="SANS",Roster!$G$12="NSMEN")," | "&Roster!$G$12,"")) | D17: =IF(OR($B17="",NOT(AND($A$5>=DATE(PlanYear,1,1),$A$5<=DATE(PlanYear+1,1,31)))),"",INDEX(CHOOSE(IF(YEAR($A$5)>PlanYear,13,MONTH($A$5)),'Jan'!$D$27:$AH$266,'Feb'!$D$27:$AH$266,'Mar'!$D$27:$AH$266,'Apr'!$D$27:$AH$266,'May'!$D$27:$AH$266,'Jun'!$D$27:$AH$266,'Jul'!$D$27:$AH$266,'Aug'!$D$27:$AH$266,'Sep'!$D$27:$AH$266,'Oct'!$D$27:$AH$266,'Nov'!$D$27:$AH$266,'Dec'!$D$27:$AH$266,'Jan (next year)'!$D$27:$AH$266),25,DAY($A$5))&"") | E17: =IF(OR($B17="",NOT(AND($A$5>=DATE(PlanYear,1,1),$A$5<=DATE(PlanYear+1,1,31)))),"",INDEX(CHOOSE(IF(YEAR($A$5)>PlanYear,13,MONTH($A$5)),'Jan'!$D$27:$AH$266,'Feb'!$D$27:$AH$266,'Mar'!$D$27:$AH$266,'Apr'!$D$27:$AH$266,'May'!$D$27:$AH$266,'Jun'!$D$27:$AH$266,'Jul'!$D$27:$AH$266,'Aug'!$D$27:$AH$266,'Sep'!$D$27:$AH$266,'Oct'!$D$27:$AH$266,'Nov'!$D$27:$AH$266,'Dec'!$D$27:$AH$266,'Jan (next year)'!$D$27:$AH$266),26,DAY($A$5))&"") | F17: =IF(OR($B17="",NOT(AND($A$5>=DATE(PlanYear,1,1),$A$5<=DATE(PlanYear+1,1,31)))),"",INDEX(CHOOSE(IF(YEAR($A$5)>PlanYear,13,MONTH($A$5)),'Jan'!$D$27:$AH$266,'Feb'!$D$27:$AH$266,'Mar'!$D$27:$AH$266,'Apr'!$D$27:$AH$266,'May'!$D$27:$AH$266,'Jun'!$D$27:$AH$266,'Jul'!$D$27:$AH$266,'Aug'!$D$27:$AH$266,'Sep'!$D$27:$AH$266,'Oct'!$D$27:$AH$266,'Nov'!$D$27:$AH$266,'Dec'!$D$27:$AH$266,'Jan (next year)'!$D$27:$AH$266),27,DAY($A$5))&"") | G17: =IF(OR($B17="",NOT(AND($A$5>=DATE(PlanYear,1,1),$A$5<=DATE(PlanYear+1,1,31)))),"",INDEX(CHOOSE(IF(YEAR($A$5)>PlanYear,13,MONTH($A$5)),'Jan'!$D$27:$AH$266,'Feb'!$D$27:$AH$266,'Mar'!$D$27:$AH$266,'Apr'!$D$27:$AH$266,'May'!$D$27:$AH$266,'Jun'!$D$27:$AH$266,'Jul'!$D$27:$AH$266,'Aug'!$D$27:$AH$266,'Sep'!$D$27:$AH$266,'Oct'!$D$27:$AH$266,'Nov'!$D$27:$AH$266,'Dec'!$D$27:$AH$266,'Jan (next year)'!$D$27:$AH$266),28,DAY($A$5))&"")
A18: =IF(Roster!$B$13="","",Roster!$B$13) | B18: =IF(Roster!$C$13="","",Roster!$C$13) | C18: =IF(Roster!$C$13="","",Roster!$F$13&IF(OR(Roster!$G$13="SANS",Roster!$G$13="NSMEN")," | "&Roster!$G$13,"")) | D18: =IF(OR($B18="",NOT(AND($A$5>=DATE(PlanYear,1,1),$A$5<=DATE(PlanYear+1,1,31)))),"",INDEX(CHOOSE(IF(YEAR($A$5)>PlanYear,13,MONTH($A$5)),'Jan'!$D$27:$AH$266,'Feb'!$D$27:$AH$266,'Mar'!$D$27:$AH$266,'Apr'!$D$27:$AH$266,'May'!$D$27:$AH$266,'Jun'!$D$27:$AH$266,'Jul'!$D$27:$AH$266,'Aug'!$D$27:$AH$266,'Sep'!$D$27:$AH$266,'Oct'!$D$27:$AH$266,'Nov'!$D$27:$AH$266,'Dec'!$D$27:$AH$266,'Jan (next year)'!$D$27:$AH$266),29,DAY($A$5))&"") | E18: =IF(OR($B18="",NOT(AND($A$5>=DATE(PlanYear,1,1),$A$5<=DATE(PlanYear+1,1,31)))),"",INDEX(CHOOSE(IF(YEAR($A$5)>PlanYear,13,MONTH($A$5)),'Jan'!$D$27:$AH$266,'Feb'!$D$27:$AH$266,'Mar'!$D$27:$AH$266,'Apr'!$D$27:$AH$266,'May'!$D$27:$AH$266,'Jun'!$D$27:$AH$266,'Jul'!$D$27:$AH$266,'Aug'!$D$27:$AH$266,'Sep'!$D$27:$AH$266,'Oct'!$D$27:$AH$266,'Nov'!$D$27:$AH$266,'Dec'!$D$27:$AH$266,'Jan (next year)'!$D$27:$AH$266),30,DAY($A$5))&"") | F18: =IF(OR($B18="",NOT(AND($A$5>=DATE(PlanYear,1,1),$A$5<=DATE(PlanYear+1,1,31)))),"",INDEX(CHOOSE(IF(YEAR($A$5)>PlanYear,13,MONTH($A$5)),'Jan'!$D$27:$AH$266,'Feb'!$D$27:$AH$266,'Mar'!$D$27:$AH$266,'Apr'!$D$27:$AH$266,'May'!$D$27:$AH$266,'Jun'!$D$27:$AH$266,'Jul'!$D$27:$AH$266,'Aug'!$D$27:$AH$266,'Sep'!$D$27:$AH$266,'Oct'!$D$27:$AH$266,'Nov'!$D$27:$AH$266,'Dec'!$D$27:$AH$266,'Jan (next year)'!$D$27:$AH$266),31,DAY($A$5))&"") | G18: =IF(OR($B18="",NOT(AND($A$5>=DATE(PlanYear,1,1),$A$5<=DATE(PlanYear+1,1,31)))),"",INDEX(CHOOSE(IF(YEAR($A$5)>PlanYear,13,MONTH($A$5)),'Jan'!$D$27:$AH$266,'Feb'!$D$27:$AH$266,'Mar'!$D$27:$AH$266,'Apr'!$D$27:$AH$266,'May'!$D$27:$AH$266,'Jun'!$D$27:$AH$266,'Jul'!$D$27:$AH$266,'Aug'!$D$27:$AH$266,'Sep'!$D$27:$AH$266,'Oct'!$D$27:$AH$266,'Nov'!$D$27:$AH$266,'Dec'!$D$27:$AH$266,'Jan (next year)'!$D$27:$AH$266),32,DAY($A$5))&"")
A19: =IF(Roster!$B$14="","",Roster!$B$14) | B19: =IF(Roster!$C$14="","",Roster!$C$14) | C19: =IF(Roster!$C$14="","",Roster!$F$14&IF(OR(Roster!$G$14="SANS",Roster!$G$14="NSMEN")," | "&Roster!$G$14,"")) | D19: =IF(OR($B19="",NOT(AND($A$5>=DATE(PlanYear,1,1),$A$5<=DATE(PlanYear+1,1,31)))),"",INDEX(CHOOSE(IF(YEAR($A$5)>PlanYear,13,MONTH($A$5)),'Jan'!$D$27:$AH$266,'Feb'!$D$27:$AH$266,'Mar'!$D$27:$AH$266,'Apr'!$D$27:$AH$266,'May'!$D$27:$AH$266,'Jun'!$D$27:$AH$266,'Jul'!$D$27:$AH$266,'Aug'!$D$27:$AH$266,'Sep'!$D$27:$AH$266,'Oct'!$D$27:$AH$266,'Nov'!$D$27:$AH$266,'Dec'!$D$27:$AH$266,'Jan (next year)'!$D$27:$AH$266),33,DAY($A$5))&"") | E19: =IF(OR($B19="",NOT(AND($A$5>=DATE(PlanYear,1,1),$A$5<=DATE(PlanYear+1,1,31)))),"",INDEX(CHOOSE(IF(YEAR($A$5)>PlanYear,13,MONTH($A$5)),'Jan'!$D$27:$AH$266,'Feb'!$D$27:$AH$266,'Mar'!$D$27:$AH$266,'Apr'!$D$27:$AH$266,'May'!$D$27:$AH$266,'Jun'!$D$27:$AH$266,'Jul'!$D$27:$AH$266,'Aug'!$D$27:$AH$266,'Sep'!$D$27:$AH$266,'Oct'!$D$27:$AH$266,'Nov'!$D$27:$AH$266,'Dec'!$D$27:$AH$266,'Jan (next year)'!$D$27:$AH$266),34,DAY($A$5))&"") | F19: =IF(OR($B19="",NOT(AND($A$5>=DATE(PlanYear,1,1),$A$5<=DATE(PlanYear+1,1,31)))),"",INDEX(CHOOSE(IF(YEAR($A$5)>PlanYear,13,MONTH($A$5)),'Jan'!$D$27:$AH$266,'Feb'!$D$27:$AH$266,'Mar'!$D$27:$AH$266,'Apr'!$D$27:$AH$266,'May'!$D$27:$AH$266,'Jun'!$D$27:$AH$266,'Jul'!$D$27:$AH$266,'Aug'!$D$27:$AH$266,'Sep'!$D$27:$AH$266,'Oct'!$D$27:$AH$266,'Nov'!$D$27:$AH$266,'Dec'!$D$27:$AH$266,'Jan (next year)'!$D$27:$AH$266),35,DAY($A$5))&"") | G19: =IF(OR($B19="",NOT(AND($A$5>=DATE(PlanYear,1,1),$A$5<=DATE(PlanYear+1,1,31)))),"",INDEX(CHOOSE(IF(YEAR($A$5)>PlanYear,13,MONTH($A$5)),'Jan'!$D$27:$AH$266,'Feb'!$D$27:$AH$266,'Mar'!$D$27:$AH$266,'Apr'!$D$27:$AH$266,'May'!$D$27:$AH$266,'Jun'!$D$27:$AH$266,'Jul'!$D$27:$AH$266,'Aug'!$D$27:$AH$266,'Sep'!$D$27:$AH$266,'Oct'!$D$27:$AH$266,'Nov'!$D$27:$AH$266,'Dec'!$D$27:$AH$266,'Jan (next year)'!$D$27:$AH$266),36,DAY($A$5))&"")
A20: =IF(Roster!$B$15="","",Roster!$B$15) | B20: =IF(Roster!$C$15="","",Roster!$C$15) | C20: =IF(Roster!$C$15="","",Roster!$F$15&IF(OR(Roster!$G$15="SANS",Roster!$G$15="NSMEN")," | "&Roster!$G$15,"")) | D20: =IF(OR($B20="",NOT(AND($A$5>=DATE(PlanYear,1,1),$A$5<=DATE(PlanYear+1,1,31)))),"",INDEX(CHOOSE(IF(YEAR($A$5)>PlanYear,13,MONTH($A$5)),'Jan'!$D$27:$AH$266,'Feb'!$D$27:$AH$266,'Mar'!$D$27:$AH$266,'Apr'!$D$27:$AH$266,'May'!$D$27:$AH$266,'Jun'!$D$27:$AH$266,'Jul'!$D$27:$AH$266,'Aug'!$D$27:$AH$266,'Sep'!$D$27:$AH$266,'Oct'!$D$27:$AH$266,'Nov'!$D$27:$AH$266,'Dec'!$D$27:$AH$266,'Jan (next year)'!$D$27:$AH$266),37,DAY($A$5))&"") | E20: =IF(OR($B20="",NOT(AND($A$5>=DATE(PlanYear,1,1),$A$5<=DATE(PlanYear+1,1,31)))),"",INDEX(CHOOSE(IF(YEAR($A$5)>PlanYear,13,MONTH($A$5)),'Jan'!$D$27:$AH$266,'Feb'!$D$27:$AH$266,'Mar'!$D$27:$AH$266,'Apr'!$D$27:$AH$266,'May'!$D$27:$AH$266,'Jun'!$D$27:$AH$266,'Jul'!$D$27:$AH$266,'Aug'!$D$27:$AH$266,'Sep'!$D$27:$AH$266,'Oct'!$D$27:$AH$266,'Nov'!$D$27:$AH$266,'Dec'!$D$27:$AH$266,'Jan (next year)'!$D$27:$AH$266),38,DAY($A$5))&"") | F20: =IF(OR($B20="",NOT(AND($A$5>=DATE(PlanYear,1,1),$A$5<=DATE(PlanYear+1,1,31)))),"",INDEX(CHOOSE(IF(YEAR($A$5)>PlanYear,13,MONTH($A$5)),'Jan'!$D$27:$AH$266,'Feb'!$D$27:$AH$266,'Mar'!$D$27:$AH$266,'Apr'!$D$27:$AH$266,'May'!$D$27:$AH$266,'Jun'!$D$27:$AH$266,'Jul'!$D$27:$AH$266,'Aug'!$D$27:$AH$266,'Sep'!$D$27:$AH$266,'Oct'!$D$27:$AH$266,'Nov'!$D$27:$AH$266,'Dec'!$D$27:$AH$266,'Jan (next year)'!$D$27:$AH$266),39,DAY($A$5))&"") | G20: =IF(OR($B20="",NOT(AND($A$5>=DATE(PlanYear,1,1),$A$5<=DATE(PlanYear+1,1,31)))),"",INDEX(CHOOSE(IF(YEAR($A$5)>PlanYear,13,MONTH($A$5)),'Jan'!$D$27:$AH$266,'Feb'!$D$27:$AH$266,'Mar'!$D$27:$AH$266,'Apr'!$D$27:$AH$266,'May'!$D$27:$AH$266,'Jun'!$D$27:$AH$266,'Jul'!$D$27:$AH$266,'Aug'!$D$27:$AH$266,'Sep'!$D$27:$AH$266,'Oct'!$D$27:$AH$266,'Nov'!$D$27:$AH$266,'Dec'!$D$27:$AH$266,'Jan (next year)'!$D$27:$AH$266),40,DAY($A$5))&"")
A21: =IF(Roster!$B$16="","",Roster!$B$16) | B21: =IF(Roster!$C$16="","",Roster!$C$16) | C21: =IF(Roster!$C$16="","",Roster!$F$16&IF(OR(Roster!$G$16="SANS",Roster!$G$16="NSMEN")," | "&Roster!$G$16,"")) | D21: =IF(OR($B21="",NOT(AND($A$5>=DATE(PlanYear,1,1),$A$5<=DATE(PlanYear+1,1,31)))),"",INDEX(CHOOSE(IF(YEAR($A$5)>PlanYear,13,MONTH($A$5)),'Jan'!$D$27:$AH$266,'Feb'!$D$27:$AH$266,'Mar'!$D$27:$AH$266,'Apr'!$D$27:$AH$266,'May'!$D$27:$AH$266,'Jun'!$D$27:$AH$266,'Jul'!$D$27:$AH$266,'Aug'!$D$27:$AH$266,'Sep'!$D$27:$AH$266,'Oct'!$D$27:$AH$266,'Nov'!$D$27:$AH$266,'Dec'!$D$27:$AH$266,'Jan (next year)'!$D$27:$AH$266),41,DAY($A$5))&"") | E21: =IF(OR($B21="",NOT(AND($A$5>=DATE(PlanYear,1,1),$A$5<=DATE(PlanYear+1,1,31)))),"",INDEX(CHOOSE(IF(YEAR($A$5)>PlanYear,13,MONTH($A$5)),'Jan'!$D$27:$AH$266,'Feb'!$D$27:$AH$266,'Mar'!$D$27:$AH$266,'Apr'!$D$27:$AH$266,'May'!$D$27:$AH$266,'Jun'!$D$27:$AH$266,'Jul'!$D$27:$AH$266,'Aug'!$D$27:$AH$266,'Sep'!$D$27:$AH$266,'Oct'!$D$27:$AH$266,'Nov'!$D$27:$AH$266,'Dec'!$D$27:$AH$266,'Jan (next year)'!$D$27:$AH$266),42,DAY($A$5))&"") | F21: =IF(OR($B21="",NOT(AND($A$5>=DATE(PlanYear,1,1),$A$5<=DATE(PlanYear+1,1,31)))),"",INDEX(CHOOSE(IF(YEAR($A$5)>PlanYear,13,MONTH($A$5)),'Jan'!$D$27:$AH$266,'Feb'!$D$27:$AH$266,'Mar'!$D$27:$AH$266,'Apr'!$D$27:$AH$266,'May'!$D$27:$AH$266,'Jun'!$D$27:$AH$266,'Jul'!$D$27:$AH$266,'Aug'!$D$27:$AH$266,'Sep'!$D$27:$AH$266,'Oct'!$D$27:$AH$266,'Nov'!$D$27:$AH$266,'Dec'!$D$27:$AH$266,'Jan (next year)'!$D$27:$AH$266),43,DAY($A$5))&"") | G21: =IF(OR($B21="",NOT(AND($A$5>=DATE(PlanYear,1,1),$A$5<=DATE(PlanYear+1,1,31)))),"",INDEX(CHOOSE(IF(YEAR($A$5)>PlanYear,13,MONTH($A$5)),'Jan'!$D$27:$AH$266,'Feb'!$D$27:$AH$266,'Mar'!$D$27:$AH$266,'Apr'!$D$27:$AH$266,'May'!$D$27:$AH$266,'Jun'!$D$27:$AH$266,'Jul'!$D$27:$AH$266,'Aug'!$D$27:$AH$266,'Sep'!$D$27:$AH$266,'Oct'!$D$27:$AH$266,'Nov'!$D$27:$AH$266,'Dec'!$D$27:$AH$266,'Jan (next year)'!$D$27:$AH$266),44,DAY($A$5))&"")
A22: =IF(Roster!$B$17="","",Roster!$B$17) | B22: =IF(Roster!$C$17="","",Roster!$C$17) | C22: =IF(Roster!$C$17="","",Roster!$F$17&IF(OR(Roster!$G$17="SANS",Roster!$G$17="NSMEN")," | "&Roster!$G$17,"")) | D22: =IF(OR($B22="",NOT(AND($A$5>=DATE(PlanYear,1,1),$A$5<=DATE(PlanYear+1,1,31)))),"",INDEX(CHOOSE(IF(YEAR($A$5)>PlanYear,13,MONTH($A$5)),'Jan'!$D$27:$AH$266,'Feb'!$D$27:$AH$266,'Mar'!$D$27:$AH$266,'Apr'!$D$27:$AH$266,'May'!$D$27:$AH$266,'Jun'!$D$27:$AH$266,'Jul'!$D$27:$AH$266,'Aug'!$D$27:$AH$266,'Sep'!$D$27:$AH$266,'Oct'!$D$27:$AH$266,'Nov'!$D$27:$AH$266,'Dec'!$D$27:$AH$266,'Jan (next year)'!$D$27:$AH$266),45,DAY($A$5))&"") | E22: =IF(OR($B22="",NOT(AND($A$5>=DATE(PlanYear,1,1),$A$5<=DATE(PlanYear+1,1,31)))),"",INDEX(CHOOSE(IF(YEAR($A$5)>PlanYear,13,MONTH($A$5)),'Jan'!$D$27:$AH$266,'Feb'!$D$27:$AH$266,'Mar'!$D$27:$AH$266,'Apr'!$D$27:$AH$266,'May'!$D$27:$AH$266,'Jun'!$D$27:$AH$266,'Jul'!$D$27:$AH$266,'Aug'!$D$27:$AH$266,'Sep'!$D$27:$AH$266,'Oct'!$D$27:$AH$266,'Nov'!$D$27:$AH$266,'Dec'!$D$27:$AH$266,'Jan (next year)'!$D$27:$AH$266),46,DAY($A$5))&"") | F22: =IF(OR($B22="",NOT(AND($A$5>=DATE(PlanYear,1,1),$A$5<=DATE(PlanYear+1,1,31)))),"",INDEX(CHOOSE(IF(YEAR($A$5)>PlanYear,13,MONTH($A$5)),'Jan'!$D$27:$AH$266,'Feb'!$D$27:$AH$266,'Mar'!$D$27:$AH$266,'Apr'!$D$27:$AH$266,'May'!$D$27:$AH$266,'Jun'!$D$27:$AH$266,'Jul'!$D$27:$AH$266,'Aug'!$D$27:$AH$266,'Sep'!$D$27:$AH$266,'Oct'!$D$27:$AH$266,'Nov'!$D$27:$AH$266,'Dec'!$D$27:$AH$266,'Jan (next year)'!$D$27:$AH$266),47,DAY($A$5))&"") | G22: =IF(OR($B22="",NOT(AND($A$5>=DATE(PlanYear,1,1),$A$5<=DATE(PlanYear+1,1,31)))),"",INDEX(CHOOSE(IF(YEAR($A$5)>PlanYear,13,MONTH($A$5)),'Jan'!$D$27:$AH$266,'Feb'!$D$27:$AH$266,'Mar'!$D$27:$AH$266,'Apr'!$D$27:$AH$266,'May'!$D$27:$AH$266,'Jun'!$D$27:$AH$266,'Jul'!$D$27:$AH$266,'Aug'!$D$27:$AH$266,'Sep'!$D$27:$AH$266,'Oct'!$D$27:$AH$266,'Nov'!$D$27:$AH$266,'Dec'!$D$27:$AH$266,'Jan (next year)'!$D$27:$AH$266),48,DAY($A$5))&"")
A23: =IF(Roster!$B$18="","",Roster!$B$18) | B23: =IF(Roster!$C$18="","",Roster!$C$18) | C23: =IF(Roster!$C$18="","",Roster!$F$18&IF(OR(Roster!$G$18="SANS",Roster!$G$18="NSMEN")," | "&Roster!$G$18,"")) | D23: =IF(OR($B23="",NOT(AND($A$5>=DATE(PlanYear,1,1),$A$5<=DATE(PlanYear+1,1,31)))),"",INDEX(CHOOSE(IF(YEAR($A$5)>PlanYear,13,MONTH($A$5)),'Jan'!$D$27:$AH$266,'Feb'!$D$27:$AH$266,'Mar'!$D$27:$AH$266,'Apr'!$D$27:$AH$266,'May'!$D$27:$AH$266,'Jun'!$D$27:$AH$266,'Jul'!$D$27:$AH$266,'Aug'!$D$27:$AH$266,'Sep'!$D$27:$AH$266,'Oct'!$D$27:$AH$266,'Nov'!$D$27:$AH$266,'Dec'!$D$27:$AH$266,'Jan (next year)'!$D$27:$AH$266),49,DAY($A$5))&"") | E23: =IF(OR($B23="",NOT(AND($A$5>=DATE(PlanYear,1,1),$A$5<=DATE(PlanYear+1,1,31)))),"",INDEX(CHOOSE(IF(YEAR($A$5)>PlanYear,13,MONTH($A$5)),'Jan'!$D$27:$AH$266,'Feb'!$D$27:$AH$266,'Mar'!$D$27:$AH$266,'Apr'!$D$27:$AH$266,'May'!$D$27:$AH$266,'Jun'!$D$27:$AH$266,'Jul'!$D$27:$AH$266,'Aug'!$D$27:$AH$266,'Sep'!$D$27:$AH$266,'Oct'!$D$27:$AH$266,'Nov'!$D$27:$AH$266,'Dec'!$D$27:$AH$266,'Jan (next year)'!$D$27:$AH$266),50,DAY($A$5))&"") | F23: =IF(OR($B23="",NOT(AND($A$5>=DATE(PlanYear,1,1),$A$5<=DATE(PlanYear+1,1,31)))),"",INDEX(CHOOSE(IF(YEAR($A$5)>PlanYear,13,MONTH($A$5)),'Jan'!$D$27:$AH$266,'Feb'!$D$27:$AH$266,'Mar'!$D$27:$AH$266,'Apr'!$D$27:$AH$266,'May'!$D$27:$AH$266,'Jun'!$D$27:$AH$266,'Jul'!$D$27:$AH$266,'Aug'!$D$27:$AH$266,'Sep'!$D$27:$AH$266,'Oct'!$D$27:$AH$266,'Nov'!$D$27:$AH$266,'Dec'!$D$27:$AH$266,'Jan (next year)'!$D$27:$AH$266),51,DAY($A$5))&"") | G23: =IF(OR($B23="",NOT(AND($A$5>=DATE(PlanYear,1,1),$A$5<=DATE(PlanYear+1,1,31)))),"",INDEX(CHOOSE(IF(YEAR($A$5)>PlanYear,13,MONTH($A$5)),'Jan'!$D$27:$AH$266,'Feb'!$D$27:$AH$266,'Mar'!$D$27:$AH$266,'Apr'!$D$27:$AH$266,'May'!$D$27:$AH$266,'Jun'!$D$27:$AH$266,'Jul'!$D$27:$AH$266,'Aug'!$D$27:$AH$266,'Sep'!$D$27:$AH$266,'Oct'!$D$27:$AH$266,'Nov'!$D$27:$AH$266,'Dec'!$D$27:$AH$266,'Jan (next year)'!$D$27:$AH$266),52,DAY($A$5))&"")
A24: =IF(Roster!$B$19="","",Roster!$B$19) | B24: =IF(Roster!$C$19="","",Roster!$C$19) | C24: =IF(Roster!$C$19="","",Roster!$F$19&IF(OR(Roster!$G$19="SANS",Roster!$G$19="NSMEN")," | "&Roster!$G$19,"")) | D24: =IF(OR($B24="",NOT(AND($A$5>=DATE(PlanYear,1,1),$A$5<=DATE(PlanYear+1,1,31)))),"",INDEX(CHOOSE(IF(YEAR($A$5)>PlanYear,13,MONTH($A$5)),'Jan'!$D$27:$AH$266,'Feb'!$D$27:$AH$266,'Mar'!$D$27:$AH$266,'Apr'!$D$27:$AH$266,'May'!$D$27:$AH$266,'Jun'!$D$27:$AH$266,'Jul'!$D$27:$AH$266,'Aug'!$D$27:$AH$266,'Sep'!$D$27:$AH$266,'Oct'!$D$27:$AH$266,'Nov'!$D$27:$AH$266,'Dec'!$D$27:$AH$266,'Jan (next year)'!$D$27:$AH$266),53,DAY($A$5))&"") | E24: =IF(OR($B24="",NOT(AND($A$5>=DATE(PlanYear,1,1),$A$5<=DATE(PlanYear+1,1,31)))),"",INDEX(CHOOSE(IF(YEAR($A$5)>PlanYear,13,MONTH($A$5)),'Jan'!$D$27:$AH$266,'Feb'!$D$27:$AH$266,'Mar'!$D$27:$AH$266,'Apr'!$D$27:$AH$266,'May'!$D$27:$AH$266,'Jun'!$D$27:$AH$266,'Jul'!$D$27:$AH$266,'Aug'!$D$27:$AH$266,'Sep'!$D$27:$AH$266,'Oct'!$D$27:$AH$266,'Nov'!$D$27:$AH$266,'Dec'!$D$27:$AH$266,'Jan (next year)'!$D$27:$AH$266),54,DAY($A$5))&"") | F24: =IF(OR($B24="",NOT(AND($A$5>=DATE(PlanYear,1,1),$A$5<=DATE(PlanYear+1,1,31)))),"",INDEX(CHOOSE(IF(YEAR($A$5)>PlanYear,13,MONTH($A$5)),'Jan'!$D$27:$AH$266,'Feb'!$D$27:$AH$266,'Mar'!$D$27:$AH$266,'Apr'!$D$27:$AH$266,'May'!$D$27:$AH$266,'Jun'!$D$27:$AH$266,'Jul'!$D$27:$AH$266,'Aug'!$D$27:$AH$266,'Sep'!$D$27:$AH$266,'Oct'!$D$27:$AH$266,'Nov'!$D$27:$AH$266,'Dec'!$D$27:$AH$266,'Jan (next year)'!$D$27:$AH$266),55,DAY($A$5))&"") | G24: =IF(OR($B24="",NOT(AND($A$5>=DATE(PlanYear,1,1),$A$5<=DATE(PlanYear+1,1,31)))),"",INDEX(CHOOSE(IF(YEAR($A$5)>PlanYear,13,MONTH($A$5)),'Jan'!$D$27:$AH$266,'Feb'!$D$27:$AH$266,'Mar'!$D$27:$AH$266,'Apr'!$D$27:$AH$266,'May'!$D$27:$AH$266,'Jun'!$D$27:$AH$266,'Jul'!$D$27:$AH$266,'Aug'!$D$27:$AH$266,'Sep'!$D$27:$AH$266,'Oct'!$D$27:$AH$266,'Nov'!$D$27:$AH$266,'Dec'!$D$27:$AH$266,'Jan (next year)'!$D$27:$AH$266),56,DAY($A$5))&"")
A25: =IF(Roster!$B$20="","",Roster!$B$20) | B25: =IF(Roster!$C$20="","",Roster!$C$20) | C25: =IF(Roster!$C$20="","",Roster!$F$20&IF(OR(Roster!$G$20="SANS",Roster!$G$20="NSMEN")," | "&Roster!$G$20,"")) | D25: =IF(OR($B25="",NOT(AND($A$5>=DATE(PlanYear,1,1),$A$5<=DATE(PlanYear+1,1,31)))),"",INDEX(CHOOSE(IF(YEAR($A$5)>PlanYear,13,MONTH($A$5)),'Jan'!$D$27:$AH$266,'Feb'!$D$27:$AH$266,'Mar'!$D$27:$AH$266,'Apr'!$D$27:$AH$266,'May'!$D$27:$AH$266,'Jun'!$D$27:$AH$266,'Jul'!$D$27:$AH$266,'Aug'!$D$27:$AH$266,'Sep'!$D$27:$AH$266,'Oct'!$D$27:$AH$266,'Nov'!$D$27:$AH$266,'Dec'!$D$27:$AH$266,'Jan (next year)'!$D$27:$AH$266),57,DAY($A$5))&"") | E25: =IF(OR($B25="",NOT(AND($A$5>=DATE(PlanYear,1,1),$A$5<=DATE(PlanYear+1,1,31)))),"",INDEX(CHOOSE(IF(YEAR($A$5)>PlanYear,13,MONTH($A$5)),'Jan'!$D$27:$AH$266,'Feb'!$D$27:$AH$266,'Mar'!$D$27:$AH$266,'Apr'!$D$27:$AH$266,'May'!$D$27:$AH$266,'Jun'!$D$27:$AH$266,'Jul'!$D$27:$AH$266,'Aug'!$D$27:$AH$266,'Sep'!$D$27:$AH$266,'Oct'!$D$27:$AH$266,'Nov'!$D$27:$AH$266,'Dec'!$D$27:$AH$266,'Jan (next year)'!$D$27:$AH$266),58,DAY($A$5))&"") | F25: =IF(OR($B25="",NOT(AND($A$5>=DATE(PlanYear,1,1),$A$5<=DATE(PlanYear+1,1,31)))),"",INDEX(CHOOSE(IF(YEAR($A$5)>PlanYear,13,MONTH($A$5)),'Jan'!$D$27:$AH$266,'Feb'!$D$27:$AH$266,'Mar'!$D$27:$AH$266,'Apr'!$D$27:$AH$266,'May'!$D$27:$AH$266,'Jun'!$D$27:$AH$266,'Jul'!$D$27:$AH$266,'Aug'!$D$27:$AH$266,'Sep'!$D$27:$AH$266,'Oct'!$D$27:$AH$266,'Nov'!$D$27:$AH$266,'Dec'!$D$27:$AH$266,'Jan (next year)'!$D$27:$AH$266),59,DAY($A$5))&"") | G25: =IF(OR($B25="",NOT(AND($A$5>=DATE(PlanYear,1,1),$A$5<=DATE(PlanYear+1,1,31)))),"",INDEX(CHOOSE(IF(YEAR($A$5)>PlanYear,13,MONTH($A$5)),'Jan'!$D$27:$AH$266,'Feb'!$D$27:$AH$266,'Mar'!$D$27:$AH$266,'Apr'!$D$27:$AH$266,'May'!$D$27:$AH$266,'Jun'!$D$27:$AH$266,'Jul'!$D$27:$AH$266,'Aug'!$D$27:$AH$266,'Sep'!$D$27:$AH$266,'Oct'!$D$27:$AH$266,'Nov'!$D$27:$AH$266,'Dec'!$D$27:$AH$266,'Jan (next year)'!$D$27:$AH$266),60,DAY($A$5))&"")
A26: =IF(Roster!$B$21="","",Roster!$B$21) | B26: =IF(Roster!$C$21="","",Roster!$C$21) | C26: =IF(Roster!$C$21="","",Roster!$F$21&IF(OR(Roster!$G$21="SANS",Roster!$G$21="NSMEN")," | "&Roster!$G$21,"")) | D26: =IF(OR($B26="",NOT(AND($A$5>=DATE(PlanYear,1,1),$A$5<=DATE(PlanYear+1,1,31)))),"",INDEX(CHOOSE(IF(YEAR($A$5)>PlanYear,13,MONTH($A$5)),'Jan'!$D$27:$AH$266,'Feb'!$D$27:$AH$266,'Mar'!$D$27:$AH$266,'Apr'!$D$27:$AH$266,'May'!$D$27:$AH$266,'Jun'!$D$27:$AH$266,'Jul'!$D$27:$AH$266,'Aug'!$D$27:$AH$266,'Sep'!$D$27:$AH$266,'Oct'!$D$27:$AH$266,'Nov'!$D$27:$AH$266,'Dec'!$D$27:$AH$266,'Jan (next year)'!$D$27:$AH$266),61,DAY($A$5))&"") | E26: =IF(OR($B26="",NOT(AND($A$5>=DATE(PlanYear,1,1),$A$5<=DATE(PlanYear+1,1,31)))),"",INDEX(CHOOSE(IF(YEAR($A$5)>PlanYear,13,MONTH($A$5)),'Jan'!$D$27:$AH$266,'Feb'!$D$27:$AH$266,'Mar'!$D$27:$AH$266,'Apr'!$D$27:$AH$266,'May'!$D$27:$AH$266,'Jun'!$D$27:$AH$266,'Jul'!$D$27:$AH$266,'Aug'!$D$27:$AH$266,'Sep'!$D$27:$AH$266,'Oct'!$D$27:$AH$266,'Nov'!$D$27:$AH$266,'Dec'!$D$27:$AH$266,'Jan (next year)'!$D$27:$AH$266),62,DAY($A$5))&"") | F26: =IF(OR($B26="",NOT(AND($A$5>=DATE(PlanYear,1,1),$A$5<=DATE(PlanYear+1,1,31)))),"",INDEX(CHOOSE(IF(YEAR($A$5)>PlanYear,13,MONTH($A$5)),'Jan'!$D$27:$AH$266,'Feb'!$D$27:$AH$266,'Mar'!$D$27:$AH$266,'Apr'!$D$27:$AH$266,'May'!$D$27:$AH$266,'Jun'!$D$27:$AH$266,'Jul'!$D$27:$AH$266,'Aug'!$D$27:$AH$266,'Sep'!$D$27:$AH$266,'Oct'!$D$27:$AH$266,'Nov'!$D$27:$AH$266,'Dec'!$D$27:$AH$266,'Jan (next year)'!$D$27:$AH$266),63,DAY($A$5))&"") | G26: =IF(OR($B26="",NOT(AND($A$5>=DATE(PlanYear,1,1),$A$5<=DATE(PlanYear+1,1,31)))),"",INDEX(CHOOSE(IF(YEAR($A$5)>PlanYear,13,MONTH($A$5)),'Jan'!$D$27:$AH$266,'Feb'!$D$27:$AH$266,'Mar'!$D$27:$AH$266,'Apr'!$D$27:$AH$266,'May'!$D$27:$AH$266,'Jun'!$D$27:$AH$266,'Jul'!$D$27:$AH$266,'Aug'!$D$27:$AH$266,'Sep'!$D$27:$AH$266,'Oct'!$D$27:$AH$266,'Nov'!$D$27:$AH$266,'Dec'!$D$27:$AH$266,'Jan (next year)'!$D$27:$AH$266),64,DAY($A$5))&"")
A27: =IF(Roster!$B$22="","",Roster!$B$22) | B27: =IF(Roster!$C$22="","",Roster!$C$22) | C27: =IF(Roster!$C$22="","",Roster!$F$22&IF(OR(Roster!$G$22="SANS",Roster!$G$22="NSMEN")," | "&Roster!$G$22,"")) | D27: =IF(OR($B27="",NOT(AND($A$5>=DATE(PlanYear,1,1),$A$5<=DATE(PlanYear+1,1,31)))),"",INDEX(CHOOSE(IF(YEAR($A$5)>PlanYear,13,MONTH($A$5)),'Jan'!$D$27:$AH$266,'Feb'!$D$27:$AH$266,'Mar'!$D$27:$AH$266,'Apr'!$D$27:$AH$266,'May'!$D$27:$AH$266,'Jun'!$D$27:$AH$266,'Jul'!$D$27:$AH$266,'Aug'!$D$27:$AH$266,'Sep'!$D$27:$AH$266,'Oct'!$D$27:$AH$266,'Nov'!$D$27:$AH$266,'Dec'!$D$27:$AH$266,'Jan (next year)'!$D$27:$AH$266),65,DAY($A$5))&"") | E27: =IF(OR($B27="",NOT(AND($A$5>=DATE(PlanYear,1,1),$A$5<=DATE(PlanYear+1,1,31)))),"",INDEX(CHOOSE(IF(YEAR($A$5)>PlanYear,13,MONTH($A$5)),'Jan'!$D$27:$AH$266,'Feb'!$D$27:$AH$266,'Mar'!$D$27:$AH$266,'Apr'!$D$27:$AH$266,'May'!$D$27:$AH$266,'Jun'!$D$27:$AH$266,'Jul'!$D$27:$AH$266,'Aug'!$D$27:$AH$266,'Sep'!$D$27:$AH$266,'Oct'!$D$27:$AH$266,'Nov'!$D$27:$AH$266,'Dec'!$D$27:$AH$266,'Jan (next year)'!$D$27:$AH$266),66,DAY($A$5))&"") | F27: =IF(OR($B27="",NOT(AND($A$5>=DATE(PlanYear,1,1),$A$5<=DATE(PlanYear+1,1,31)))),"",INDEX(CHOOSE(IF(YEAR($A$5)>PlanYear,13,MONTH($A$5)),'Jan'!$D$27:$AH$266,'Feb'!$D$27:$AH$266,'Mar'!$D$27:$AH$266,'Apr'!$D$27:$AH$266,'May'!$D$27:$AH$266,'Jun'!$D$27:$AH$266,'Jul'!$D$27:$AH$266,'Aug'!$D$27:$AH$266,'Sep'!$D$27:$AH$266,'Oct'!$D$27:$AH$266,'Nov'!$D$27:$AH$266,'Dec'!$D$27:$AH$266,'Jan (next year)'!$D$27:$AH$266),67,DAY($A$5))&"") | G27: =IF(OR($B27="",NOT(AND($A$5>=DATE(PlanYear,1,1),$A$5<=DATE(PlanYear+1,1,31)))),"",INDEX(CHOOSE(IF(YEAR($A$5)>PlanYear,13,MONTH($A$5)),'Jan'!$D$27:$AH$266,'Feb'!$D$27:$AH$266,'Mar'!$D$27:$AH$266,'Apr'!$D$27:$AH$266,'May'!$D$27:$AH$266,'Jun'!$D$27:$AH$266,'Jul'!$D$27:$AH$266,'Aug'!$D$27:$AH$266,'Sep'!$D$27:$AH$266,'Oct'!$D$27:$AH$266,'Nov'!$D$27:$AH$266,'Dec'!$D$27:$AH$266,'Jan (next year)'!$D$27:$AH$266),68,DAY($A$5))&"")
A28: =IF(Roster!$B$23="","",Roster!$B$23) | B28: =IF(Roster!$C$23="","",Roster!$C$23) | C28: =IF(Roster!$C$23="","",Roster!$F$23&IF(OR(Roster!$G$23="SANS",Roster!$G$23="NSMEN")," | "&Roster!$G$23,"")) | D28: =IF(OR($B28="",NOT(AND($A$5>=DATE(PlanYear,1,1),$A$5<=DATE(PlanYear+1,1,31)))),"",INDEX(CHOOSE(IF(YEAR($A$5)>PlanYear,13,MONTH($A$5)),'Jan'!$D$27:$AH$266,'Feb'!$D$27:$AH$266,'Mar'!$D$27:$AH$266,'Apr'!$D$27:$AH$266,'May'!$D$27:$AH$266,'Jun'!$D$27:$AH$266,'Jul'!$D$27:$AH$266,'Aug'!$D$27:$AH$266,'Sep'!$D$27:$AH$266,'Oct'!$D$27:$AH$266,'Nov'!$D$27:$AH$266,'Dec'!$D$27:$AH$266,'Jan (next year)'!$D$27:$AH$266),69,DAY($A$5))&"") | E28: =IF(OR($B28="",NOT(AND($A$5>=DATE(PlanYear,1,1),$A$5<=DATE(PlanYear+1,1,31)))),"",INDEX(CHOOSE(IF(YEAR($A$5)>PlanYear,13,MONTH($A$5)),'Jan'!$D$27:$AH$266,'Feb'!$D$27:$AH$266,'Mar'!$D$27:$AH$266,'Apr'!$D$27:$AH$266,'May'!$D$27:$AH$266,'Jun'!$D$27:$AH$266,'Jul'!$D$27:$AH$266,'Aug'!$D$27:$AH$266,'Sep'!$D$27:$AH$266,'Oct'!$D$27:$AH$266,'Nov'!$D$27:$AH$266,'Dec'!$D$27:$AH$266,'Jan (next year)'!$D$27:$AH$266),70,DAY($A$5))&"") | F28: =IF(OR($B28="",NOT(AND($A$5>=DATE(PlanYear,1,1),$A$5<=DATE(PlanYear+1,1,31)))),"",INDEX(CHOOSE(IF(YEAR($A$5)>PlanYear,13,MONTH($A$5)),'Jan'!$D$27:$AH$266,'Feb'!$D$27:$AH$266,'Mar'!$D$27:$AH$266,'Apr'!$D$27:$AH$266,'May'!$D$27:$AH$266,'Jun'!$D$27:$AH$266,'Jul'!$D$27:$AH$266,'Aug'!$D$27:$AH$266,'Sep'!$D$27:$AH$266,'Oct'!$D$27:$AH$266,'Nov'!$D$27:$AH$266,'Dec'!$D$27:$AH$266,'Jan (next year)'!$D$27:$AH$266),71,DAY($A$5))&"") | G28: =IF(OR($B28="",NOT(AND($A$5>=DATE(PlanYear,1,1),$A$5<=DATE(PlanYear+1,1,31)))),"",INDEX(CHOOSE(IF(YEAR($A$5)>PlanYear,13,MONTH($A$5)),'Jan'!$D$27:$AH$266,'Feb'!$D$27:$AH$266,'Mar'!$D$27:$AH$266,'Apr'!$D$27:$AH$266,'May'!$D$27:$AH$266,'Jun'!$D$27:$AH$266,'Jul'!$D$27:$AH$266,'Aug'!$D$27:$AH$266,'Sep'!$D$27:$AH$266,'Oct'!$D$27:$AH$266,'Nov'!$D$27:$AH$266,'Dec'!$D$27:$AH$266,'Jan (next year)'!$D$27:$AH$266),72,DAY($A$5))&"")
A29: =IF(Roster!$B$24="","",Roster!$B$24) | B29: =IF(Roster!$C$24="","",Roster!$C$24) | C29: =IF(Roster!$C$24="","",Roster!$F$24&IF(OR(Roster!$G$24="SANS",Roster!$G$24="NSMEN")," | "&Roster!$G$24,"")) | D29: =IF(OR($B29="",NOT(AND($A$5>=DATE(PlanYear,1,1),$A$5<=DATE(PlanYear+1,1,31)))),"",INDEX(CHOOSE(IF(YEAR($A$5)>PlanYear,13,MONTH($A$5)),'Jan'!$D$27:$AH$266,'Feb'!$D$27:$AH$266,'Mar'!$D$27:$AH$266,'Apr'!$D$27:$AH$266,'May'!$D$27:$AH$266,'Jun'!$D$27:$AH$266,'Jul'!$D$27:$AH$266,'Aug'!$D$27:$AH$266,'Sep'!$D$27:$AH$266,'Oct'!$D$27:$AH$266,'Nov'!$D$27:$AH$266,'Dec'!$D$27:$AH$266,'Jan (next year)'!$D$27:$AH$266),73,DAY($A$5))&"") | E29: =IF(OR($B29="",NOT(AND($A$5>=DATE(PlanYear,1,1),$A$5<=DATE(PlanYear+1,1,31)))),"",INDEX(CHOOSE(IF(YEAR($A$5)>PlanYear,13,MONTH($A$5)),'Jan'!$D$27:$AH$266,'Feb'!$D$27:$AH$266,'Mar'!$D$27:$AH$266,'Apr'!$D$27:$AH$266,'May'!$D$27:$AH$266,'Jun'!$D$27:$AH$266,'Jul'!$D$27:$AH$266,'Aug'!$D$27:$AH$266,'Sep'!$D$27:$AH$266,'Oct'!$D$27:$AH$266,'Nov'!$D$27:$AH$266,'Dec'!$D$27:$AH$266,'Jan (next year)'!$D$27:$AH$266),74,DAY($A$5))&"") | F29: =IF(OR($B29="",NOT(AND($A$5>=DATE(PlanYear,1,1),$A$5<=DATE(PlanYear+1,1,31)))),"",INDEX(CHOOSE(IF(YEAR($A$5)>PlanYear,13,MONTH($A$5)),'Jan'!$D$27:$AH$266,'Feb'!$D$27:$AH$266,'Mar'!$D$27:$AH$266,'Apr'!$D$27:$AH$266,'May'!$D$27:$AH$266,'Jun'!$D$27:$AH$266,'Jul'!$D$27:$AH$266,'Aug'!$D$27:$AH$266,'Sep'!$D$27:$AH$266,'Oct'!$D$27:$AH$266,'Nov'!$D$27:$AH$266,'Dec'!$D$27:$AH$266,'Jan (next year)'!$D$27:$AH$266),75,DAY($A$5))&"") | G29: =IF(OR($B29="",NOT(AND($A$5>=DATE(PlanYear,1,1),$A$5<=DATE(PlanYear+1,1,31)))),"",INDEX(CHOOSE(IF(YEAR($A$5)>PlanYear,13,MONTH($A$5)),'Jan'!$D$27:$AH$266,'Feb'!$D$27:$AH$266,'Mar'!$D$27:$AH$266,'Apr'!$D$27:$AH$266,'May'!$D$27:$AH$266,'Jun'!$D$27:$AH$266,'Jul'!$D$27:$AH$266,'Aug'!$D$27:$AH$266,'Sep'!$D$27:$AH$266,'Oct'!$D$27:$AH$266,'Nov'!$D$27:$AH$266,'Dec'!$D$27:$AH$266,'Jan (next year)'!$D$27:$AH$266),76,DAY($A$5))&"")
A30: =IF(Roster!$B$25="","",Roster!$B$25) | B30: =IF(Roster!$C$25="","",Roster!$C$25) | C30: =IF(Roster!$C$25="","",Roster!$F$25&IF(OR(Roster!$G$25="SANS",Roster!$G$25="NSMEN")," | "&Roster!$G$25,"")) | D30: =IF(OR($B30="",NOT(AND($A$5>=DATE(PlanYear,1,1),$A$5<=DATE(PlanYear+1,1,31)))),"",INDEX(CHOOSE(IF(YEAR($A$5)>PlanYear,13,MONTH($A$5)),'Jan'!$D$27:$AH$266,'Feb'!$D$27:$AH$266,'Mar'!$D$27:$AH$266,'Apr'!$D$27:$AH$266,'May'!$D$27:$AH$266,'Jun'!$D$27:$AH$266,'Jul'!$D$27:$AH$266,'Aug'!$D$27:$AH$266,'Sep'!$D$27:$AH$266,'Oct'!$D$27:$AH$266,'Nov'!$D$27:$AH$266,'Dec'!$D$27:$AH$266,'Jan (next year)'!$D$27:$AH$266),77,DAY($A$5))&"") | E30: =IF(OR($B30="",NOT(AND($A$5>=DATE(PlanYear,1,1),$A$5<=DATE(PlanYear+1,1,31)))),"",INDEX(CHOOSE(IF(YEAR($A$5)>PlanYear,13,MONTH($A$5)),'Jan'!$D$27:$AH$266,'Feb'!$D$27:$AH$266,'Mar'!$D$27:$AH$266,'Apr'!$D$27:$AH$266,'May'!$D$27:$AH$266,'Jun'!$D$27:$AH$266,'Jul'!$D$27:$AH$266,'Aug'!$D$27:$AH$266,'Sep'!$D$27:$AH$266,'Oct'!$D$27:$AH$266,'Nov'!$D$27:$AH$266,'Dec'!$D$27:$AH$266,'Jan (next year)'!$D$27:$AH$266),78,DAY($A$5))&"") | F30: =IF(OR($B30="",NOT(AND($A$5>=DATE(PlanYear,1,1),$A$5<=DATE(PlanYear+1,1,31)))),"",INDEX(CHOOSE(IF(YEAR($A$5)>PlanYear,13,MONTH($A$5)),'Jan'!$D$27:$AH$266,'Feb'!$D$27:$AH$266,'Mar'!$D$27:$AH$266,'Apr'!$D$27:$AH$266,'May'!$D$27:$AH$266,'Jun'!$D$27:$AH$266,'Jul'!$D$27:$AH$266,'Aug'!$D$27:$AH$266,'Sep'!$D$27:$AH$266,'Oct'!$D$27:$AH$266,'Nov'!$D$27:$AH$266,'Dec'!$D$27:$AH$266,'Jan (next year)'!$D$27:$AH$266),79,DAY($A$5))&"") | G30: =IF(OR($B30="",NOT(AND($A$5>=DATE(PlanYear,1,1),$A$5<=DATE(PlanYear+1,1,31)))),"",INDEX(CHOOSE(IF(YEAR($A$5)>PlanYear,13,MONTH($A$5)),'Jan'!$D$27:$AH$266,'Feb'!$D$27:$AH$266,'Mar'!$D$27:$AH$266,'Apr'!$D$27:$AH$266,'May'!$D$27:$AH$266,'Jun'!$D$27:$AH$266,'Jul'!$D$27:$AH$266,'Aug'!$D$27:$AH$266,'Sep'!$D$27:$AH$266,'Oct'!$D$27:$AH$266,'Nov'!$D$27:$AH$266,'Dec'!$D$27:$AH$266,'Jan (next year)'!$D$27:$AH$266),80,DAY($A$5))&"")
A31: =IF(Roster!$B$26="","",Roster!$B$26) | B31: =IF(Roster!$C$26="","",Roster!$C$26) | C31: =IF(Roster!$C$26="","",Roster!$F$26&IF(OR(Roster!$G$26="SANS",Roster!$G$26="NSMEN")," | "&Roster!$G$26,"")) | D31: =IF(OR($B31="",NOT(AND($A$5>=DATE(PlanYear,1,1),$A$5<=DATE(PlanYear+1,1,31)))),"",INDEX(CHOOSE(IF(YEAR($A$5)>PlanYear,13,MONTH($A$5)),'Jan'!$D$27:$AH$266,'Feb'!$D$27:$AH$266,'Mar'!$D$27:$AH$266,'Apr'!$D$27:$AH$266,'May'!$D$27:$AH$266,'Jun'!$D$27:$AH$266,'Jul'!$D$27:$AH$266,'Aug'!$D$27:$AH$266,'Sep'!$D$27:$AH$266,'Oct'!$D$27:$AH$266,'Nov'!$D$27:$AH$266,'Dec'!$D$27:$AH$266,'Jan (next year)'!$D$27:$AH$266),81,DAY($A$5))&"") | E31: =IF(OR($B31="",NOT(AND($A$5>=DATE(PlanYear,1,1),$A$5<=DATE(PlanYear+1,1,31)))),"",INDEX(CHOOSE(IF(YEAR($A$5)>PlanYear,13,MONTH($A$5)),'Jan'!$D$27:$AH$266,'Feb'!$D$27:$AH$266,'Mar'!$D$27:$AH$266,'Apr'!$D$27:$AH$266,'May'!$D$27:$AH$266,'Jun'!$D$27:$AH$266,'Jul'!$D$27:$AH$266,'Aug'!$D$27:$AH$266,'Sep'!$D$27:$AH$266,'Oct'!$D$27:$AH$266,'Nov'!$D$27:$AH$266,'Dec'!$D$27:$AH$266,'Jan (next year)'!$D$27:$AH$266),82,DAY($A$5))&"") | F31: =IF(OR($B31="",NOT(AND($A$5>=DATE(PlanYear,1,1),$A$5<=DATE(PlanYear+1,1,31)))),"",INDEX(CHOOSE(IF(YEAR($A$5)>PlanYear,13,MONTH($A$5)),'Jan'!$D$27:$AH$266,'Feb'!$D$27:$AH$266,'Mar'!$D$27:$AH$266,'Apr'!$D$27:$AH$266,'May'!$D$27:$AH$266,'Jun'!$D$27:$AH$266,'Jul'!$D$27:$AH$266,'Aug'!$D$27:$AH$266,'Sep'!$D$27:$AH$266,'Oct'!$D$27:$AH$266,'Nov'!$D$27:$AH$266,'Dec'!$D$27:$AH$266,'Jan (next year)'!$D$27:$AH$266),83,DAY($A$5))&"") | G31: =IF(OR($B31="",NOT(AND($A$5>=DATE(PlanYear,1,1),$A$5<=DATE(PlanYear+1,1,31)))),"",INDEX(CHOOSE(IF(YEAR($A$5)>PlanYear,13,MONTH($A$5)),'Jan'!$D$27:$AH$266,'Feb'!$D$27:$AH$266,'Mar'!$D$27:$AH$266,'Apr'!$D$27:$AH$266,'May'!$D$27:$AH$266,'Jun'!$D$27:$AH$266,'Jul'!$D$27:$AH$266,'Aug'!$D$27:$AH$266,'Sep'!$D$27:$AH$266,'Oct'!$D$27:$AH$266,'Nov'!$D$27:$AH$266,'Dec'!$D$27:$AH$266,'Jan (next year)'!$D$27:$AH$266),84,DAY($A$5))&"")
A32: =IF(Roster!$B$27="","",Roster!$B$27) | B32: =IF(Roster!$C$27="","",Roster!$C$27) | C32: =IF(Roster!$C$27="","",Roster!$F$27&IF(OR(Roster!$G$27="SANS",Roster!$G$27="NSMEN")," | "&Roster!$G$27,"")) | D32: =IF(OR($B32="",NOT(AND($A$5>=DATE(PlanYear,1,1),$A$5<=DATE(PlanYear+1,1,31)))),"",INDEX(CHOOSE(IF(YEAR($A$5)>PlanYear,13,MONTH($A$5)),'Jan'!$D$27:$AH$266,'Feb'!$D$27:$AH$266,'Mar'!$D$27:$AH$266,'Apr'!$D$27:$AH$266,'May'!$D$27:$AH$266,'Jun'!$D$27:$AH$266,'Jul'!$D$27:$AH$266,'Aug'!$D$27:$AH$266,'Sep'!$D$27:$AH$266,'Oct'!$D$27:$AH$266,'Nov'!$D$27:$AH$266,'Dec'!$D$27:$AH$266,'Jan (next year)'!$D$27:$AH$266),85,DAY($A$5))&"") | E32: =IF(OR($B32="",NOT(AND($A$5>=DATE(PlanYear,1,1),$A$5<=DATE(PlanYear+1,1,31)))),"",INDEX(CHOOSE(IF(YEAR($A$5)>PlanYear,13,MONTH($A$5)),'Jan'!$D$27:$AH$266,'Feb'!$D$27:$AH$266,'Mar'!$D$27:$AH$266,'Apr'!$D$27:$AH$266,'May'!$D$27:$AH$266,'Jun'!$D$27:$AH$266,'Jul'!$D$27:$AH$266,'Aug'!$D$27:$AH$266,'Sep'!$D$27:$AH$266,'Oct'!$D$27:$AH$266,'Nov'!$D$27:$AH$266,'Dec'!$D$27:$AH$266,'Jan (next year)'!$D$27:$AH$266),86,DAY($A$5))&"") | F32: =IF(OR($B32="",NOT(AND($A$5>=DATE(PlanYear,1,1),$A$5<=DATE(PlanYear+1,1,31)))),"",INDEX(CHOOSE(IF(YEAR($A$5)>PlanYear,13,MONTH($A$5)),'Jan'!$D$27:$AH$266,'Feb'!$D$27:$AH$266,'Mar'!$D$27:$AH$266,'Apr'!$D$27:$AH$266,'May'!$D$27:$AH$266,'Jun'!$D$27:$AH$266,'Jul'!$D$27:$AH$266,'Aug'!$D$27:$AH$266,'Sep'!$D$27:$AH$266,'Oct'!$D$27:$AH$266,'Nov'!$D$27:$AH$266,'Dec'!$D$27:$AH$266,'Jan (next year)'!$D$27:$AH$266),87,DAY($A$5))&"") | G32: =IF(OR($B32="",NOT(AND($A$5>=DATE(PlanYear,1,1),$A$5<=DATE(PlanYear+1,1,31)))),"",INDEX(CHOOSE(IF(YEAR($A$5)>PlanYear,13,MONTH($A$5)),'Jan'!$D$27:$AH$266,'Feb'!$D$27:$AH$266,'Mar'!$D$27:$AH$266,'Apr'!$D$27:$AH$266,'May'!$D$27:$AH$266,'Jun'!$D$27:$AH$266,'Jul'!$D$27:$AH$266,'Aug'!$D$27:$AH$266,'Sep'!$D$27:$AH$266,'Oct'!$D$27:$AH$266,'Nov'!$D$27:$AH$266,'Dec'!$D$27:$AH$266,'Jan (next year)'!$D$27:$AH$266),88,DAY($A$5))&"")
A33: =IF(Roster!$B$28="","",Roster!$B$28) | B33: =IF(Roster!$C$28="","",Roster!$C$28) | C33: =IF(Roster!$C$28="","",Roster!$F$28&IF(OR(Roster!$G$28="SANS",Roster!$G$28="NSMEN")," | "&Roster!$G$28,"")) | D33: =IF(OR($B33="",NOT(AND($A$5>=DATE(PlanYear,1,1),$A$5<=DATE(PlanYear+1,1,31)))),"",INDEX(CHOOSE(IF(YEAR($A$5)>PlanYear,13,MONTH($A$5)),'Jan'!$D$27:$AH$266,'Feb'!$D$27:$AH$266,'Mar'!$D$27:$AH$266,'Apr'!$D$27:$AH$266,'May'!$D$27:$AH$266,'Jun'!$D$27:$AH$266,'Jul'!$D$27:$AH$266,'Aug'!$D$27:$AH$266,'Sep'!$D$27:$AH$266,'Oct'!$D$27:$AH$266,'Nov'!$D$27:$AH$266,'Dec'!$D$27:$AH$266,'Jan (next year)'!$D$27:$AH$266),89,DAY($A$5))&"") | E33: =IF(OR($B33="",NOT(AND($A$5>=DATE(PlanYear,1,1),$A$5<=DATE(PlanYear+1,1,31)))),"",INDEX(CHOOSE(IF(YEAR($A$5)>PlanYear,13,MONTH($A$5)),'Jan'!$D$27:$AH$266,'Feb'!$D$27:$AH$266,'Mar'!$D$27:$AH$266,'Apr'!$D$27:$AH$266,'May'!$D$27:$AH$266,'Jun'!$D$27:$AH$266,'Jul'!$D$27:$AH$266,'Aug'!$D$27:$AH$266,'Sep'!$D$27:$AH$266,'Oct'!$D$27:$AH$266,'Nov'!$D$27:$AH$266,'Dec'!$D$27:$AH$266,'Jan (next year)'!$D$27:$AH$266),90,DAY($A$5))&"") | F33: =IF(OR($B33="",NOT(AND($A$5>=DATE(PlanYear,1,1),$A$5<=DATE(PlanYear+1,1,31)))),"",INDEX(CHOOSE(IF(YEAR($A$5)>PlanYear,13,MONTH($A$5)),'Jan'!$D$27:$AH$266,'Feb'!$D$27:$AH$266,'Mar'!$D$27:$AH$266,'Apr'!$D$27:$AH$266,'May'!$D$27:$AH$266,'Jun'!$D$27:$AH$266,'Jul'!$D$27:$AH$266,'Aug'!$D$27:$AH$266,'Sep'!$D$27:$AH$266,'Oct'!$D$27:$AH$266,'Nov'!$D$27:$AH$266,'Dec'!$D$27:$AH$266,'Jan (next year)'!$D$27:$AH$266),91,DAY($A$5))&"") | G33: =IF(OR($B33="",NOT(AND($A$5>=DATE(PlanYear,1,1),$A$5<=DATE(PlanYear+1,1,31)))),"",INDEX(CHOOSE(IF(YEAR($A$5)>PlanYear,13,MONTH($A$5)),'Jan'!$D$27:$AH$266,'Feb'!$D$27:$AH$266,'Mar'!$D$27:$AH$266,'Apr'!$D$27:$AH$266,'May'!$D$27:$AH$266,'Jun'!$D$27:$AH$266,'Jul'!$D$27:$AH$266,'Aug'!$D$27:$AH$266,'Sep'!$D$27:$AH$266,'Oct'!$D$27:$AH$266,'Nov'!$D$27:$AH$266,'Dec'!$D$27:$AH$266,'Jan (next year)'!$D$27:$AH$266),92,DAY($A$5))&"")
A34: =IF(Roster!$B$29="","",Roster!$B$29) | B34: =IF(Roster!$C$29="","",Roster!$C$29) | C34: =IF(Roster!$C$29="","",Roster!$F$29&IF(OR(Roster!$G$29="SANS",Roster!$G$29="NSMEN")," | "&Roster!$G$29,"")) | D34: =IF(OR($B34="",NOT(AND($A$5>=DATE(PlanYear,1,1),$A$5<=DATE(PlanYear+1,1,31)))),"",INDEX(CHOOSE(IF(YEAR($A$5)>PlanYear,13,MONTH($A$5)),'Jan'!$D$27:$AH$266,'Feb'!$D$27:$AH$266,'Mar'!$D$27:$AH$266,'Apr'!$D$27:$AH$266,'May'!$D$27:$AH$266,'Jun'!$D$27:$AH$266,'Jul'!$D$27:$AH$266,'Aug'!$D$27:$AH$266,'Sep'!$D$27:$AH$266,'Oct'!$D$27:$AH$266,'Nov'!$D$27:$AH$266,'Dec'!$D$27:$AH$266,'Jan (next year)'!$D$27:$AH$266),93,DAY($A$5))&"") | E34: =IF(OR($B34="",NOT(AND($A$5>=DATE(PlanYear,1,1),$A$5<=DATE(PlanYear+1,1,31)))),"",INDEX(CHOOSE(IF(YEAR($A$5)>PlanYear,13,MONTH($A$5)),'Jan'!$D$27:$AH$266,'Feb'!$D$27:$AH$266,'Mar'!$D$27:$AH$266,'Apr'!$D$27:$AH$266,'May'!$D$27:$AH$266,'Jun'!$D$27:$AH$266,'Jul'!$D$27:$AH$266,'Aug'!$D$27:$AH$266,'Sep'!$D$27:$AH$266,'Oct'!$D$27:$AH$266,'Nov'!$D$27:$AH$266,'Dec'!$D$27:$AH$266,'Jan (next year)'!$D$27:$AH$266),94,DAY($A$5))&"") | F34: =IF(OR($B34="",NOT(AND($A$5>=DATE(PlanYear,1,1),$A$5<=DATE(PlanYear+1,1,31)))),"",INDEX(CHOOSE(IF(YEAR($A$5)>PlanYear,13,MONTH($A$5)),'Jan'!$D$27:$AH$266,'Feb'!$D$27:$AH$266,'Mar'!$D$27:$AH$266,'Apr'!$D$27:$AH$266,'May'!$D$27:$AH$266,'Jun'!$D$27:$AH$266,'Jul'!$D$27:$AH$266,'Aug'!$D$27:$AH$266,'Sep'!$D$27:$AH$266,'Oct'!$D$27:$AH$266,'Nov'!$D$27:$AH$266,'Dec'!$D$27:$AH$266,'Jan (next year)'!$D$27:$AH$266),95,DAY($A$5))&"") | G34: =IF(OR($B34="",NOT(AND($A$5>=DATE(PlanYear,1,1),$A$5<=DATE(PlanYear+1,1,31)))),"",INDEX(CHOOSE(IF(YEAR($A$5)>PlanYear,13,MONTH($A$5)),'Jan'!$D$27:$AH$266,'Feb'!$D$27:$AH$266,'Mar'!$D$27:$AH$266,'Apr'!$D$27:$AH$266,'May'!$D$27:$AH$266,'Jun'!$D$27:$AH$266,'Jul'!$D$27:$AH$266,'Aug'!$D$27:$AH$266,'Sep'!$D$27:$AH$266,'Oct'!$D$27:$AH$266,'Nov'!$D$27:$AH$266,'Dec'!$D$27:$AH$266,'Jan (next year)'!$D$27:$AH$266),96,DAY($A$5))&"")
A35: =IF(Roster!$B$30="","",Roster!$B$30) | B35: =IF(Roster!$C$30="","",Roster!$C$30) | C35: =IF(Roster!$C$30="","",Roster!$F$30&IF(OR(Roster!$G$30="SANS",Roster!$G$30="NSMEN")," | "&Roster!$G$30,"")) | D35: =IF(OR($B35="",NOT(AND($A$5>=DATE(PlanYear,1,1),$A$5<=DATE(PlanYear+1,1,31)))),"",INDEX(CHOOSE(IF(YEAR($A$5)>PlanYear,13,MONTH($A$5)),'Jan'!$D$27:$AH$266,'Feb'!$D$27:$AH$266,'Mar'!$D$27:$AH$266,'Apr'!$D$27:$AH$266,'May'!$D$27:$AH$266,'Jun'!$D$27:$AH$266,'Jul'!$D$27:$AH$266,'Aug'!$D$27:$AH$266,'Sep'!$D$27:$AH$266,'Oct'!$D$27:$AH$266,'Nov'!$D$27:$AH$266,'Dec'!$D$27:$AH$266,'Jan (next year)'!$D$27:$AH$266),97,DAY($A$5))&"") | E35: =IF(OR($B35="",NOT(AND($A$5>=DATE(PlanYear,1,1),$A$5<=DATE(PlanYear+1,1,31)))),"",INDEX(CHOOSE(IF(YEAR($A$5)>PlanYear,13,MONTH($A$5)),'Jan'!$D$27:$AH$266,'Feb'!$D$27:$AH$266,'Mar'!$D$27:$AH$266,'Apr'!$D$27:$AH$266,'May'!$D$27:$AH$266,'Jun'!$D$27:$AH$266,'Jul'!$D$27:$AH$266,'Aug'!$D$27:$AH$266,'Sep'!$D$27:$AH$266,'Oct'!$D$27:$AH$266,'Nov'!$D$27:$AH$266,'Dec'!$D$27:$AH$266,'Jan (next year)'!$D$27:$AH$266),98,DAY($A$5))&"") | F35: =IF(OR($B35="",NOT(AND($A$5>=DATE(PlanYear,1,1),$A$5<=DATE(PlanYear+1,1,31)))),"",INDEX(CHOOSE(IF(YEAR($A$5)>PlanYear,13,MONTH($A$5)),'Jan'!$D$27:$AH$266,'Feb'!$D$27:$AH$266,'Mar'!$D$27:$AH$266,'Apr'!$D$27:$AH$266,'May'!$D$27:$AH$266,'Jun'!$D$27:$AH$266,'Jul'!$D$27:$AH$266,'Aug'!$D$27:$AH$266,'Sep'!$D$27:$AH$266,'Oct'!$D$27:$AH$266,'Nov'!$D$27:$AH$266,'Dec'!$D$27:$AH$266,'Jan (next year)'!$D$27:$AH$266),99,DAY($A$5))&"") | G35: =IF(OR($B35="",NOT(AND($A$5>=DATE(PlanYear,1,1),$A$5<=DATE(PlanYear+1,1,31)))),"",INDEX(CHOOSE(IF(YEAR($A$5)>PlanYear,13,MONTH($A$5)),'Jan'!$D$27:$AH$266,'Feb'!$D$27:$AH$266,'Mar'!$D$27:$AH$266,'Apr'!$D$27:$AH$266,'May'!$D$27:$AH$266,'Jun'!$D$27:$AH$266,'Jul'!$D$27:$AH$266,'Aug'!$D$27:$AH$266,'Sep'!$D$27:$AH$266,'Oct'!$D$27:$AH$266,'Nov'!$D$27:$AH$266,'Dec'!$D$27:$AH$266,'Jan (next year)'!$D$27:$AH$266),100,DAY($A$5))&"")
A36: =IF(Roster!$B$31="","",Roster!$B$31) | B36: =IF(Roster!$C$31="","",Roster!$C$31) | C36: =IF(Roster!$C$31="","",Roster!$F$31&IF(OR(Roster!$G$31="SANS",Roster!$G$31="NSMEN")," | "&Roster!$G$31,"")) | D36: =IF(OR($B36="",NOT(AND($A$5>=DATE(PlanYear,1,1),$A$5<=DATE(PlanYear+1,1,31)))),"",INDEX(CHOOSE(IF(YEAR($A$5)>PlanYear,13,MONTH($A$5)),'Jan'!$D$27:$AH$266,'Feb'!$D$27:$AH$266,'Mar'!$D$27:$AH$266,'Apr'!$D$27:$AH$266,'May'!$D$27:$AH$266,'Jun'!$D$27:$AH$266,'Jul'!$D$27:$AH$266,'Aug'!$D$27:$AH$266,'Sep'!$D$27:$AH$266,'Oct'!$D$27:$AH$266,'Nov'!$D$27:$AH$266,'Dec'!$D$27:$AH$266,'Jan (next year)'!$D$27:$AH$266),101,DAY($A$5))&"") | E36: =IF(OR($B36="",NOT(AND($A$5>=DATE(PlanYear,1,1),$A$5<=DATE(PlanYear+1,1,31)))),"",INDEX(CHOOSE(IF(YEAR($A$5)>PlanYear,13,MONTH($A$5)),'Jan'!$D$27:$AH$266,'Feb'!$D$27:$AH$266,'Mar'!$D$27:$AH$266,'Apr'!$D$27:$AH$266,'May'!$D$27:$AH$266,'Jun'!$D$27:$AH$266,'Jul'!$D$27:$AH$266,'Aug'!$D$27:$AH$266,'Sep'!$D$27:$AH$266,'Oct'!$D$27:$AH$266,'Nov'!$D$27:$AH$266,'Dec'!$D$27:$AH$266,'Jan (next year)'!$D$27:$AH$266),102,DAY($A$5))&"") | F36: =IF(OR($B36="",NOT(AND($A$5>=DATE(PlanYear,1,1),$A$5<=DATE(PlanYear+1,1,31)))),"",INDEX(CHOOSE(IF(YEAR($A$5)>PlanYear,13,MONTH($A$5)),'Jan'!$D$27:$AH$266,'Feb'!$D$27:$AH$266,'Mar'!$D$27:$AH$266,'Apr'!$D$27:$AH$266,'May'!$D$27:$AH$266,'Jun'!$D$27:$AH$266,'Jul'!$D$27:$AH$266,'Aug'!$D$27:$AH$266,'Sep'!$D$27:$AH$266,'Oct'!$D$27:$AH$266,'Nov'!$D$27:$AH$266,'Dec'!$D$27:$AH$266,'Jan (next year)'!$D$27:$AH$266),103,DAY($A$5))&"") | G36: =IF(OR($B36="",NOT(AND($A$5>=DATE(PlanYear,1,1),$A$5<=DATE(PlanYear+1,1,31)))),"",INDEX(CHOOSE(IF(YEAR($A$5)>PlanYear,13,MONTH($A$5)),'Jan'!$D$27:$AH$266,'Feb'!$D$27:$AH$266,'Mar'!$D$27:$AH$266,'Apr'!$D$27:$AH$266,'May'!$D$27:$AH$266,'Jun'!$D$27:$AH$266,'Jul'!$D$27:$AH$266,'Aug'!$D$27:$AH$266,'Sep'!$D$27:$AH$266,'Oct'!$D$27:$AH$266,'Nov'!$D$27:$AH$266,'Dec'!$D$27:$AH$266,'Jan (next year)'!$D$27:$AH$266),104,DAY($A$5))&"")
A37: =IF(Roster!$B$32="","",Roster!$B$32) | B37: =IF(Roster!$C$32="","",Roster!$C$32) | C37: =IF(Roster!$C$32="","",Roster!$F$32&IF(OR(Roster!$G$32="SANS",Roster!$G$32="NSMEN")," | "&Roster!$G$32,"")) | D37: =IF(OR($B37="",NOT(AND($A$5>=DATE(PlanYear,1,1),$A$5<=DATE(PlanYear+1,1,31)))),"",INDEX(CHOOSE(IF(YEAR($A$5)>PlanYear,13,MONTH($A$5)),'Jan'!$D$27:$AH$266,'Feb'!$D$27:$AH$266,'Mar'!$D$27:$AH$266,'Apr'!$D$27:$AH$266,'May'!$D$27:$AH$266,'Jun'!$D$27:$AH$266,'Jul'!$D$27:$AH$266,'Aug'!$D$27:$AH$266,'Sep'!$D$27:$AH$266,'Oct'!$D$27:$AH$266,'Nov'!$D$27:$AH$266,'Dec'!$D$27:$AH$266,'Jan (next year)'!$D$27:$AH$266),105,DAY($A$5))&"") | E37: =IF(OR($B37="",NOT(AND($A$5>=DATE(PlanYear,1,1),$A$5<=DATE(PlanYear+1,1,31)))),"",INDEX(CHOOSE(IF(YEAR($A$5)>PlanYear,13,MONTH($A$5)),'Jan'!$D$27:$AH$266,'Feb'!$D$27:$AH$266,'Mar'!$D$27:$AH$266,'Apr'!$D$27:$AH$266,'May'!$D$27:$AH$266,'Jun'!$D$27:$AH$266,'Jul'!$D$27:$AH$266,'Aug'!$D$27:$AH$266,'Sep'!$D$27:$AH$266,'Oct'!$D$27:$AH$266,'Nov'!$D$27:$AH$266,'Dec'!$D$27:$AH$266,'Jan (next year)'!$D$27:$AH$266),106,DAY($A$5))&"") | F37: =IF(OR($B37="",NOT(AND($A$5>=DATE(PlanYear,1,1),$A$5<=DATE(PlanYear+1,1,31)))),"",INDEX(CHOOSE(IF(YEAR($A$5)>PlanYear,13,MONTH($A$5)),'Jan'!$D$27:$AH$266,'Feb'!$D$27:$AH$266,'Mar'!$D$27:$AH$266,'Apr'!$D$27:$AH$266,'May'!$D$27:$AH$266,'Jun'!$D$27:$AH$266,'Jul'!$D$27:$AH$266,'Aug'!$D$27:$AH$266,'Sep'!$D$27:$AH$266,'Oct'!$D$27:$AH$266,'Nov'!$D$27:$AH$266,'Dec'!$D$27:$AH$266,'Jan (next year)'!$D$27:$AH$266),107,DAY($A$5))&"") | G37: =IF(OR($B37="",NOT(AND($A$5>=DATE(PlanYear,1,1),$A$5<=DATE(PlanYear+1,1,31)))),"",INDEX(CHOOSE(IF(YEAR($A$5)>PlanYear,13,MONTH($A$5)),'Jan'!$D$27:$AH$266,'Feb'!$D$27:$AH$266,'Mar'!$D$27:$AH$266,'Apr'!$D$27:$AH$266,'May'!$D$27:$AH$266,'Jun'!$D$27:$AH$266,'Jul'!$D$27:$AH$266,'Aug'!$D$27:$AH$266,'Sep'!$D$27:$AH$266,'Oct'!$D$27:$AH$266,'Nov'!$D$27:$AH$266,'Dec'!$D$27:$AH$266,'Jan (next year)'!$D$27:$AH$266),108,DAY($A$5))&"")
A38: =IF(Roster!$B$33="","",Roster!$B$33) | B38: =IF(Roster!$C$33="","",Roster!$C$33) | C38: =IF(Roster!$C$33="","",Roster!$F$33&IF(OR(Roster!$G$33="SANS",Roster!$G$33="NSMEN")," | "&Roster!$G$33,"")) | D38: =IF(OR($B38="",NOT(AND($A$5>=DATE(PlanYear,1,1),$A$5<=DATE(PlanYear+1,1,31)))),"",INDEX(CHOOSE(IF(YEAR($A$5)>PlanYear,13,MONTH($A$5)),'Jan'!$D$27:$AH$266,'Feb'!$D$27:$AH$266,'Mar'!$D$27:$AH$266,'Apr'!$D$27:$AH$266,'May'!$D$27:$AH$266,'Jun'!$D$27:$AH$266,'Jul'!$D$27:$AH$266,'Aug'!$D$27:$AH$266,'Sep'!$D$27:$AH$266,'Oct'!$D$27:$AH$266,'Nov'!$D$27:$AH$266,'Dec'!$D$27:$AH$266,'Jan (next year)'!$D$27:$AH$266),109,DAY($A$5))&"") | E38: =IF(OR($B38="",NOT(AND($A$5>=DATE(PlanYear,1,1),$A$5<=DATE(PlanYear+1,1,31)))),"",INDEX(CHOOSE(IF(YEAR($A$5)>PlanYear,13,MONTH($A$5)),'Jan'!$D$27:$AH$266,'Feb'!$D$27:$AH$266,'Mar'!$D$27:$AH$266,'Apr'!$D$27:$AH$266,'May'!$D$27:$AH$266,'Jun'!$D$27:$AH$266,'Jul'!$D$27:$AH$266,'Aug'!$D$27:$AH$266,'Sep'!$D$27:$AH$266,'Oct'!$D$27:$AH$266,'Nov'!$D$27:$AH$266,'Dec'!$D$27:$AH$266,'Jan (next year)'!$D$27:$AH$266),110,DAY($A$5))&"") | F38: =IF(OR($B38="",NOT(AND($A$5>=DATE(PlanYear,1,1),$A$5<=DATE(PlanYear+1,1,31)))),"",INDEX(CHOOSE(IF(YEAR($A$5)>PlanYear,13,MONTH($A$5)),'Jan'!$D$27:$AH$266,'Feb'!$D$27:$AH$266,'Mar'!$D$27:$AH$266,'Apr'!$D$27:$AH$266,'May'!$D$27:$AH$266,'Jun'!$D$27:$AH$266,'Jul'!$D$27:$AH$266,'Aug'!$D$27:$AH$266,'Sep'!$D$27:$AH$266,'Oct'!$D$27:$AH$266,'Nov'!$D$27:$AH$266,'Dec'!$D$27:$AH$266,'Jan (next year)'!$D$27:$AH$266),111,DAY($A$5))&"") | G38: =IF(OR($B38="",NOT(AND($A$5>=DATE(PlanYear,1,1),$A$5<=DATE(PlanYear+1,1,31)))),"",INDEX(CHOOSE(IF(YEAR($A$5)>PlanYear,13,MONTH($A$5)),'Jan'!$D$27:$AH$266,'Feb'!$D$27:$AH$266,'Mar'!$D$27:$AH$266,'Apr'!$D$27:$AH$266,'May'!$D$27:$AH$266,'Jun'!$D$27:$AH$266,'Jul'!$D$27:$AH$266,'Aug'!$D$27:$AH$266,'Sep'!$D$27:$AH$266,'Oct'!$D$27:$AH$266,'Nov'!$D$27:$AH$266,'Dec'!$D$27:$AH$266,'Jan (next year)'!$D$27:$AH$266),112,DAY($A$5))&"")
A39: =IF(Roster!$B$34="","",Roster!$B$34) | B39: =IF(Roster!$C$34="","",Roster!$C$34) | C39: =IF(Roster!$C$34="","",Roster!$F$34&IF(OR(Roster!$G$34="SANS",Roster!$G$34="NSMEN")," | "&Roster!$G$34,"")) | D39: =IF(OR($B39="",NOT(AND($A$5>=DATE(PlanYear,1,1),$A$5<=DATE(PlanYear+1,1,31)))),"",INDEX(CHOOSE(IF(YEAR($A$5)>PlanYear,13,MONTH($A$5)),'Jan'!$D$27:$AH$266,'Feb'!$D$27:$AH$266,'Mar'!$D$27:$AH$266,'Apr'!$D$27:$AH$266,'May'!$D$27:$AH$266,'Jun'!$D$27:$AH$266,'Jul'!$D$27:$AH$266,'Aug'!$D$27:$AH$266,'Sep'!$D$27:$AH$266,'Oct'!$D$27:$AH$266,'Nov'!$D$27:$AH$266,'Dec'!$D$27:$AH$266,'Jan (next year)'!$D$27:$AH$266),113,DAY($A$5))&"") | E39: =IF(OR($B39="",NOT(AND($A$5>=DATE(PlanYear,1,1),$A$5<=DATE(PlanYear+1,1,31)))),"",INDEX(CHOOSE(IF(YEAR($A$5)>PlanYear,13,MONTH($A$5)),'Jan'!$D$27:$AH$266,'Feb'!$D$27:$AH$266,'Mar'!$D$27:$AH$266,'Apr'!$D$27:$AH$266,'May'!$D$27:$AH$266,'Jun'!$D$27:$AH$266,'Jul'!$D$27:$AH$266,'Aug'!$D$27:$AH$266,'Sep'!$D$27:$AH$266,'Oct'!$D$27:$AH$266,'Nov'!$D$27:$AH$266,'Dec'!$D$27:$AH$266,'Jan (next year)'!$D$27:$AH$266),114,DAY($A$5))&"") | F39: =IF(OR($B39="",NOT(AND($A$5>=DATE(PlanYear,1,1),$A$5<=DATE(PlanYear+1,1,31)))),"",INDEX(CHOOSE(IF(YEAR($A$5)>PlanYear,13,MONTH($A$5)),'Jan'!$D$27:$AH$266,'Feb'!$D$27:$AH$266,'Mar'!$D$27:$AH$266,'Apr'!$D$27:$AH$266,'May'!$D$27:$AH$266,'Jun'!$D$27:$AH$266,'Jul'!$D$27:$AH$266,'Aug'!$D$27:$AH$266,'Sep'!$D$27:$AH$266,'Oct'!$D$27:$AH$266,'Nov'!$D$27:$AH$266,'Dec'!$D$27:$AH$266,'Jan (next year)'!$D$27:$AH$266),115,DAY($A$5))&"") | G39: =IF(OR($B39="",NOT(AND($A$5>=DATE(PlanYear,1,1),$A$5<=DATE(PlanYear+1,1,31)))),"",INDEX(CHOOSE(IF(YEAR($A$5)>PlanYear,13,MONTH($A$5)),'Jan'!$D$27:$AH$266,'Feb'!$D$27:$AH$266,'Mar'!$D$27:$AH$266,'Apr'!$D$27:$AH$266,'May'!$D$27:$AH$266,'Jun'!$D$27:$AH$266,'Jul'!$D$27:$AH$266,'Aug'!$D$27:$AH$266,'Sep'!$D$27:$AH$266,'Oct'!$D$27:$AH$266,'Nov'!$D$27:$AH$266,'Dec'!$D$27:$AH$266,'Jan (next year)'!$D$27:$AH$266),116,DAY($A$5))&"")
A40: =IF(Roster!$B$35="","",Roster!$B$35) | B40: =IF(Roster!$C$35="","",Roster!$C$35) | C40: =IF(Roster!$C$35="","",Roster!$F$35&IF(OR(Roster!$G$35="SANS",Roster!$G$35="NSMEN")," | "&Roster!$G$35,"")) | D40: =IF(OR($B40="",NOT(AND($A$5>=DATE(PlanYear,1,1),$A$5<=DATE(PlanYear+1,1,31)))),"",INDEX(CHOOSE(IF(YEAR($A$5)>PlanYear,13,MONTH($A$5)),'Jan'!$D$27:$AH$266,'Feb'!$D$27:$AH$266,'Mar'!$D$27:$AH$266,'Apr'!$D$27:$AH$266,'May'!$D$27:$AH$266,'Jun'!$D$27:$AH$266,'Jul'!$D$27:$AH$266,'Aug'!$D$27:$AH$266,'Sep'!$D$27:$AH$266,'Oct'!$D$27:$AH$266,'Nov'!$D$27:$AH$266,'Dec'!$D$27:$AH$266,'Jan (next year)'!$D$27:$AH$266),117,DAY($A$5))&"") | E40: =IF(OR($B40="",NOT(AND($A$5>=DATE(PlanYear,1,1),$A$5<=DATE(PlanYear+1,1,31)))),"",INDEX(CHOOSE(IF(YEAR($A$5)>PlanYear,13,MONTH($A$5)),'Jan'!$D$27:$AH$266,'Feb'!$D$27:$AH$266,'Mar'!$D$27:$AH$266,'Apr'!$D$27:$AH$266,'May'!$D$27:$AH$266,'Jun'!$D$27:$AH$266,'Jul'!$D$27:$AH$266,'Aug'!$D$27:$AH$266,'Sep'!$D$27:$AH$266,'Oct'!$D$27:$AH$266,'Nov'!$D$27:$AH$266,'Dec'!$D$27:$AH$266,'Jan (next year)'!$D$27:$AH$266),118,DAY($A$5))&"") | F40: =IF(OR($B40="",NOT(AND($A$5>=DATE(PlanYear,1,1),$A$5<=DATE(PlanYear+1,1,31)))),"",INDEX(CHOOSE(IF(YEAR($A$5)>PlanYear,13,MONTH($A$5)),'Jan'!$D$27:$AH$266,'Feb'!$D$27:$AH$266,'Mar'!$D$27:$AH$266,'Apr'!$D$27:$AH$266,'May'!$D$27:$AH$266,'Jun'!$D$27:$AH$266,'Jul'!$D$27:$AH$266,'Aug'!$D$27:$AH$266,'Sep'!$D$27:$AH$266,'Oct'!$D$27:$AH$266,'Nov'!$D$27:$AH$266,'Dec'!$D$27:$AH$266,'Jan (next year)'!$D$27:$AH$266),119,DAY($A$5))&"") | G40: =IF(OR($B40="",NOT(AND($A$5>=DATE(PlanYear,1,1),$A$5<=DATE(PlanYear+1,1,31)))),"",INDEX(CHOOSE(IF(YEAR($A$5)>PlanYear,13,MONTH($A$5)),'Jan'!$D$27:$AH$266,'Feb'!$D$27:$AH$266,'Mar'!$D$27:$AH$266,'Apr'!$D$27:$AH$266,'May'!$D$27:$AH$266,'Jun'!$D$27:$AH$266,'Jul'!$D$27:$AH$266,'Aug'!$D$27:$AH$266,'Sep'!$D$27:$AH$266,'Oct'!$D$27:$AH$266,'Nov'!$D$27:$AH$266,'Dec'!$D$27:$AH$266,'Jan (next year)'!$D$27:$AH$266),120,DAY($A$5))&"")
A41: =IF(Roster!$B$36="","",Roster!$B$36) | B41: =IF(Roster!$C$36="","",Roster!$C$36) | C41: =IF(Roster!$C$36="","",Roster!$F$36&IF(OR(Roster!$G$36="SANS",Roster!$G$36="NSMEN")," | "&Roster!$G$36,"")) | D41: =IF(OR($B41="",NOT(AND($A$5>=DATE(PlanYear,1,1),$A$5<=DATE(PlanYear+1,1,31)))),"",INDEX(CHOOSE(IF(YEAR($A$5)>PlanYear,13,MONTH($A$5)),'Jan'!$D$27:$AH$266,'Feb'!$D$27:$AH$266,'Mar'!$D$27:$AH$266,'Apr'!$D$27:$AH$266,'May'!$D$27:$AH$266,'Jun'!$D$27:$AH$266,'Jul'!$D$27:$AH$266,'Aug'!$D$27:$AH$266,'Sep'!$D$27:$AH$266,'Oct'!$D$27:$AH$266,'Nov'!$D$27:$AH$266,'Dec'!$D$27:$AH$266,'Jan (next year)'!$D$27:$AH$266),121,DAY($A$5))&"") | E41: =IF(OR($B41="",NOT(AND($A$5>=DATE(PlanYear,1,1),$A$5<=DATE(PlanYear+1,1,31)))),"",INDEX(CHOOSE(IF(YEAR($A$5)>PlanYear,13,MONTH($A$5)),'Jan'!$D$27:$AH$266,'Feb'!$D$27:$AH$266,'Mar'!$D$27:$AH$266,'Apr'!$D$27:$AH$266,'May'!$D$27:$AH$266,'Jun'!$D$27:$AH$266,'Jul'!$D$27:$AH$266,'Aug'!$D$27:$AH$266,'Sep'!$D$27:$AH$266,'Oct'!$D$27:$AH$266,'Nov'!$D$27:$AH$266,'Dec'!$D$27:$AH$266,'Jan (next year)'!$D$27:$AH$266),122,DAY($A$5))&"") | F41: =IF(OR($B41="",NOT(AND($A$5>=DATE(PlanYear,1,1),$A$5<=DATE(PlanYear+1,1,31)))),"",INDEX(CHOOSE(IF(YEAR($A$5)>PlanYear,13,MONTH($A$5)),'Jan'!$D$27:$AH$266,'Feb'!$D$27:$AH$266,'Mar'!$D$27:$AH$266,'Apr'!$D$27:$AH$266,'May'!$D$27:$AH$266,'Jun'!$D$27:$AH$266,'Jul'!$D$27:$AH$266,'Aug'!$D$27:$AH$266,'Sep'!$D$27:$AH$266,'Oct'!$D$27:$AH$266,'Nov'!$D$27:$AH$266,'Dec'!$D$27:$AH$266,'Jan (next year)'!$D$27:$AH$266),123,DAY($A$5))&"") | G41: =IF(OR($B41="",NOT(AND($A$5>=DATE(PlanYear,1,1),$A$5<=DATE(PlanYear+1,1,31)))),"",INDEX(CHOOSE(IF(YEAR($A$5)>PlanYear,13,MONTH($A$5)),'Jan'!$D$27:$AH$266,'Feb'!$D$27:$AH$266,'Mar'!$D$27:$AH$266,'Apr'!$D$27:$AH$266,'May'!$D$27:$AH$266,'Jun'!$D$27:$AH$266,'Jul'!$D$27:$AH$266,'Aug'!$D$27:$AH$266,'Sep'!$D$27:$AH$266,'Oct'!$D$27:$AH$266,'Nov'!$D$27:$AH$266,'Dec'!$D$27:$AH$266,'Jan (next year)'!$D$27:$AH$266),124,DAY($A$5))&"")
A42: =IF(Roster!$B$37="","",Roster!$B$37) | B42: =IF(Roster!$C$37="","",Roster!$C$37) | C42: =IF(Roster!$C$37="","",Roster!$F$37&IF(OR(Roster!$G$37="SANS",Roster!$G$37="NSMEN")," | "&Roster!$G$37,"")) | D42: =IF(OR($B42="",NOT(AND($A$5>=DATE(PlanYear,1,1),$A$5<=DATE(PlanYear+1,1,31)))),"",INDEX(CHOOSE(IF(YEAR($A$5)>PlanYear,13,MONTH($A$5)),'Jan'!$D$27:$AH$266,'Feb'!$D$27:$AH$266,'Mar'!$D$27:$AH$266,'Apr'!$D$27:$AH$266,'May'!$D$27:$AH$266,'Jun'!$D$27:$AH$266,'Jul'!$D$27:$AH$266,'Aug'!$D$27:$AH$266,'Sep'!$D$27:$AH$266,'Oct'!$D$27:$AH$266,'Nov'!$D$27:$AH$266,'Dec'!$D$27:$AH$266,'Jan (next year)'!$D$27:$AH$266),125,DAY($A$5))&"") | E42: =IF(OR($B42="",NOT(AND($A$5>=DATE(PlanYear,1,1),$A$5<=DATE(PlanYear+1,1,31)))),"",INDEX(CHOOSE(IF(YEAR($A$5)>PlanYear,13,MONTH($A$5)),'Jan'!$D$27:$AH$266,'Feb'!$D$27:$AH$266,'Mar'!$D$27:$AH$266,'Apr'!$D$27:$AH$266,'May'!$D$27:$AH$266,'Jun'!$D$27:$AH$266,'Jul'!$D$27:$AH$266,'Aug'!$D$27:$AH$266,'Sep'!$D$27:$AH$266,'Oct'!$D$27:$AH$266,'Nov'!$D$27:$AH$266,'Dec'!$D$27:$AH$266,'Jan (next year)'!$D$27:$AH$266),126,DAY($A$5))&"") | F42: =IF(OR($B42="",NOT(AND($A$5>=DATE(PlanYear,1,1),$A$5<=DATE(PlanYear+1,1,31)))),"",INDEX(CHOOSE(IF(YEAR($A$5)>PlanYear,13,MONTH($A$5)),'Jan'!$D$27:$AH$266,'Feb'!$D$27:$AH$266,'Mar'!$D$27:$AH$266,'Apr'!$D$27:$AH$266,'May'!$D$27:$AH$266,'Jun'!$D$27:$AH$266,'Jul'!$D$27:$AH$266,'Aug'!$D$27:$AH$266,'Sep'!$D$27:$AH$266,'Oct'!$D$27:$AH$266,'Nov'!$D$27:$AH$266,'Dec'!$D$27:$AH$266,'Jan (next year)'!$D$27:$AH$266),127,DAY($A$5))&"") | G42: =IF(OR($B42="",NOT(AND($A$5>=DATE(PlanYear,1,1),$A$5<=DATE(PlanYear+1,1,31)))),"",INDEX(CHOOSE(IF(YEAR($A$5)>PlanYear,13,MONTH($A$5)),'Jan'!$D$27:$AH$266,'Feb'!$D$27:$AH$266,'Mar'!$D$27:$AH$266,'Apr'!$D$27:$AH$266,'May'!$D$27:$AH$266,'Jun'!$D$27:$AH$266,'Jul'!$D$27:$AH$266,'Aug'!$D$27:$AH$266,'Sep'!$D$27:$AH$266,'Oct'!$D$27:$AH$266,'Nov'!$D$27:$AH$266,'Dec'!$D$27:$AH$266,'Jan (next year)'!$D$27:$AH$266),128,DAY($A$5))&"")
A43: =IF(Roster!$B$38="","",Roster!$B$38) | B43: =IF(Roster!$C$38="","",Roster!$C$38) | C43: =IF(Roster!$C$38="","",Roster!$F$38&IF(OR(Roster!$G$38="SANS",Roster!$G$38="NSMEN")," | "&Roster!$G$38,"")) | D43: =IF(OR($B43="",NOT(AND($A$5>=DATE(PlanYear,1,1),$A$5<=DATE(PlanYear+1,1,31)))),"",INDEX(CHOOSE(IF(YEAR($A$5)>PlanYear,13,MONTH($A$5)),'Jan'!$D$27:$AH$266,'Feb'!$D$27:$AH$266,'Mar'!$D$27:$AH$266,'Apr'!$D$27:$AH$266,'May'!$D$27:$AH$266,'Jun'!$D$27:$AH$266,'Jul'!$D$27:$AH$266,'Aug'!$D$27:$AH$266,'Sep'!$D$27:$AH$266,'Oct'!$D$27:$AH$266,'Nov'!$D$27:$AH$266,'Dec'!$D$27:$AH$266,'Jan (next year)'!$D$27:$AH$266),129,DAY($A$5))&"") | E43: =IF(OR($B43="",NOT(AND($A$5>=DATE(PlanYear,1,1),$A$5<=DATE(PlanYear+1,1,31)))),"",INDEX(CHOOSE(IF(YEAR($A$5)>PlanYear,13,MONTH($A$5)),'Jan'!$D$27:$AH$266,'Feb'!$D$27:$AH$266,'Mar'!$D$27:$AH$266,'Apr'!$D$27:$AH$266,'May'!$D$27:$AH$266,'Jun'!$D$27:$AH$266,'Jul'!$D$27:$AH$266,'Aug'!$D$27:$AH$266,'Sep'!$D$27:$AH$266,'Oct'!$D$27:$AH$266,'Nov'!$D$27:$AH$266,'Dec'!$D$27:$AH$266,'Jan (next year)'!$D$27:$AH$266),130,DAY($A$5))&"") | F43: =IF(OR($B43="",NOT(AND($A$5>=DATE(PlanYear,1,1),$A$5<=DATE(PlanYear+1,1,31)))),"",INDEX(CHOOSE(IF(YEAR($A$5)>PlanYear,13,MONTH($A$5)),'Jan'!$D$27:$AH$266,'Feb'!$D$27:$AH$266,'Mar'!$D$27:$AH$266,'Apr'!$D$27:$AH$266,'May'!$D$27:$AH$266,'Jun'!$D$27:$AH$266,'Jul'!$D$27:$AH$266,'Aug'!$D$27:$AH$266,'Sep'!$D$27:$AH$266,'Oct'!$D$27:$AH$266,'Nov'!$D$27:$AH$266,'Dec'!$D$27:$AH$266,'Jan (next year)'!$D$27:$AH$266),131,DAY($A$5))&"") | G43: =IF(OR($B43="",NOT(AND($A$5>=DATE(PlanYear,1,1),$A$5<=DATE(PlanYear+1,1,31)))),"",INDEX(CHOOSE(IF(YEAR($A$5)>PlanYear,13,MONTH($A$5)),'Jan'!$D$27:$AH$266,'Feb'!$D$27:$AH$266,'Mar'!$D$27:$AH$266,'Apr'!$D$27:$AH$266,'May'!$D$27:$AH$266,'Jun'!$D$27:$AH$266,'Jul'!$D$27:$AH$266,'Aug'!$D$27:$AH$266,'Sep'!$D$27:$AH$266,'Oct'!$D$27:$AH$266,'Nov'!$D$27:$AH$266,'Dec'!$D$27:$AH$266,'Jan (next year)'!$D$27:$AH$266),132,DAY($A$5))&"")
A44: =IF(Roster!$B$39="","",Roster!$B$39) | B44: =IF(Roster!$C$39="","",Roster!$C$39) | C44: =IF(Roster!$C$39="","",Roster!$F$39&IF(OR(Roster!$G$39="SANS",Roster!$G$39="NSMEN")," | "&Roster!$G$39,"")) | D44: =IF(OR($B44="",NOT(AND($A$5>=DATE(PlanYear,1,1),$A$5<=DATE(PlanYear+1,1,31)))),"",INDEX(CHOOSE(IF(YEAR($A$5)>PlanYear,13,MONTH($A$5)),'Jan'!$D$27:$AH$266,'Feb'!$D$27:$AH$266,'Mar'!$D$27:$AH$266,'Apr'!$D$27:$AH$266,'May'!$D$27:$AH$266,'Jun'!$D$27:$AH$266,'Jul'!$D$27:$AH$266,'Aug'!$D$27:$AH$266,'Sep'!$D$27:$AH$266,'Oct'!$D$27:$AH$266,'Nov'!$D$27:$AH$266,'Dec'!$D$27:$AH$266,'Jan (next year)'!$D$27:$AH$266),133,DAY($A$5))&"") | E44: =IF(OR($B44="",NOT(AND($A$5>=DATE(PlanYear,1,1),$A$5<=DATE(PlanYear+1,1,31)))),"",INDEX(CHOOSE(IF(YEAR($A$5)>PlanYear,13,MONTH($A$5)),'Jan'!$D$27:$AH$266,'Feb'!$D$27:$AH$266,'Mar'!$D$27:$AH$266,'Apr'!$D$27:$AH$266,'May'!$D$27:$AH$266,'Jun'!$D$27:$AH$266,'Jul'!$D$27:$AH$266,'Aug'!$D$27:$AH$266,'Sep'!$D$27:$AH$266,'Oct'!$D$27:$AH$266,'Nov'!$D$27:$AH$266,'Dec'!$D$27:$AH$266,'Jan (next year)'!$D$27:$AH$266),134,DAY($A$5))&"") | F44: =IF(OR($B44="",NOT(AND($A$5>=DATE(PlanYear,1,1),$A$5<=DATE(PlanYear+1,1,31)))),"",INDEX(CHOOSE(IF(YEAR($A$5)>PlanYear,13,MONTH($A$5)),'Jan'!$D$27:$AH$266,'Feb'!$D$27:$AH$266,'Mar'!$D$27:$AH$266,'Apr'!$D$27:$AH$266,'May'!$D$27:$AH$266,'Jun'!$D$27:$AH$266,'Jul'!$D$27:$AH$266,'Aug'!$D$27:$AH$266,'Sep'!$D$27:$AH$266,'Oct'!$D$27:$AH$266,'Nov'!$D$27:$AH$266,'Dec'!$D$27:$AH$266,'Jan (next year)'!$D$27:$AH$266),135,DAY($A$5))&"") | G44: =IF(OR($B44="",NOT(AND($A$5>=DATE(PlanYear,1,1),$A$5<=DATE(PlanYear+1,1,31)))),"",INDEX(CHOOSE(IF(YEAR($A$5)>PlanYear,13,MONTH($A$5)),'Jan'!$D$27:$AH$266,'Feb'!$D$27:$AH$266,'Mar'!$D$27:$AH$266,'Apr'!$D$27:$AH$266,'May'!$D$27:$AH$266,'Jun'!$D$27:$AH$266,'Jul'!$D$27:$AH$266,'Aug'!$D$27:$AH$266,'Sep'!$D$27:$AH$266,'Oct'!$D$27:$AH$266,'Nov'!$D$27:$AH$266,'Dec'!$D$27:$AH$266,'Jan (next year)'!$D$27:$AH$266),136,DAY($A$5))&"")
A45: =IF(Roster!$B$40="","",Roster!$B$40) | B45: =IF(Roster!$C$40="","",Roster!$C$40) | C45: =IF(Roster!$C$40="","",Roster!$F$40&IF(OR(Roster!$G$40="SANS",Roster!$G$40="NSMEN")," | "&Roster!$G$40,"")) | D45: =IF(OR($B45="",NOT(AND($A$5>=DATE(PlanYear,1,1),$A$5<=DATE(PlanYear+1,1,31)))),"",INDEX(CHOOSE(IF(YEAR($A$5)>PlanYear,13,MONTH($A$5)),'Jan'!$D$27:$AH$266,'Feb'!$D$27:$AH$266,'Mar'!$D$27:$AH$266,'Apr'!$D$27:$AH$266,'May'!$D$27:$AH$266,'Jun'!$D$27:$AH$266,'Jul'!$D$27:$AH$266,'Aug'!$D$27:$AH$266,'Sep'!$D$27:$AH$266,'Oct'!$D$27:$AH$266,'Nov'!$D$27:$AH$266,'Dec'!$D$27:$AH$266,'Jan (next year)'!$D$27:$AH$266),137,DAY($A$5))&"") | E45: =IF(OR($B45="",NOT(AND($A$5>=DATE(PlanYear,1,1),$A$5<=DATE(PlanYear+1,1,31)))),"",INDEX(CHOOSE(IF(YEAR($A$5)>PlanYear,13,MONTH($A$5)),'Jan'!$D$27:$AH$266,'Feb'!$D$27:$AH$266,'Mar'!$D$27:$AH$266,'Apr'!$D$27:$AH$266,'May'!$D$27:$AH$266,'Jun'!$D$27:$AH$266,'Jul'!$D$27:$AH$266,'Aug'!$D$27:$AH$266,'Sep'!$D$27:$AH$266,'Oct'!$D$27:$AH$266,'Nov'!$D$27:$AH$266,'Dec'!$D$27:$AH$266,'Jan (next year)'!$D$27:$AH$266),138,DAY($A$5))&"") | F45: =IF(OR($B45="",NOT(AND($A$5>=DATE(PlanYear,1,1),$A$5<=DATE(PlanYear+1,1,31)))),"",INDEX(CHOOSE(IF(YEAR($A$5)>PlanYear,13,MONTH($A$5)),'Jan'!$D$27:$AH$266,'Feb'!$D$27:$AH$266,'Mar'!$D$27:$AH$266,'Apr'!$D$27:$AH$266,'May'!$D$27:$AH$266,'Jun'!$D$27:$AH$266,'Jul'!$D$27:$AH$266,'Aug'!$D$27:$AH$266,'Sep'!$D$27:$AH$266,'Oct'!$D$27:$AH$266,'Nov'!$D$27:$AH$266,'Dec'!$D$27:$AH$266,'Jan (next year)'!$D$27:$AH$266),139,DAY($A$5))&"") | G45: =IF(OR($B45="",NOT(AND($A$5>=DATE(PlanYear,1,1),$A$5<=DATE(PlanYear+1,1,31)))),"",INDEX(CHOOSE(IF(YEAR($A$5)>PlanYear,13,MONTH($A$5)),'Jan'!$D$27:$AH$266,'Feb'!$D$27:$AH$266,'Mar'!$D$27:$AH$266,'Apr'!$D$27:$AH$266,'May'!$D$27:$AH$266,'Jun'!$D$27:$AH$266,'Jul'!$D$27:$AH$266,'Aug'!$D$27:$AH$266,'Sep'!$D$27:$AH$266,'Oct'!$D$27:$AH$266,'Nov'!$D$27:$AH$266,'Dec'!$D$27:$AH$266,'Jan (next year)'!$D$27:$AH$266),140,DAY($A$5))&"")
A46: =IF(Roster!$B$41="","",Roster!$B$41) | B46: =IF(Roster!$C$41="","",Roster!$C$41) | C46: =IF(Roster!$C$41="","",Roster!$F$41&IF(OR(Roster!$G$41="SANS",Roster!$G$41="NSMEN")," | "&Roster!$G$41,"")) | D46: =IF(OR($B46="",NOT(AND($A$5>=DATE(PlanYear,1,1),$A$5<=DATE(PlanYear+1,1,31)))),"",INDEX(CHOOSE(IF(YEAR($A$5)>PlanYear,13,MONTH($A$5)),'Jan'!$D$27:$AH$266,'Feb'!$D$27:$AH$266,'Mar'!$D$27:$AH$266,'Apr'!$D$27:$AH$266,'May'!$D$27:$AH$266,'Jun'!$D$27:$AH$266,'Jul'!$D$27:$AH$266,'Aug'!$D$27:$AH$266,'Sep'!$D$27:$AH$266,'Oct'!$D$27:$AH$266,'Nov'!$D$27:$AH$266,'Dec'!$D$27:$AH$266,'Jan (next year)'!$D$27:$AH$266),141,DAY($A$5))&"") | E46: =IF(OR($B46="",NOT(AND($A$5>=DATE(PlanYear,1,1),$A$5<=DATE(PlanYear+1,1,31)))),"",INDEX(CHOOSE(IF(YEAR($A$5)>PlanYear,13,MONTH($A$5)),'Jan'!$D$27:$AH$266,'Feb'!$D$27:$AH$266,'Mar'!$D$27:$AH$266,'Apr'!$D$27:$AH$266,'May'!$D$27:$AH$266,'Jun'!$D$27:$AH$266,'Jul'!$D$27:$AH$266,'Aug'!$D$27:$AH$266,'Sep'!$D$27:$AH$266,'Oct'!$D$27:$AH$266,'Nov'!$D$27:$AH$266,'Dec'!$D$27:$AH$266,'Jan (next year)'!$D$27:$AH$266),142,DAY($A$5))&"") | F46: =IF(OR($B46="",NOT(AND($A$5>=DATE(PlanYear,1,1),$A$5<=DATE(PlanYear+1,1,31)))),"",INDEX(CHOOSE(IF(YEAR($A$5)>PlanYear,13,MONTH($A$5)),'Jan'!$D$27:$AH$266,'Feb'!$D$27:$AH$266,'Mar'!$D$27:$AH$266,'Apr'!$D$27:$AH$266,'May'!$D$27:$AH$266,'Jun'!$D$27:$AH$266,'Jul'!$D$27:$AH$266,'Aug'!$D$27:$AH$266,'Sep'!$D$27:$AH$266,'Oct'!$D$27:$AH$266,'Nov'!$D$27:$AH$266,'Dec'!$D$27:$AH$266,'Jan (next year)'!$D$27:$AH$266),143,DAY($A$5))&"") | G46: =IF(OR($B46="",NOT(AND($A$5>=DATE(PlanYear,1,1),$A$5<=DATE(PlanYear+1,1,31)))),"",INDEX(CHOOSE(IF(YEAR($A$5)>PlanYear,13,MONTH($A$5)),'Jan'!$D$27:$AH$266,'Feb'!$D$27:$AH$266,'Mar'!$D$27:$AH$266,'Apr'!$D$27:$AH$266,'May'!$D$27:$AH$266,'Jun'!$D$27:$AH$266,'Jul'!$D$27:$AH$266,'Aug'!$D$27:$AH$266,'Sep'!$D$27:$AH$266,'Oct'!$D$27:$AH$266,'Nov'!$D$27:$AH$266,'Dec'!$D$27:$AH$266,'Jan (next year)'!$D$27:$AH$266),144,DAY($A$5))&"")
A47: =IF(Roster!$B$42="","",Roster!$B$42) | B47: =IF(Roster!$C$42="","",Roster!$C$42) | C47: =IF(Roster!$C$42="","",Roster!$F$42&IF(OR(Roster!$G$42="SANS",Roster!$G$42="NSMEN")," | "&Roster!$G$42,"")) | D47: =IF(OR($B47="",NOT(AND($A$5>=DATE(PlanYear,1,1),$A$5<=DATE(PlanYear+1,1,31)))),"",INDEX(CHOOSE(IF(YEAR($A$5)>PlanYear,13,MONTH($A$5)),'Jan'!$D$27:$AH$266,'Feb'!$D$27:$AH$266,'Mar'!$D$27:$AH$266,'Apr'!$D$27:$AH$266,'May'!$D$27:$AH$266,'Jun'!$D$27:$AH$266,'Jul'!$D$27:$AH$266,'Aug'!$D$27:$AH$266,'Sep'!$D$27:$AH$266,'Oct'!$D$27:$AH$266,'Nov'!$D$27:$AH$266,'Dec'!$D$27:$AH$266,'Jan (next year)'!$D$27:$AH$266),145,DAY($A$5))&"") | E47: =IF(OR($B47="",NOT(AND($A$5>=DATE(PlanYear,1,1),$A$5<=DATE(PlanYear+1,1,31)))),"",INDEX(CHOOSE(IF(YEAR($A$5)>PlanYear,13,MONTH($A$5)),'Jan'!$D$27:$AH$266,'Feb'!$D$27:$AH$266,'Mar'!$D$27:$AH$266,'Apr'!$D$27:$AH$266,'May'!$D$27:$AH$266,'Jun'!$D$27:$AH$266,'Jul'!$D$27:$AH$266,'Aug'!$D$27:$AH$266,'Sep'!$D$27:$AH$266,'Oct'!$D$27:$AH$266,'Nov'!$D$27:$AH$266,'Dec'!$D$27:$AH$266,'Jan (next year)'!$D$27:$AH$266),146,DAY($A$5))&"") | F47: =IF(OR($B47="",NOT(AND($A$5>=DATE(PlanYear,1,1),$A$5<=DATE(PlanYear+1,1,31)))),"",INDEX(CHOOSE(IF(YEAR($A$5)>PlanYear,13,MONTH($A$5)),'Jan'!$D$27:$AH$266,'Feb'!$D$27:$AH$266,'Mar'!$D$27:$AH$266,'Apr'!$D$27:$AH$266,'May'!$D$27:$AH$266,'Jun'!$D$27:$AH$266,'Jul'!$D$27:$AH$266,'Aug'!$D$27:$AH$266,'Sep'!$D$27:$AH$266,'Oct'!$D$27:$AH$266,'Nov'!$D$27:$AH$266,'Dec'!$D$27:$AH$266,'Jan (next year)'!$D$27:$AH$266),147,DAY($A$5))&"") | G47: =IF(OR($B47="",NOT(AND($A$5>=DATE(PlanYear,1,1),$A$5<=DATE(PlanYear+1,1,31)))),"",INDEX(CHOOSE(IF(YEAR($A$5)>PlanYear,13,MONTH($A$5)),'Jan'!$D$27:$AH$266,'Feb'!$D$27:$AH$266,'Mar'!$D$27:$AH$266,'Apr'!$D$27:$AH$266,'May'!$D$27:$AH$266,'Jun'!$D$27:$AH$266,'Jul'!$D$27:$AH$266,'Aug'!$D$27:$AH$266,'Sep'!$D$27:$AH$266,'Oct'!$D$27:$AH$266,'Nov'!$D$27:$AH$266,'Dec'!$D$27:$AH$266,'Jan (next year)'!$D$27:$AH$266),148,DAY($A$5))&"")
A48: =IF(Roster!$B$43="","",Roster!$B$43) | B48: =IF(Roster!$C$43="","",Roster!$C$43) | C48: =IF(Roster!$C$43="","",Roster!$F$43&IF(OR(Roster!$G$43="SANS",Roster!$G$43="NSMEN")," | "&Roster!$G$43,"")) | D48: =IF(OR($B48="",NOT(AND($A$5>=DATE(PlanYear,1,1),$A$5<=DATE(PlanYear+1,1,31)))),"",INDEX(CHOOSE(IF(YEAR($A$5)>PlanYear,13,MONTH($A$5)),'Jan'!$D$27:$AH$266,'Feb'!$D$27:$AH$266,'Mar'!$D$27:$AH$266,'Apr'!$D$27:$AH$266,'May'!$D$27:$AH$266,'Jun'!$D$27:$AH$266,'Jul'!$D$27:$AH$266,'Aug'!$D$27:$AH$266,'Sep'!$D$27:$AH$266,'Oct'!$D$27:$AH$266,'Nov'!$D$27:$AH$266,'Dec'!$D$27:$AH$266,'Jan (next year)'!$D$27:$AH$266),149,DAY($A$5))&"") | E48: =IF(OR($B48="",NOT(AND($A$5>=DATE(PlanYear,1,1),$A$5<=DATE(PlanYear+1,1,31)))),"",INDEX(CHOOSE(IF(YEAR($A$5)>PlanYear,13,MONTH($A$5)),'Jan'!$D$27:$AH$266,'Feb'!$D$27:$AH$266,'Mar'!$D$27:$AH$266,'Apr'!$D$27:$AH$266,'May'!$D$27:$AH$266,'Jun'!$D$27:$AH$266,'Jul'!$D$27:$AH$266,'Aug'!$D$27:$AH$266,'Sep'!$D$27:$AH$266,'Oct'!$D$27:$AH$266,'Nov'!$D$27:$AH$266,'Dec'!$D$27:$AH$266,'Jan (next year)'!$D$27:$AH$266),150,DAY($A$5))&"") | F48: =IF(OR($B48="",NOT(AND($A$5>=DATE(PlanYear,1,1),$A$5<=DATE(PlanYear+1,1,31)))),"",INDEX(CHOOSE(IF(YEAR($A$5)>PlanYear,13,MONTH($A$5)),'Jan'!$D$27:$AH$266,'Feb'!$D$27:$AH$266,'Mar'!$D$27:$AH$266,'Apr'!$D$27:$AH$266,'May'!$D$27:$AH$266,'Jun'!$D$27:$AH$266,'Jul'!$D$27:$AH$266,'Aug'!$D$27:$AH$266,'Sep'!$D$27:$AH$266,'Oct'!$D$27:$AH$266,'Nov'!$D$27:$AH$266,'Dec'!$D$27:$AH$266,'Jan (next year)'!$D$27:$AH$266),151,DAY($A$5))&"") | G48: =IF(OR($B48="",NOT(AND($A$5>=DATE(PlanYear,1,1),$A$5<=DATE(PlanYear+1,1,31)))),"",INDEX(CHOOSE(IF(YEAR($A$5)>PlanYear,13,MONTH($A$5)),'Jan'!$D$27:$AH$266,'Feb'!$D$27:$AH$266,'Mar'!$D$27:$AH$266,'Apr'!$D$27:$AH$266,'May'!$D$27:$AH$266,'Jun'!$D$27:$AH$266,'Jul'!$D$27:$AH$266,'Aug'!$D$27:$AH$266,'Sep'!$D$27:$AH$266,'Oct'!$D$27:$AH$266,'Nov'!$D$27:$AH$266,'Dec'!$D$27:$AH$266,'Jan (next year)'!$D$27:$AH$266),152,DAY($A$5))&"")
A49: =IF(Roster!$B$44="","",Roster!$B$44) | B49: =IF(Roster!$C$44="","",Roster!$C$44) | C49: =IF(Roster!$C$44="","",Roster!$F$44&IF(OR(Roster!$G$44="SANS",Roster!$G$44="NSMEN")," | "&Roster!$G$44,"")) | D49: =IF(OR($B49="",NOT(AND($A$5>=DATE(PlanYear,1,1),$A$5<=DATE(PlanYear+1,1,31)))),"",INDEX(CHOOSE(IF(YEAR($A$5)>PlanYear,13,MONTH($A$5)),'Jan'!$D$27:$AH$266,'Feb'!$D$27:$AH$266,'Mar'!$D$27:$AH$266,'Apr'!$D$27:$AH$266,'May'!$D$27:$AH$266,'Jun'!$D$27:$AH$266,'Jul'!$D$27:$AH$266,'Aug'!$D$27:$AH$266,'Sep'!$D$27:$AH$266,'Oct'!$D$27:$AH$266,'Nov'!$D$27:$AH$266,'Dec'!$D$27:$AH$266,'Jan (next year)'!$D$27:$AH$266),153,DAY($A$5))&"") | E49: =IF(OR($B49="",NOT(AND($A$5>=DATE(PlanYear,1,1),$A$5<=DATE(PlanYear+1,1,31)))),"",INDEX(CHOOSE(IF(YEAR($A$5)>PlanYear,13,MONTH($A$5)),'Jan'!$D$27:$AH$266,'Feb'!$D$27:$AH$266,'Mar'!$D$27:$AH$266,'Apr'!$D$27:$AH$266,'May'!$D$27:$AH$266,'Jun'!$D$27:$AH$266,'Jul'!$D$27:$AH$266,'Aug'!$D$27:$AH$266,'Sep'!$D$27:$AH$266,'Oct'!$D$27:$AH$266,'Nov'!$D$27:$AH$266,'Dec'!$D$27:$AH$266,'Jan (next year)'!$D$27:$AH$266),154,DAY($A$5))&"") | F49: =IF(OR($B49="",NOT(AND($A$5>=DATE(PlanYear,1,1),$A$5<=DATE(PlanYear+1,1,31)))),"",INDEX(CHOOSE(IF(YEAR($A$5)>PlanYear,13,MONTH($A$5)),'Jan'!$D$27:$AH$266,'Feb'!$D$27:$AH$266,'Mar'!$D$27:$AH$266,'Apr'!$D$27:$AH$266,'May'!$D$27:$AH$266,'Jun'!$D$27:$AH$266,'Jul'!$D$27:$AH$266,'Aug'!$D$27:$AH$266,'Sep'!$D$27:$AH$266,'Oct'!$D$27:$AH$266,'Nov'!$D$27:$AH$266,'Dec'!$D$27:$AH$266,'Jan (next year)'!$D$27:$AH$266),155,DAY($A$5))&"") | G49: =IF(OR($B49="",NOT(AND($A$5>=DATE(PlanYear,1,1),$A$5<=DATE(PlanYear+1,1,31)))),"",INDEX(CHOOSE(IF(YEAR($A$5)>PlanYear,13,MONTH($A$5)),'Jan'!$D$27:$AH$266,'Feb'!$D$27:$AH$266,'Mar'!$D$27:$AH$266,'Apr'!$D$27:$AH$266,'May'!$D$27:$AH$266,'Jun'!$D$27:$AH$266,'Jul'!$D$27:$AH$266,'Aug'!$D$27:$AH$266,'Sep'!$D$27:$AH$266,'Oct'!$D$27:$AH$266,'Nov'!$D$27:$AH$266,'Dec'!$D$27:$AH$266,'Jan (next year)'!$D$27:$AH$266),156,DAY($A$5))&"")
A50: =IF(Roster!$B$45="","",Roster!$B$45) | B50: =IF(Roster!$C$45="","",Roster!$C$45) | C50: =IF(Roster!$C$45="","",Roster!$F$45&IF(OR(Roster!$G$45="SANS",Roster!$G$45="NSMEN")," | "&Roster!$G$45,"")) | D50: =IF(OR($B50="",NOT(AND($A$5>=DATE(PlanYear,1,1),$A$5<=DATE(PlanYear+1,1,31)))),"",INDEX(CHOOSE(IF(YEAR($A$5)>PlanYear,13,MONTH($A$5)),'Jan'!$D$27:$AH$266,'Feb'!$D$27:$AH$266,'Mar'!$D$27:$AH$266,'Apr'!$D$27:$AH$266,'May'!$D$27:$AH$266,'Jun'!$D$27:$AH$266,'Jul'!$D$27:$AH$266,'Aug'!$D$27:$AH$266,'Sep'!$D$27:$AH$266,'Oct'!$D$27:$AH$266,'Nov'!$D$27:$AH$266,'Dec'!$D$27:$AH$266,'Jan (next year)'!$D$27:$AH$266),157,DAY($A$5))&"") | E50: =IF(OR($B50="",NOT(AND($A$5>=DATE(PlanYear,1,1),$A$5<=DATE(PlanYear+1,1,31)))),"",INDEX(CHOOSE(IF(YEAR($A$5)>PlanYear,13,MONTH($A$5)),'Jan'!$D$27:$AH$266,'Feb'!$D$27:$AH$266,'Mar'!$D$27:$AH$266,'Apr'!$D$27:$AH$266,'May'!$D$27:$AH$266,'Jun'!$D$27:$AH$266,'Jul'!$D$27:$AH$266,'Aug'!$D$27:$AH$266,'Sep'!$D$27:$AH$266,'Oct'!$D$27:$AH$266,'Nov'!$D$27:$AH$266,'Dec'!$D$27:$AH$266,'Jan (next year)'!$D$27:$AH$266),158,DAY($A$5))&"") | F50: =IF(OR($B50="",NOT(AND($A$5>=DATE(PlanYear,1,1),$A$5<=DATE(PlanYear+1,1,31)))),"",INDEX(CHOOSE(IF(YEAR($A$5)>PlanYear,13,MONTH($A$5)),'Jan'!$D$27:$AH$266,'Feb'!$D$27:$AH$266,'Mar'!$D$27:$AH$266,'Apr'!$D$27:$AH$266,'May'!$D$27:$AH$266,'Jun'!$D$27:$AH$266,'Jul'!$D$27:$AH$266,'Aug'!$D$27:$AH$266,'Sep'!$D$27:$AH$266,'Oct'!$D$27:$AH$266,'Nov'!$D$27:$AH$266,'Dec'!$D$27:$AH$266,'Jan (next year)'!$D$27:$AH$266),159,DAY($A$5))&"") | G50: =IF(OR($B50="",NOT(AND($A$5>=DATE(PlanYear,1,1),$A$5<=DATE(PlanYear+1,1,31)))),"",INDEX(CHOOSE(IF(YEAR($A$5)>PlanYear,13,MONTH($A$5)),'Jan'!$D$27:$AH$266,'Feb'!$D$27:$AH$266,'Mar'!$D$27:$AH$266,'Apr'!$D$27:$AH$266,'May'!$D$27:$AH$266,'Jun'!$D$27:$AH$266,'Jul'!$D$27:$AH$266,'Aug'!$D$27:$AH$266,'Sep'!$D$27:$AH$266,'Oct'!$D$27:$AH$266,'Nov'!$D$27:$AH$266,'Dec'!$D$27:$AH$266,'Jan (next year)'!$D$27:$AH$266),160,DAY($A$5))&"")
A51: =IF(Roster!$B$46="","",Roster!$B$46) | B51: =IF(Roster!$C$46="","",Roster!$C$46) | C51: =IF(Roster!$C$46="","",Roster!$F$46&IF(OR(Roster!$G$46="SANS",Roster!$G$46="NSMEN")," | "&Roster!$G$46,"")) | D51: =IF(OR($B51="",NOT(AND($A$5>=DATE(PlanYear,1,1),$A$5<=DATE(PlanYear+1,1,31)))),"",INDEX(CHOOSE(IF(YEAR($A$5)>PlanYear,13,MONTH($A$5)),'Jan'!$D$27:$AH$266,'Feb'!$D$27:$AH$266,'Mar'!$D$27:$AH$266,'Apr'!$D$27:$AH$266,'May'!$D$27:$AH$266,'Jun'!$D$27:$AH$266,'Jul'!$D$27:$AH$266,'Aug'!$D$27:$AH$266,'Sep'!$D$27:$AH$266,'Oct'!$D$27:$AH$266,'Nov'!$D$27:$AH$266,'Dec'!$D$27:$AH$266,'Jan (next year)'!$D$27:$AH$266),161,DAY($A$5))&"") | E51: =IF(OR($B51="",NOT(AND($A$5>=DATE(PlanYear,1,1),$A$5<=DATE(PlanYear+1,1,31)))),"",INDEX(CHOOSE(IF(YEAR($A$5)>PlanYear,13,MONTH($A$5)),'Jan'!$D$27:$AH$266,'Feb'!$D$27:$AH$266,'Mar'!$D$27:$AH$266,'Apr'!$D$27:$AH$266,'May'!$D$27:$AH$266,'Jun'!$D$27:$AH$266,'Jul'!$D$27:$AH$266,'Aug'!$D$27:$AH$266,'Sep'!$D$27:$AH$266,'Oct'!$D$27:$AH$266,'Nov'!$D$27:$AH$266,'Dec'!$D$27:$AH$266,'Jan (next year)'!$D$27:$AH$266),162,DAY($A$5))&"") | F51: =IF(OR($B51="",NOT(AND($A$5>=DATE(PlanYear,1,1),$A$5<=DATE(PlanYear+1,1,31)))),"",INDEX(CHOOSE(IF(YEAR($A$5)>PlanYear,13,MONTH($A$5)),'Jan'!$D$27:$AH$266,'Feb'!$D$27:$AH$266,'Mar'!$D$27:$AH$266,'Apr'!$D$27:$AH$266,'May'!$D$27:$AH$266,'Jun'!$D$27:$AH$266,'Jul'!$D$27:$AH$266,'Aug'!$D$27:$AH$266,'Sep'!$D$27:$AH$266,'Oct'!$D$27:$AH$266,'Nov'!$D$27:$AH$266,'Dec'!$D$27:$AH$266,'Jan (next year)'!$D$27:$AH$266),163,DAY($A$5))&"") | G51: =IF(OR($B51="",NOT(AND($A$5>=DATE(PlanYear,1,1),$A$5<=DATE(PlanYear+1,1,31)))),"",INDEX(CHOOSE(IF(YEAR($A$5)>PlanYear,13,MONTH($A$5)),'Jan'!$D$27:$AH$266,'Feb'!$D$27:$AH$266,'Mar'!$D$27:$AH$266,'Apr'!$D$27:$AH$266,'May'!$D$27:$AH$266,'Jun'!$D$27:$AH$266,'Jul'!$D$27:$AH$266,'Aug'!$D$27:$AH$266,'Sep'!$D$27:$AH$266,'Oct'!$D$27:$AH$266,'Nov'!$D$27:$AH$266,'Dec'!$D$27:$AH$266,'Jan (next year)'!$D$27:$AH$266),164,DAY($A$5))&"")
A52: =IF(Roster!$B$47="","",Roster!$B$47) | B52: =IF(Roster!$C$47="","",Roster!$C$47) | C52: =IF(Roster!$C$47="","",Roster!$F$47&IF(OR(Roster!$G$47="SANS",Roster!$G$47="NSMEN")," | "&Roster!$G$47,"")) | D52: =IF(OR($B52="",NOT(AND($A$5>=DATE(PlanYear,1,1),$A$5<=DATE(PlanYear+1,1,31)))),"",INDEX(CHOOSE(IF(YEAR($A$5)>PlanYear,13,MONTH($A$5)),'Jan'!$D$27:$AH$266,'Feb'!$D$27:$AH$266,'Mar'!$D$27:$AH$266,'Apr'!$D$27:$AH$266,'May'!$D$27:$AH$266,'Jun'!$D$27:$AH$266,'Jul'!$D$27:$AH$266,'Aug'!$D$27:$AH$266,'Sep'!$D$27:$AH$266,'Oct'!$D$27:$AH$266,'Nov'!$D$27:$AH$266,'Dec'!$D$27:$AH$266,'Jan (next year)'!$D$27:$AH$266),165,DAY($A$5))&"") | E52: =IF(OR($B52="",NOT(AND($A$5>=DATE(PlanYear,1,1),$A$5<=DATE(PlanYear+1,1,31)))),"",INDEX(CHOOSE(IF(YEAR($A$5)>PlanYear,13,MONTH($A$5)),'Jan'!$D$27:$AH$266,'Feb'!$D$27:$AH$266,'Mar'!$D$27:$AH$266,'Apr'!$D$27:$AH$266,'May'!$D$27:$AH$266,'Jun'!$D$27:$AH$266,'Jul'!$D$27:$AH$266,'Aug'!$D$27:$AH$266,'Sep'!$D$27:$AH$266,'Oct'!$D$27:$AH$266,'Nov'!$D$27:$AH$266,'Dec'!$D$27:$AH$266,'Jan (next year)'!$D$27:$AH$266),166,DAY($A$5))&"") | F52: =IF(OR($B52="",NOT(AND($A$5>=DATE(PlanYear,1,1),$A$5<=DATE(PlanYear+1,1,31)))),"",INDEX(CHOOSE(IF(YEAR($A$5)>PlanYear,13,MONTH($A$5)),'Jan'!$D$27:$AH$266,'Feb'!$D$27:$AH$266,'Mar'!$D$27:$AH$266,'Apr'!$D$27:$AH$266,'May'!$D$27:$AH$266,'Jun'!$D$27:$AH$266,'Jul'!$D$27:$AH$266,'Aug'!$D$27:$AH$266,'Sep'!$D$27:$AH$266,'Oct'!$D$27:$AH$266,'Nov'!$D$27:$AH$266,'Dec'!$D$27:$AH$266,'Jan (next year)'!$D$27:$AH$266),167,DAY($A$5))&"") | G52: =IF(OR($B52="",NOT(AND($A$5>=DATE(PlanYear,1,1),$A$5<=DATE(PlanYear+1,1,31)))),"",INDEX(CHOOSE(IF(YEAR($A$5)>PlanYear,13,MONTH($A$5)),'Jan'!$D$27:$AH$266,'Feb'!$D$27:$AH$266,'Mar'!$D$27:$AH$266,'Apr'!$D$27:$AH$266,'May'!$D$27:$AH$266,'Jun'!$D$27:$AH$266,'Jul'!$D$27:$AH$266,'Aug'!$D$27:$AH$266,'Sep'!$D$27:$AH$266,'Oct'!$D$27:$AH$266,'Nov'!$D$27:$AH$266,'Dec'!$D$27:$AH$266,'Jan (next year)'!$D$27:$AH$266),168,DAY($A$5))&"")
A53: =IF(Roster!$B$48="","",Roster!$B$48) | B53: =IF(Roster!$C$48="","",Roster!$C$48) | C53: =IF(Roster!$C$48="","",Roster!$F$48&IF(OR(Roster!$G$48="SANS",Roster!$G$48="NSMEN")," | "&Roster!$G$48,"")) | D53: =IF(OR($B53="",NOT(AND($A$5>=DATE(PlanYear,1,1),$A$5<=DATE(PlanYear+1,1,31)))),"",INDEX(CHOOSE(IF(YEAR($A$5)>PlanYear,13,MONTH($A$5)),'Jan'!$D$27:$AH$266,'Feb'!$D$27:$AH$266,'Mar'!$D$27:$AH$266,'Apr'!$D$27:$AH$266,'May'!$D$27:$AH$266,'Jun'!$D$27:$AH$266,'Jul'!$D$27:$AH$266,'Aug'!$D$27:$AH$266,'Sep'!$D$27:$AH$266,'Oct'!$D$27:$AH$266,'Nov'!$D$27:$AH$266,'Dec'!$D$27:$AH$266,'Jan (next year)'!$D$27:$AH$266),169,DAY($A$5))&"") | E53: =IF(OR($B53="",NOT(AND($A$5>=DATE(PlanYear,1,1),$A$5<=DATE(PlanYear+1,1,31)))),"",INDEX(CHOOSE(IF(YEAR($A$5)>PlanYear,13,MONTH($A$5)),'Jan'!$D$27:$AH$266,'Feb'!$D$27:$AH$266,'Mar'!$D$27:$AH$266,'Apr'!$D$27:$AH$266,'May'!$D$27:$AH$266,'Jun'!$D$27:$AH$266,'Jul'!$D$27:$AH$266,'Aug'!$D$27:$AH$266,'Sep'!$D$27:$AH$266,'Oct'!$D$27:$AH$266,'Nov'!$D$27:$AH$266,'Dec'!$D$27:$AH$266,'Jan (next year)'!$D$27:$AH$266),170,DAY($A$5))&"") | F53: =IF(OR($B53="",NOT(AND($A$5>=DATE(PlanYear,1,1),$A$5<=DATE(PlanYear+1,1,31)))),"",INDEX(CHOOSE(IF(YEAR($A$5)>PlanYear,13,MONTH($A$5)),'Jan'!$D$27:$AH$266,'Feb'!$D$27:$AH$266,'Mar'!$D$27:$AH$266,'Apr'!$D$27:$AH$266,'May'!$D$27:$AH$266,'Jun'!$D$27:$AH$266,'Jul'!$D$27:$AH$266,'Aug'!$D$27:$AH$266,'Sep'!$D$27:$AH$266,'Oct'!$D$27:$AH$266,'Nov'!$D$27:$AH$266,'Dec'!$D$27:$AH$266,'Jan (next year)'!$D$27:$AH$266),171,DAY($A$5))&"") | G53: =IF(OR($B53="",NOT(AND($A$5>=DATE(PlanYear,1,1),$A$5<=DATE(PlanYear+1,1,31)))),"",INDEX(CHOOSE(IF(YEAR($A$5)>PlanYear,13,MONTH($A$5)),'Jan'!$D$27:$AH$266,'Feb'!$D$27:$AH$266,'Mar'!$D$27:$AH$266,'Apr'!$D$27:$AH$266,'May'!$D$27:$AH$266,'Jun'!$D$27:$AH$266,'Jul'!$D$27:$AH$266,'Aug'!$D$27:$AH$266,'Sep'!$D$27:$AH$266,'Oct'!$D$27:$AH$266,'Nov'!$D$27:$AH$266,'Dec'!$D$27:$AH$266,'Jan (next year)'!$D$27:$AH$266),172,DAY($A$5))&"")
A54: =IF(Roster!$B$49="","",Roster!$B$49) | B54: =IF(Roster!$C$49="","",Roster!$C$49) | C54: =IF(Roster!$C$49="","",Roster!$F$49&IF(OR(Roster!$G$49="SANS",Roster!$G$49="NSMEN")," | "&Roster!$G$49,"")) | D54: =IF(OR($B54="",NOT(AND($A$5>=DATE(PlanYear,1,1),$A$5<=DATE(PlanYear+1,1,31)))),"",INDEX(CHOOSE(IF(YEAR($A$5)>PlanYear,13,MONTH($A$5)),'Jan'!$D$27:$AH$266,'Feb'!$D$27:$AH$266,'Mar'!$D$27:$AH$266,'Apr'!$D$27:$AH$266,'May'!$D$27:$AH$266,'Jun'!$D$27:$AH$266,'Jul'!$D$27:$AH$266,'Aug'!$D$27:$AH$266,'Sep'!$D$27:$AH$266,'Oct'!$D$27:$AH$266,'Nov'!$D$27:$AH$266,'Dec'!$D$27:$AH$266,'Jan (next year)'!$D$27:$AH$266),173,DAY($A$5))&"") | E54: =IF(OR($B54="",NOT(AND($A$5>=DATE(PlanYear,1,1),$A$5<=DATE(PlanYear+1,1,31)))),"",INDEX(CHOOSE(IF(YEAR($A$5)>PlanYear,13,MONTH($A$5)),'Jan'!$D$27:$AH$266,'Feb'!$D$27:$AH$266,'Mar'!$D$27:$AH$266,'Apr'!$D$27:$AH$266,'May'!$D$27:$AH$266,'Jun'!$D$27:$AH$266,'Jul'!$D$27:$AH$266,'Aug'!$D$27:$AH$266,'Sep'!$D$27:$AH$266,'Oct'!$D$27:$AH$266,'Nov'!$D$27:$AH$266,'Dec'!$D$27:$AH$266,'Jan (next year)'!$D$27:$AH$266),174,DAY($A$5))&"") | F54: =IF(OR($B54="",NOT(AND($A$5>=DATE(PlanYear,1,1),$A$5<=DATE(PlanYear+1,1,31)))),"",INDEX(CHOOSE(IF(YEAR($A$5)>PlanYear,13,MONTH($A$5)),'Jan'!$D$27:$AH$266,'Feb'!$D$27:$AH$266,'Mar'!$D$27:$AH$266,'Apr'!$D$27:$AH$266,'May'!$D$27:$AH$266,'Jun'!$D$27:$AH$266,'Jul'!$D$27:$AH$266,'Aug'!$D$27:$AH$266,'Sep'!$D$27:$AH$266,'Oct'!$D$27:$AH$266,'Nov'!$D$27:$AH$266,'Dec'!$D$27:$AH$266,'Jan (next year)'!$D$27:$AH$266),175,DAY($A$5))&"") | G54: =IF(OR($B54="",NOT(AND($A$5>=DATE(PlanYear,1,1),$A$5<=DATE(PlanYear+1,1,31)))),"",INDEX(CHOOSE(IF(YEAR($A$5)>PlanYear,13,MONTH($A$5)),'Jan'!$D$27:$AH$266,'Feb'!$D$27:$AH$266,'Mar'!$D$27:$AH$266,'Apr'!$D$27:$AH$266,'May'!$D$27:$AH$266,'Jun'!$D$27:$AH$266,'Jul'!$D$27:$AH$266,'Aug'!$D$27:$AH$266,'Sep'!$D$27:$AH$266,'Oct'!$D$27:$AH$266,'Nov'!$D$27:$AH$266,'Dec'!$D$27:$AH$266,'Jan (next year)'!$D$27:$AH$266),176,DAY($A$5))&"")
A55: =IF(Roster!$B$50="","",Roster!$B$50) | B55: =IF(Roster!$C$50="","",Roster!$C$50) | C55: =IF(Roster!$C$50="","",Roster!$F$50&IF(OR(Roster!$G$50="SANS",Roster!$G$50="NSMEN")," | "&Roster!$G$50,"")) | D55: =IF(OR($B55="",NOT(AND($A$5>=DATE(PlanYear,1,1),$A$5<=DATE(PlanYear+1,1,31)))),"",INDEX(CHOOSE(IF(YEAR($A$5)>PlanYear,13,MONTH($A$5)),'Jan'!$D$27:$AH$266,'Feb'!$D$27:$AH$266,'Mar'!$D$27:$AH$266,'Apr'!$D$27:$AH$266,'May'!$D$27:$AH$266,'Jun'!$D$27:$AH$266,'Jul'!$D$27:$AH$266,'Aug'!$D$27:$AH$266,'Sep'!$D$27:$AH$266,'Oct'!$D$27:$AH$266,'Nov'!$D$27:$AH$266,'Dec'!$D$27:$AH$266,'Jan (next year)'!$D$27:$AH$266),177,DAY($A$5))&"") | E55: =IF(OR($B55="",NOT(AND($A$5>=DATE(PlanYear,1,1),$A$5<=DATE(PlanYear+1,1,31)))),"",INDEX(CHOOSE(IF(YEAR($A$5)>PlanYear,13,MONTH($A$5)),'Jan'!$D$27:$AH$266,'Feb'!$D$27:$AH$266,'Mar'!$D$27:$AH$266,'Apr'!$D$27:$AH$266,'May'!$D$27:$AH$266,'Jun'!$D$27:$AH$266,'Jul'!$D$27:$AH$266,'Aug'!$D$27:$AH$266,'Sep'!$D$27:$AH$266,'Oct'!$D$27:$AH$266,'Nov'!$D$27:$AH$266,'Dec'!$D$27:$AH$266,'Jan (next year)'!$D$27:$AH$266),178,DAY($A$5))&"") | F55: =IF(OR($B55="",NOT(AND($A$5>=DATE(PlanYear,1,1),$A$5<=DATE(PlanYear+1,1,31)))),"",INDEX(CHOOSE(IF(YEAR($A$5)>PlanYear,13,MONTH($A$5)),'Jan'!$D$27:$AH$266,'Feb'!$D$27:$AH$266,'Mar'!$D$27:$AH$266,'Apr'!$D$27:$AH$266,'May'!$D$27:$AH$266,'Jun'!$D$27:$AH$266,'Jul'!$D$27:$AH$266,'Aug'!$D$27:$AH$266,'Sep'!$D$27:$AH$266,'Oct'!$D$27:$AH$266,'Nov'!$D$27:$AH$266,'Dec'!$D$27:$AH$266,'Jan (next year)'!$D$27:$AH$266),179,DAY($A$5))&"") | G55: =IF(OR($B55="",NOT(AND($A$5>=DATE(PlanYear,1,1),$A$5<=DATE(PlanYear+1,1,31)))),"",INDEX(CHOOSE(IF(YEAR($A$5)>PlanYear,13,MONTH($A$5)),'Jan'!$D$27:$AH$266,'Feb'!$D$27:$AH$266,'Mar'!$D$27:$AH$266,'Apr'!$D$27:$AH$266,'May'!$D$27:$AH$266,'Jun'!$D$27:$AH$266,'Jul'!$D$27:$AH$266,'Aug'!$D$27:$AH$266,'Sep'!$D$27:$AH$266,'Oct'!$D$27:$AH$266,'Nov'!$D$27:$AH$266,'Dec'!$D$27:$AH$266,'Jan (next year)'!$D$27:$AH$266),180,DAY($A$5))&"")
A56: =IF(Roster!$B$51="","",Roster!$B$51) | B56: =IF(Roster!$C$51="","",Roster!$C$51) | C56: =IF(Roster!$C$51="","",Roster!$F$51&IF(OR(Roster!$G$51="SANS",Roster!$G$51="NSMEN")," | "&Roster!$G$51,"")) | D56: =IF(OR($B56="",NOT(AND($A$5>=DATE(PlanYear,1,1),$A$5<=DATE(PlanYear+1,1,31)))),"",INDEX(CHOOSE(IF(YEAR($A$5)>PlanYear,13,MONTH($A$5)),'Jan'!$D$27:$AH$266,'Feb'!$D$27:$AH$266,'Mar'!$D$27:$AH$266,'Apr'!$D$27:$AH$266,'May'!$D$27:$AH$266,'Jun'!$D$27:$AH$266,'Jul'!$D$27:$AH$266,'Aug'!$D$27:$AH$266,'Sep'!$D$27:$AH$266,'Oct'!$D$27:$AH$266,'Nov'!$D$27:$AH$266,'Dec'!$D$27:$AH$266,'Jan (next year)'!$D$27:$AH$266),181,DAY($A$5))&"") | E56: =IF(OR($B56="",NOT(AND($A$5>=DATE(PlanYear,1,1),$A$5<=DATE(PlanYear+1,1,31)))),"",INDEX(CHOOSE(IF(YEAR($A$5)>PlanYear,13,MONTH($A$5)),'Jan'!$D$27:$AH$266,'Feb'!$D$27:$AH$266,'Mar'!$D$27:$AH$266,'Apr'!$D$27:$AH$266,'May'!$D$27:$AH$266,'Jun'!$D$27:$AH$266,'Jul'!$D$27:$AH$266,'Aug'!$D$27:$AH$266,'Sep'!$D$27:$AH$266,'Oct'!$D$27:$AH$266,'Nov'!$D$27:$AH$266,'Dec'!$D$27:$AH$266,'Jan (next year)'!$D$27:$AH$266),182,DAY($A$5))&"") | F56: =IF(OR($B56="",NOT(AND($A$5>=DATE(PlanYear,1,1),$A$5<=DATE(PlanYear+1,1,31)))),"",INDEX(CHOOSE(IF(YEAR($A$5)>PlanYear,13,MONTH($A$5)),'Jan'!$D$27:$AH$266,'Feb'!$D$27:$AH$266,'Mar'!$D$27:$AH$266,'Apr'!$D$27:$AH$266,'May'!$D$27:$AH$266,'Jun'!$D$27:$AH$266,'Jul'!$D$27:$AH$266,'Aug'!$D$27:$AH$266,'Sep'!$D$27:$AH$266,'Oct'!$D$27:$AH$266,'Nov'!$D$27:$AH$266,'Dec'!$D$27:$AH$266,'Jan (next year)'!$D$27:$AH$266),183,DAY($A$5))&"") | G56: =IF(OR($B56="",NOT(AND($A$5>=DATE(PlanYear,1,1),$A$5<=DATE(PlanYear+1,1,31)))),"",INDEX(CHOOSE(IF(YEAR($A$5)>PlanYear,13,MONTH($A$5)),'Jan'!$D$27:$AH$266,'Feb'!$D$27:$AH$266,'Mar'!$D$27:$AH$266,'Apr'!$D$27:$AH$266,'May'!$D$27:$AH$266,'Jun'!$D$27:$AH$266,'Jul'!$D$27:$AH$266,'Aug'!$D$27:$AH$266,'Sep'!$D$27:$AH$266,'Oct'!$D$27:$AH$266,'Nov'!$D$27:$AH$266,'Dec'!$D$27:$AH$266,'Jan (next year)'!$D$27:$AH$266),184,DAY($A$5))&"")
A57: =IF(Roster!$B$52="","",Roster!$B$52) | B57: =IF(Roster!$C$52="","",Roster!$C$52) | C57: =IF(Roster!$C$52="","",Roster!$F$52&IF(OR(Roster!$G$52="SANS",Roster!$G$52="NSMEN")," | "&Roster!$G$52,"")) | D57: =IF(OR($B57="",NOT(AND($A$5>=DATE(PlanYear,1,1),$A$5<=DATE(PlanYear+1,1,31)))),"",INDEX(CHOOSE(IF(YEAR($A$5)>PlanYear,13,MONTH($A$5)),'Jan'!$D$27:$AH$266,'Feb'!$D$27:$AH$266,'Mar'!$D$27:$AH$266,'Apr'!$D$27:$AH$266,'May'!$D$27:$AH$266,'Jun'!$D$27:$AH$266,'Jul'!$D$27:$AH$266,'Aug'!$D$27:$AH$266,'Sep'!$D$27:$AH$266,'Oct'!$D$27:$AH$266,'Nov'!$D$27:$AH$266,'Dec'!$D$27:$AH$266,'Jan (next year)'!$D$27:$AH$266),185,DAY($A$5))&"") | E57: =IF(OR($B57="",NOT(AND($A$5>=DATE(PlanYear,1,1),$A$5<=DATE(PlanYear+1,1,31)))),"",INDEX(CHOOSE(IF(YEAR($A$5)>PlanYear,13,MONTH($A$5)),'Jan'!$D$27:$AH$266,'Feb'!$D$27:$AH$266,'Mar'!$D$27:$AH$266,'Apr'!$D$27:$AH$266,'May'!$D$27:$AH$266,'Jun'!$D$27:$AH$266,'Jul'!$D$27:$AH$266,'Aug'!$D$27:$AH$266,'Sep'!$D$27:$AH$266,'Oct'!$D$27:$AH$266,'Nov'!$D$27:$AH$266,'Dec'!$D$27:$AH$266,'Jan (next year)'!$D$27:$AH$266),186,DAY($A$5))&"") | F57: =IF(OR($B57="",NOT(AND($A$5>=DATE(PlanYear,1,1),$A$5<=DATE(PlanYear+1,1,31)))),"",INDEX(CHOOSE(IF(YEAR($A$5)>PlanYear,13,MONTH($A$5)),'Jan'!$D$27:$AH$266,'Feb'!$D$27:$AH$266,'Mar'!$D$27:$AH$266,'Apr'!$D$27:$AH$266,'May'!$D$27:$AH$266,'Jun'!$D$27:$AH$266,'Jul'!$D$27:$AH$266,'Aug'!$D$27:$AH$266,'Sep'!$D$27:$AH$266,'Oct'!$D$27:$AH$266,'Nov'!$D$27:$AH$266,'Dec'!$D$27:$AH$266,'Jan (next year)'!$D$27:$AH$266),187,DAY($A$5))&"") | G57: =IF(OR($B57="",NOT(AND($A$5>=DATE(PlanYear,1,1),$A$5<=DATE(PlanYear+1,1,31)))),"",INDEX(CHOOSE(IF(YEAR($A$5)>PlanYear,13,MONTH($A$5)),'Jan'!$D$27:$AH$266,'Feb'!$D$27:$AH$266,'Mar'!$D$27:$AH$266,'Apr'!$D$27:$AH$266,'May'!$D$27:$AH$266,'Jun'!$D$27:$AH$266,'Jul'!$D$27:$AH$266,'Aug'!$D$27:$AH$266,'Sep'!$D$27:$AH$266,'Oct'!$D$27:$AH$266,'Nov'!$D$27:$AH$266,'Dec'!$D$27:$AH$266,'Jan (next year)'!$D$27:$AH$266),188,DAY($A$5))&"")
A58: =IF(Roster!$B$53="","",Roster!$B$53) | B58: =IF(Roster!$C$53="","",Roster!$C$53) | C58: =IF(Roster!$C$53="","",Roster!$F$53&IF(OR(Roster!$G$53="SANS",Roster!$G$53="NSMEN")," | "&Roster!$G$53,"")) | D58: =IF(OR($B58="",NOT(AND($A$5>=DATE(PlanYear,1,1),$A$5<=DATE(PlanYear+1,1,31)))),"",INDEX(CHOOSE(IF(YEAR($A$5)>PlanYear,13,MONTH($A$5)),'Jan'!$D$27:$AH$266,'Feb'!$D$27:$AH$266,'Mar'!$D$27:$AH$266,'Apr'!$D$27:$AH$266,'May'!$D$27:$AH$266,'Jun'!$D$27:$AH$266,'Jul'!$D$27:$AH$266,'Aug'!$D$27:$AH$266,'Sep'!$D$27:$AH$266,'Oct'!$D$27:$AH$266,'Nov'!$D$27:$AH$266,'Dec'!$D$27:$AH$266,'Jan (next year)'!$D$27:$AH$266),189,DAY($A$5))&"") | E58: =IF(OR($B58="",NOT(AND($A$5>=DATE(PlanYear,1,1),$A$5<=DATE(PlanYear+1,1,31)))),"",INDEX(CHOOSE(IF(YEAR($A$5)>PlanYear,13,MONTH($A$5)),'Jan'!$D$27:$AH$266,'Feb'!$D$27:$AH$266,'Mar'!$D$27:$AH$266,'Apr'!$D$27:$AH$266,'May'!$D$27:$AH$266,'Jun'!$D$27:$AH$266,'Jul'!$D$27:$AH$266,'Aug'!$D$27:$AH$266,'Sep'!$D$27:$AH$266,'Oct'!$D$27:$AH$266,'Nov'!$D$27:$AH$266,'Dec'!$D$27:$AH$266,'Jan (next year)'!$D$27:$AH$266),190,DAY($A$5))&"") | F58: =IF(OR($B58="",NOT(AND($A$5>=DATE(PlanYear,1,1),$A$5<=DATE(PlanYear+1,1,31)))),"",INDEX(CHOOSE(IF(YEAR($A$5)>PlanYear,13,MONTH($A$5)),'Jan'!$D$27:$AH$266,'Feb'!$D$27:$AH$266,'Mar'!$D$27:$AH$266,'Apr'!$D$27:$AH$266,'May'!$D$27:$AH$266,'Jun'!$D$27:$AH$266,'Jul'!$D$27:$AH$266,'Aug'!$D$27:$AH$266,'Sep'!$D$27:$AH$266,'Oct'!$D$27:$AH$266,'Nov'!$D$27:$AH$266,'Dec'!$D$27:$AH$266,'Jan (next year)'!$D$27:$AH$266),191,DAY($A$5))&"") | G58: =IF(OR($B58="",NOT(AND($A$5>=DATE(PlanYear,1,1),$A$5<=DATE(PlanYear+1,1,31)))),"",INDEX(CHOOSE(IF(YEAR($A$5)>PlanYear,13,MONTH($A$5)),'Jan'!$D$27:$AH$266,'Feb'!$D$27:$AH$266,'Mar'!$D$27:$AH$266,'Apr'!$D$27:$AH$266,'May'!$D$27:$AH$266,'Jun'!$D$27:$AH$266,'Jul'!$D$27:$AH$266,'Aug'!$D$27:$AH$266,'Sep'!$D$27:$AH$266,'Oct'!$D$27:$AH$266,'Nov'!$D$27:$AH$266,'Dec'!$D$27:$AH$266,'Jan (next year)'!$D$27:$AH$266),192,DAY($A$5))&"")
A59: =IF(Roster!$B$54="","",Roster!$B$54) | B59: =IF(Roster!$C$54="","",Roster!$C$54) | C59: =IF(Roster!$C$54="","",Roster!$F$54&IF(OR(Roster!$G$54="SANS",Roster!$G$54="NSMEN")," | "&Roster!$G$54,"")) | D59: =IF(OR($B59="",NOT(AND($A$5>=DATE(PlanYear,1,1),$A$5<=DATE(PlanYear+1,1,31)))),"",INDEX(CHOOSE(IF(YEAR($A$5)>PlanYear,13,MONTH($A$5)),'Jan'!$D$27:$AH$266,'Feb'!$D$27:$AH$266,'Mar'!$D$27:$AH$266,'Apr'!$D$27:$AH$266,'May'!$D$27:$AH$266,'Jun'!$D$27:$AH$266,'Jul'!$D$27:$AH$266,'Aug'!$D$27:$AH$266,'Sep'!$D$27:$AH$266,'Oct'!$D$27:$AH$266,'Nov'!$D$27:$AH$266,'Dec'!$D$27:$AH$266,'Jan (next year)'!$D$27:$AH$266),193,DAY($A$5))&"") | E59: =IF(OR($B59="",NOT(AND($A$5>=DATE(PlanYear,1,1),$A$5<=DATE(PlanYear+1,1,31)))),"",INDEX(CHOOSE(IF(YEAR($A$5)>PlanYear,13,MONTH($A$5)),'Jan'!$D$27:$AH$266,'Feb'!$D$27:$AH$266,'Mar'!$D$27:$AH$266,'Apr'!$D$27:$AH$266,'May'!$D$27:$AH$266,'Jun'!$D$27:$AH$266,'Jul'!$D$27:$AH$266,'Aug'!$D$27:$AH$266,'Sep'!$D$27:$AH$266,'Oct'!$D$27:$AH$266,'Nov'!$D$27:$AH$266,'Dec'!$D$27:$AH$266,'Jan (next year)'!$D$27:$AH$266),194,DAY($A$5))&"") | F59: =IF(OR($B59="",NOT(AND($A$5>=DATE(PlanYear,1,1),$A$5<=DATE(PlanYear+1,1,31)))),"",INDEX(CHOOSE(IF(YEAR($A$5)>PlanYear,13,MONTH($A$5)),'Jan'!$D$27:$AH$266,'Feb'!$D$27:$AH$266,'Mar'!$D$27:$AH$266,'Apr'!$D$27:$AH$266,'May'!$D$27:$AH$266,'Jun'!$D$27:$AH$266,'Jul'!$D$27:$AH$266,'Aug'!$D$27:$AH$266,'Sep'!$D$27:$AH$266,'Oct'!$D$27:$AH$266,'Nov'!$D$27:$AH$266,'Dec'!$D$27:$AH$266,'Jan (next year)'!$D$27:$AH$266),195,DAY($A$5))&"") | G59: =IF(OR($B59="",NOT(AND($A$5>=DATE(PlanYear,1,1),$A$5<=DATE(PlanYear+1,1,31)))),"",INDEX(CHOOSE(IF(YEAR($A$5)>PlanYear,13,MONTH($A$5)),'Jan'!$D$27:$AH$266,'Feb'!$D$27:$AH$266,'Mar'!$D$27:$AH$266,'Apr'!$D$27:$AH$266,'May'!$D$27:$AH$266,'Jun'!$D$27:$AH$266,'Jul'!$D$27:$AH$266,'Aug'!$D$27:$AH$266,'Sep'!$D$27:$AH$266,'Oct'!$D$27:$AH$266,'Nov'!$D$27:$AH$266,'Dec'!$D$27:$AH$266,'Jan (next year)'!$D$27:$AH$266),196,DAY($A$5))&"")
A60: =IF(Roster!$B$55="","",Roster!$B$55) | B60: =IF(Roster!$C$55="","",Roster!$C$55) | C60: =IF(Roster!$C$55="","",Roster!$F$55&IF(OR(Roster!$G$55="SANS",Roster!$G$55="NSMEN")," | "&Roster!$G$55,"")) | D60: =IF(OR($B60="",NOT(AND($A$5>=DATE(PlanYear,1,1),$A$5<=DATE(PlanYear+1,1,31)))),"",INDEX(CHOOSE(IF(YEAR($A$5)>PlanYear,13,MONTH($A$5)),'Jan'!$D$27:$AH$266,'Feb'!$D$27:$AH$266,'Mar'!$D$27:$AH$266,'Apr'!$D$27:$AH$266,'May'!$D$27:$AH$266,'Jun'!$D$27:$AH$266,'Jul'!$D$27:$AH$266,'Aug'!$D$27:$AH$266,'Sep'!$D$27:$AH$266,'Oct'!$D$27:$AH$266,'Nov'!$D$27:$AH$266,'Dec'!$D$27:$AH$266,'Jan (next year)'!$D$27:$AH$266),197,DAY($A$5))&"") | E60: =IF(OR($B60="",NOT(AND($A$5>=DATE(PlanYear,1,1),$A$5<=DATE(PlanYear+1,1,31)))),"",INDEX(CHOOSE(IF(YEAR($A$5)>PlanYear,13,MONTH($A$5)),'Jan'!$D$27:$AH$266,'Feb'!$D$27:$AH$266,'Mar'!$D$27:$AH$266,'Apr'!$D$27:$AH$266,'May'!$D$27:$AH$266,'Jun'!$D$27:$AH$266,'Jul'!$D$27:$AH$266,'Aug'!$D$27:$AH$266,'Sep'!$D$27:$AH$266,'Oct'!$D$27:$AH$266,'Nov'!$D$27:$AH$266,'Dec'!$D$27:$AH$266,'Jan (next year)'!$D$27:$AH$266),198,DAY($A$5))&"") | F60: =IF(OR($B60="",NOT(AND($A$5>=DATE(PlanYear,1,1),$A$5<=DATE(PlanYear+1,1,31)))),"",INDEX(CHOOSE(IF(YEAR($A$5)>PlanYear,13,MONTH($A$5)),'Jan'!$D$27:$AH$266,'Feb'!$D$27:$AH$266,'Mar'!$D$27:$AH$266,'Apr'!$D$27:$AH$266,'May'!$D$27:$AH$266,'Jun'!$D$27:$AH$266,'Jul'!$D$27:$AH$266,'Aug'!$D$27:$AH$266,'Sep'!$D$27:$AH$266,'Oct'!$D$27:$AH$266,'Nov'!$D$27:$AH$266,'Dec'!$D$27:$AH$266,'Jan (next year)'!$D$27:$AH$266),199,DAY($A$5))&"") | G60: =IF(OR($B60="",NOT(AND($A$5>=DATE(PlanYear,1,1),$A$5<=DATE(PlanYear+1,1,31)))),"",INDEX(CHOOSE(IF(YEAR($A$5)>PlanYear,13,MONTH($A$5)),'Jan'!$D$27:$AH$266,'Feb'!$D$27:$AH$266,'Mar'!$D$27:$AH$266,'Apr'!$D$27:$AH$266,'May'!$D$27:$AH$266,'Jun'!$D$27:$AH$266,'Jul'!$D$27:$AH$266,'Aug'!$D$27:$AH$266,'Sep'!$D$27:$AH$266,'Oct'!$D$27:$AH$266,'Nov'!$D$27:$AH$266,'Dec'!$D$27:$AH$266,'Jan (next year)'!$D$27:$AH$266),200,DAY($A$5))&"")
A61: =IF(Roster!$B$56="","",Roster!$B$56) | B61: =IF(Roster!$C$56="","",Roster!$C$56) | C61: =IF(Roster!$C$56="","",Roster!$F$56&IF(OR(Roster!$G$56="SANS",Roster!$G$56="NSMEN")," | "&Roster!$G$56,"")) | D61: =IF(OR($B61="",NOT(AND($A$5>=DATE(PlanYear,1,1),$A$5<=DATE(PlanYear+1,1,31)))),"",INDEX(CHOOSE(IF(YEAR($A$5)>PlanYear,13,MONTH($A$5)),'Jan'!$D$27:$AH$266,'Feb'!$D$27:$AH$266,'Mar'!$D$27:$AH$266,'Apr'!$D$27:$AH$266,'May'!$D$27:$AH$266,'Jun'!$D$27:$AH$266,'Jul'!$D$27:$AH$266,'Aug'!$D$27:$AH$266,'Sep'!$D$27:$AH$266,'Oct'!$D$27:$AH$266,'Nov'!$D$27:$AH$266,'Dec'!$D$27:$AH$266,'Jan (next year)'!$D$27:$AH$266),201,DAY($A$5))&"") | E61: =IF(OR($B61="",NOT(AND($A$5>=DATE(PlanYear,1,1),$A$5<=DATE(PlanYear+1,1,31)))),"",INDEX(CHOOSE(IF(YEAR($A$5)>PlanYear,13,MONTH($A$5)),'Jan'!$D$27:$AH$266,'Feb'!$D$27:$AH$266,'Mar'!$D$27:$AH$266,'Apr'!$D$27:$AH$266,'May'!$D$27:$AH$266,'Jun'!$D$27:$AH$266,'Jul'!$D$27:$AH$266,'Aug'!$D$27:$AH$266,'Sep'!$D$27:$AH$266,'Oct'!$D$27:$AH$266,'Nov'!$D$27:$AH$266,'Dec'!$D$27:$AH$266,'Jan (next year)'!$D$27:$AH$266),202,DAY($A$5))&"") | F61: =IF(OR($B61="",NOT(AND($A$5>=DATE(PlanYear,1,1),$A$5<=DATE(PlanYear+1,1,31)))),"",INDEX(CHOOSE(IF(YEAR($A$5)>PlanYear,13,MONTH($A$5)),'Jan'!$D$27:$AH$266,'Feb'!$D$27:$AH$266,'Mar'!$D$27:$AH$266,'Apr'!$D$27:$AH$266,'May'!$D$27:$AH$266,'Jun'!$D$27:$AH$266,'Jul'!$D$27:$AH$266,'Aug'!$D$27:$AH$266,'Sep'!$D$27:$AH$266,'Oct'!$D$27:$AH$266,'Nov'!$D$27:$AH$266,'Dec'!$D$27:$AH$266,'Jan (next year)'!$D$27:$AH$266),203,DAY($A$5))&"") | G61: =IF(OR($B61="",NOT(AND($A$5>=DATE(PlanYear,1,1),$A$5<=DATE(PlanYear+1,1,31)))),"",INDEX(CHOOSE(IF(YEAR($A$5)>PlanYear,13,MONTH($A$5)),'Jan'!$D$27:$AH$266,'Feb'!$D$27:$AH$266,'Mar'!$D$27:$AH$266,'Apr'!$D$27:$AH$266,'May'!$D$27:$AH$266,'Jun'!$D$27:$AH$266,'Jul'!$D$27:$AH$266,'Aug'!$D$27:$AH$266,'Sep'!$D$27:$AH$266,'Oct'!$D$27:$AH$266,'Nov'!$D$27:$AH$266,'Dec'!$D$27:$AH$266,'Jan (next year)'!$D$27:$AH$266),204,DAY($A$5))&"")
A62: =IF(Roster!$B$57="","",Roster!$B$57) | B62: =IF(Roster!$C$57="","",Roster!$C$57) | C62: =IF(Roster!$C$57="","",Roster!$F$57&IF(OR(Roster!$G$57="SANS",Roster!$G$57="NSMEN")," | "&Roster!$G$57,"")) | D62: =IF(OR($B62="",NOT(AND($A$5>=DATE(PlanYear,1,1),$A$5<=DATE(PlanYear+1,1,31)))),"",INDEX(CHOOSE(IF(YEAR($A$5)>PlanYear,13,MONTH($A$5)),'Jan'!$D$27:$AH$266,'Feb'!$D$27:$AH$266,'Mar'!$D$27:$AH$266,'Apr'!$D$27:$AH$266,'May'!$D$27:$AH$266,'Jun'!$D$27:$AH$266,'Jul'!$D$27:$AH$266,'Aug'!$D$27:$AH$266,'Sep'!$D$27:$AH$266,'Oct'!$D$27:$AH$266,'Nov'!$D$27:$AH$266,'Dec'!$D$27:$AH$266,'Jan (next year)'!$D$27:$AH$266),205,DAY($A$5))&"") | E62: =IF(OR($B62="",NOT(AND($A$5>=DATE(PlanYear,1,1),$A$5<=DATE(PlanYear+1,1,31)))),"",INDEX(CHOOSE(IF(YEAR($A$5)>PlanYear,13,MONTH($A$5)),'Jan'!$D$27:$AH$266,'Feb'!$D$27:$AH$266,'Mar'!$D$27:$AH$266,'Apr'!$D$27:$AH$266,'May'!$D$27:$AH$266,'Jun'!$D$27:$AH$266,'Jul'!$D$27:$AH$266,'Aug'!$D$27:$AH$266,'Sep'!$D$27:$AH$266,'Oct'!$D$27:$AH$266,'Nov'!$D$27:$AH$266,'Dec'!$D$27:$AH$266,'Jan (next year)'!$D$27:$AH$266),206,DAY($A$5))&"") | F62: =IF(OR($B62="",NOT(AND($A$5>=DATE(PlanYear,1,1),$A$5<=DATE(PlanYear+1,1,31)))),"",INDEX(CHOOSE(IF(YEAR($A$5)>PlanYear,13,MONTH($A$5)),'Jan'!$D$27:$AH$266,'Feb'!$D$27:$AH$266,'Mar'!$D$27:$AH$266,'Apr'!$D$27:$AH$266,'May'!$D$27:$AH$266,'Jun'!$D$27:$AH$266,'Jul'!$D$27:$AH$266,'Aug'!$D$27:$AH$266,'Sep'!$D$27:$AH$266,'Oct'!$D$27:$AH$266,'Nov'!$D$27:$AH$266,'Dec'!$D$27:$AH$266,'Jan (next year)'!$D$27:$AH$266),207,DAY($A$5))&"") | G62: =IF(OR($B62="",NOT(AND($A$5>=DATE(PlanYear,1,1),$A$5<=DATE(PlanYear+1,1,31)))),"",INDEX(CHOOSE(IF(YEAR($A$5)>PlanYear,13,MONTH($A$5)),'Jan'!$D$27:$AH$266,'Feb'!$D$27:$AH$266,'Mar'!$D$27:$AH$266,'Apr'!$D$27:$AH$266,'May'!$D$27:$AH$266,'Jun'!$D$27:$AH$266,'Jul'!$D$27:$AH$266,'Aug'!$D$27:$AH$266,'Sep'!$D$27:$AH$266,'Oct'!$D$27:$AH$266,'Nov'!$D$27:$AH$266,'Dec'!$D$27:$AH$266,'Jan (next year)'!$D$27:$AH$266),208,DAY($A$5))&"")
A63: =IF(Roster!$B$58="","",Roster!$B$58) | B63: =IF(Roster!$C$58="","",Roster!$C$58) | C63: =IF(Roster!$C$58="","",Roster!$F$58&IF(OR(Roster!$G$58="SANS",Roster!$G$58="NSMEN")," | "&Roster!$G$58,"")) | D63: =IF(OR($B63="",NOT(AND($A$5>=DATE(PlanYear,1,1),$A$5<=DATE(PlanYear+1,1,31)))),"",INDEX(CHOOSE(IF(YEAR($A$5)>PlanYear,13,MONTH($A$5)),'Jan'!$D$27:$AH$266,'Feb'!$D$27:$AH$266,'Mar'!$D$27:$AH$266,'Apr'!$D$27:$AH$266,'May'!$D$27:$AH$266,'Jun'!$D$27:$AH$266,'Jul'!$D$27:$AH$266,'Aug'!$D$27:$AH$266,'Sep'!$D$27:$AH$266,'Oct'!$D$27:$AH$266,'Nov'!$D$27:$AH$266,'Dec'!$D$27:$AH$266,'Jan (next year)'!$D$27:$AH$266),209,DAY($A$5))&"") | E63: =IF(OR($B63="",NOT(AND($A$5>=DATE(PlanYear,1,1),$A$5<=DATE(PlanYear+1,1,31)))),"",INDEX(CHOOSE(IF(YEAR($A$5)>PlanYear,13,MONTH($A$5)),'Jan'!$D$27:$AH$266,'Feb'!$D$27:$AH$266,'Mar'!$D$27:$AH$266,'Apr'!$D$27:$AH$266,'May'!$D$27:$AH$266,'Jun'!$D$27:$AH$266,'Jul'!$D$27:$AH$266,'Aug'!$D$27:$AH$266,'Sep'!$D$27:$AH$266,'Oct'!$D$27:$AH$266,'Nov'!$D$27:$AH$266,'Dec'!$D$27:$AH$266,'Jan (next year)'!$D$27:$AH$266),210,DAY($A$5))&"") | F63: =IF(OR($B63="",NOT(AND($A$5>=DATE(PlanYear,1,1),$A$5<=DATE(PlanYear+1,1,31)))),"",INDEX(CHOOSE(IF(YEAR($A$5)>PlanYear,13,MONTH($A$5)),'Jan'!$D$27:$AH$266,'Feb'!$D$27:$AH$266,'Mar'!$D$27:$AH$266,'Apr'!$D$27:$AH$266,'May'!$D$27:$AH$266,'Jun'!$D$27:$AH$266,'Jul'!$D$27:$AH$266,'Aug'!$D$27:$AH$266,'Sep'!$D$27:$AH$266,'Oct'!$D$27:$AH$266,'Nov'!$D$27:$AH$266,'Dec'!$D$27:$AH$266,'Jan (next year)'!$D$27:$AH$266),211,DAY($A$5))&"") | G63: =IF(OR($B63="",NOT(AND($A$5>=DATE(PlanYear,1,1),$A$5<=DATE(PlanYear+1,1,31)))),"",INDEX(CHOOSE(IF(YEAR($A$5)>PlanYear,13,MONTH($A$5)),'Jan'!$D$27:$AH$266,'Feb'!$D$27:$AH$266,'Mar'!$D$27:$AH$266,'Apr'!$D$27:$AH$266,'May'!$D$27:$AH$266,'Jun'!$D$27:$AH$266,'Jul'!$D$27:$AH$266,'Aug'!$D$27:$AH$266,'Sep'!$D$27:$AH$266,'Oct'!$D$27:$AH$266,'Nov'!$D$27:$AH$266,'Dec'!$D$27:$AH$266,'Jan (next year)'!$D$27:$AH$266),212,DAY($A$5))&"")
A64: =IF(Roster!$B$59="","",Roster!$B$59) | B64: =IF(Roster!$C$59="","",Roster!$C$59) | C64: =IF(Roster!$C$59="","",Roster!$F$59&IF(OR(Roster!$G$59="SANS",Roster!$G$59="NSMEN")," | "&Roster!$G$59,"")) | D64: =IF(OR($B64="",NOT(AND($A$5>=DATE(PlanYear,1,1),$A$5<=DATE(PlanYear+1,1,31)))),"",INDEX(CHOOSE(IF(YEAR($A$5)>PlanYear,13,MONTH($A$5)),'Jan'!$D$27:$AH$266,'Feb'!$D$27:$AH$266,'Mar'!$D$27:$AH$266,'Apr'!$D$27:$AH$266,'May'!$D$27:$AH$266,'Jun'!$D$27:$AH$266,'Jul'!$D$27:$AH$266,'Aug'!$D$27:$AH$266,'Sep'!$D$27:$AH$266,'Oct'!$D$27:$AH$266,'Nov'!$D$27:$AH$266,'Dec'!$D$27:$AH$266,'Jan (next year)'!$D$27:$AH$266),213,DAY($A$5))&"") | E64: =IF(OR($B64="",NOT(AND($A$5>=DATE(PlanYear,1,1),$A$5<=DATE(PlanYear+1,1,31)))),"",INDEX(CHOOSE(IF(YEAR($A$5)>PlanYear,13,MONTH($A$5)),'Jan'!$D$27:$AH$266,'Feb'!$D$27:$AH$266,'Mar'!$D$27:$AH$266,'Apr'!$D$27:$AH$266,'May'!$D$27:$AH$266,'Jun'!$D$27:$AH$266,'Jul'!$D$27:$AH$266,'Aug'!$D$27:$AH$266,'Sep'!$D$27:$AH$266,'Oct'!$D$27:$AH$266,'Nov'!$D$27:$AH$266,'Dec'!$D$27:$AH$266,'Jan (next year)'!$D$27:$AH$266),214,DAY($A$5))&"") | F64: =IF(OR($B64="",NOT(AND($A$5>=DATE(PlanYear,1,1),$A$5<=DATE(PlanYear+1,1,31)))),"",INDEX(CHOOSE(IF(YEAR($A$5)>PlanYear,13,MONTH($A$5)),'Jan'!$D$27:$AH$266,'Feb'!$D$27:$AH$266,'Mar'!$D$27:$AH$266,'Apr'!$D$27:$AH$266,'May'!$D$27:$AH$266,'Jun'!$D$27:$AH$266,'Jul'!$D$27:$AH$266,'Aug'!$D$27:$AH$266,'Sep'!$D$27:$AH$266,'Oct'!$D$27:$AH$266,'Nov'!$D$27:$AH$266,'Dec'!$D$27:$AH$266,'Jan (next year)'!$D$27:$AH$266),215,DAY($A$5))&"") | G64: =IF(OR($B64="",NOT(AND($A$5>=DATE(PlanYear,1,1),$A$5<=DATE(PlanYear+1,1,31)))),"",INDEX(CHOOSE(IF(YEAR($A$5)>PlanYear,13,MONTH($A$5)),'Jan'!$D$27:$AH$266,'Feb'!$D$27:$AH$266,'Mar'!$D$27:$AH$266,'Apr'!$D$27:$AH$266,'May'!$D$27:$AH$266,'Jun'!$D$27:$AH$266,'Jul'!$D$27:$AH$266,'Aug'!$D$27:$AH$266,'Sep'!$D$27:$AH$266,'Oct'!$D$27:$AH$266,'Nov'!$D$27:$AH$266,'Dec'!$D$27:$AH$266,'Jan (next year)'!$D$27:$AH$266),216,DAY($A$5))&"")
A65: =IF(Roster!$B$60="","",Roster!$B$60) | B65: =IF(Roster!$C$60="","",Roster!$C$60) | C65: =IF(Roster!$C$60="","",Roster!$F$60&IF(OR(Roster!$G$60="SANS",Roster!$G$60="NSMEN")," | "&Roster!$G$60,"")) | D65: =IF(OR($B65="",NOT(AND($A$5>=DATE(PlanYear,1,1),$A$5<=DATE(PlanYear+1,1,31)))),"",INDEX(CHOOSE(IF(YEAR($A$5)>PlanYear,13,MONTH($A$5)),'Jan'!$D$27:$AH$266,'Feb'!$D$27:$AH$266,'Mar'!$D$27:$AH$266,'Apr'!$D$27:$AH$266,'May'!$D$27:$AH$266,'Jun'!$D$27:$AH$266,'Jul'!$D$27:$AH$266,'Aug'!$D$27:$AH$266,'Sep'!$D$27:$AH$266,'Oct'!$D$27:$AH$266,'Nov'!$D$27:$AH$266,'Dec'!$D$27:$AH$266,'Jan (next year)'!$D$27:$AH$266),217,DAY($A$5))&"") | E65: =IF(OR($B65="",NOT(AND($A$5>=DATE(PlanYear,1,1),$A$5<=DATE(PlanYear+1,1,31)))),"",INDEX(CHOOSE(IF(YEAR($A$5)>PlanYear,13,MONTH($A$5)),'Jan'!$D$27:$AH$266,'Feb'!$D$27:$AH$266,'Mar'!$D$27:$AH$266,'Apr'!$D$27:$AH$266,'May'!$D$27:$AH$266,'Jun'!$D$27:$AH$266,'Jul'!$D$27:$AH$266,'Aug'!$D$27:$AH$266,'Sep'!$D$27:$AH$266,'Oct'!$D$27:$AH$266,'Nov'!$D$27:$AH$266,'Dec'!$D$27:$AH$266,'Jan (next year)'!$D$27:$AH$266),218,DAY($A$5))&"") | F65: =IF(OR($B65="",NOT(AND($A$5>=DATE(PlanYear,1,1),$A$5<=DATE(PlanYear+1,1,31)))),"",INDEX(CHOOSE(IF(YEAR($A$5)>PlanYear,13,MONTH($A$5)),'Jan'!$D$27:$AH$266,'Feb'!$D$27:$AH$266,'Mar'!$D$27:$AH$266,'Apr'!$D$27:$AH$266,'May'!$D$27:$AH$266,'Jun'!$D$27:$AH$266,'Jul'!$D$27:$AH$266,'Aug'!$D$27:$AH$266,'Sep'!$D$27:$AH$266,'Oct'!$D$27:$AH$266,'Nov'!$D$27:$AH$266,'Dec'!$D$27:$AH$266,'Jan (next year)'!$D$27:$AH$266),219,DAY($A$5))&"") | G65: =IF(OR($B65="",NOT(AND($A$5>=DATE(PlanYear,1,1),$A$5<=DATE(PlanYear+1,1,31)))),"",INDEX(CHOOSE(IF(YEAR($A$5)>PlanYear,13,MONTH($A$5)),'Jan'!$D$27:$AH$266,'Feb'!$D$27:$AH$266,'Mar'!$D$27:$AH$266,'Apr'!$D$27:$AH$266,'May'!$D$27:$AH$266,'Jun'!$D$27:$AH$266,'Jul'!$D$27:$AH$266,'Aug'!$D$27:$AH$266,'Sep'!$D$27:$AH$266,'Oct'!$D$27:$AH$266,'Nov'!$D$27:$AH$266,'Dec'!$D$27:$AH$266,'Jan (next year)'!$D$27:$AH$266),220,DAY($A$5))&"")
A66: =IF(Roster!$B$61="","",Roster!$B$61) | B66: =IF(Roster!$C$61="","",Roster!$C$61) | C66: =IF(Roster!$C$61="","",Roster!$F$61&IF(OR(Roster!$G$61="SANS",Roster!$G$61="NSMEN")," | "&Roster!$G$61,"")) | D66: =IF(OR($B66="",NOT(AND($A$5>=DATE(PlanYear,1,1),$A$5<=DATE(PlanYear+1,1,31)))),"",INDEX(CHOOSE(IF(YEAR($A$5)>PlanYear,13,MONTH($A$5)),'Jan'!$D$27:$AH$266,'Feb'!$D$27:$AH$266,'Mar'!$D$27:$AH$266,'Apr'!$D$27:$AH$266,'May'!$D$27:$AH$266,'Jun'!$D$27:$AH$266,'Jul'!$D$27:$AH$266,'Aug'!$D$27:$AH$266,'Sep'!$D$27:$AH$266,'Oct'!$D$27:$AH$266,'Nov'!$D$27:$AH$266,'Dec'!$D$27:$AH$266,'Jan (next year)'!$D$27:$AH$266),221,DAY($A$5))&"") | E66: =IF(OR($B66="",NOT(AND($A$5>=DATE(PlanYear,1,1),$A$5<=DATE(PlanYear+1,1,31)))),"",INDEX(CHOOSE(IF(YEAR($A$5)>PlanYear,13,MONTH($A$5)),'Jan'!$D$27:$AH$266,'Feb'!$D$27:$AH$266,'Mar'!$D$27:$AH$266,'Apr'!$D$27:$AH$266,'May'!$D$27:$AH$266,'Jun'!$D$27:$AH$266,'Jul'!$D$27:$AH$266,'Aug'!$D$27:$AH$266,'Sep'!$D$27:$AH$266,'Oct'!$D$27:$AH$266,'Nov'!$D$27:$AH$266,'Dec'!$D$27:$AH$266,'Jan (next year)'!$D$27:$AH$266),222,DAY($A$5))&"") | F66: =IF(OR($B66="",NOT(AND($A$5>=DATE(PlanYear,1,1),$A$5<=DATE(PlanYear+1,1,31)))),"",INDEX(CHOOSE(IF(YEAR($A$5)>PlanYear,13,MONTH($A$5)),'Jan'!$D$27:$AH$266,'Feb'!$D$27:$AH$266,'Mar'!$D$27:$AH$266,'Apr'!$D$27:$AH$266,'May'!$D$27:$AH$266,'Jun'!$D$27:$AH$266,'Jul'!$D$27:$AH$266,'Aug'!$D$27:$AH$266,'Sep'!$D$27:$AH$266,'Oct'!$D$27:$AH$266,'Nov'!$D$27:$AH$266,'Dec'!$D$27:$AH$266,'Jan (next year)'!$D$27:$AH$266),223,DAY($A$5))&"") | G66: =IF(OR($B66="",NOT(AND($A$5>=DATE(PlanYear,1,1),$A$5<=DATE(PlanYear+1,1,31)))),"",INDEX(CHOOSE(IF(YEAR($A$5)>PlanYear,13,MONTH($A$5)),'Jan'!$D$27:$AH$266,'Feb'!$D$27:$AH$266,'Mar'!$D$27:$AH$266,'Apr'!$D$27:$AH$266,'May'!$D$27:$AH$266,'Jun'!$D$27:$AH$266,'Jul'!$D$27:$AH$266,'Aug'!$D$27:$AH$266,'Sep'!$D$27:$AH$266,'Oct'!$D$27:$AH$266,'Nov'!$D$27:$AH$266,'Dec'!$D$27:$AH$266,'Jan (next year)'!$D$27:$AH$266),224,DAY($A$5))&"")
A67: =IF(Roster!$B$62="","",Roster!$B$62) | B67: =IF(Roster!$C$62="","",Roster!$C$62) | C67: =IF(Roster!$C$62="","",Roster!$F$62&IF(OR(Roster!$G$62="SANS",Roster!$G$62="NSMEN")," | "&Roster!$G$62,"")) | D67: =IF(OR($B67="",NOT(AND($A$5>=DATE(PlanYear,1,1),$A$5<=DATE(PlanYear+1,1,31)))),"",INDEX(CHOOSE(IF(YEAR($A$5)>PlanYear,13,MONTH($A$5)),'Jan'!$D$27:$AH$266,'Feb'!$D$27:$AH$266,'Mar'!$D$27:$AH$266,'Apr'!$D$27:$AH$266,'May'!$D$27:$AH$266,'Jun'!$D$27:$AH$266,'Jul'!$D$27:$AH$266,'Aug'!$D$27:$AH$266,'Sep'!$D$27:$AH$266,'Oct'!$D$27:$AH$266,'Nov'!$D$27:$AH$266,'Dec'!$D$27:$AH$266,'Jan (next year)'!$D$27:$AH$266),225,DAY($A$5))&"") | E67: =IF(OR($B67="",NOT(AND($A$5>=DATE(PlanYear,1,1),$A$5<=DATE(PlanYear+1,1,31)))),"",INDEX(CHOOSE(IF(YEAR($A$5)>PlanYear,13,MONTH($A$5)),'Jan'!$D$27:$AH$266,'Feb'!$D$27:$AH$266,'Mar'!$D$27:$AH$266,'Apr'!$D$27:$AH$266,'May'!$D$27:$AH$266,'Jun'!$D$27:$AH$266,'Jul'!$D$27:$AH$266,'Aug'!$D$27:$AH$266,'Sep'!$D$27:$AH$266,'Oct'!$D$27:$AH$266,'Nov'!$D$27:$AH$266,'Dec'!$D$27:$AH$266,'Jan (next year)'!$D$27:$AH$266),226,DAY($A$5))&"") | F67: =IF(OR($B67="",NOT(AND($A$5>=DATE(PlanYear,1,1),$A$5<=DATE(PlanYear+1,1,31)))),"",INDEX(CHOOSE(IF(YEAR($A$5)>PlanYear,13,MONTH($A$5)),'Jan'!$D$27:$AH$266,'Feb'!$D$27:$AH$266,'Mar'!$D$27:$AH$266,'Apr'!$D$27:$AH$266,'May'!$D$27:$AH$266,'Jun'!$D$27:$AH$266,'Jul'!$D$27:$AH$266,'Aug'!$D$27:$AH$266,'Sep'!$D$27:$AH$266,'Oct'!$D$27:$AH$266,'Nov'!$D$27:$AH$266,'Dec'!$D$27:$AH$266,'Jan (next year)'!$D$27:$AH$266),227,DAY($A$5))&"") | G67: =IF(OR($B67="",NOT(AND($A$5>=DATE(PlanYear,1,1),$A$5<=DATE(PlanYear+1,1,31)))),"",INDEX(CHOOSE(IF(YEAR($A$5)>PlanYear,13,MONTH($A$5)),'Jan'!$D$27:$AH$266,'Feb'!$D$27:$AH$266,'Mar'!$D$27:$AH$266,'Apr'!$D$27:$AH$266,'May'!$D$27:$AH$266,'Jun'!$D$27:$AH$266,'Jul'!$D$27:$AH$266,'Aug'!$D$27:$AH$266,'Sep'!$D$27:$AH$266,'Oct'!$D$27:$AH$266,'Nov'!$D$27:$AH$266,'Dec'!$D$27:$AH$266,'Jan (next year)'!$D$27:$AH$266),228,DAY($A$5))&"")
A68: =IF(Roster!$B$63="","",Roster!$B$63) | B68: =IF(Roster!$C$63="","",Roster!$C$63) | C68: =IF(Roster!$C$63="","",Roster!$F$63&IF(OR(Roster!$G$63="SANS",Roster!$G$63="NSMEN")," | "&Roster!$G$63,"")) | D68: =IF(OR($B68="",NOT(AND($A$5>=DATE(PlanYear,1,1),$A$5<=DATE(PlanYear+1,1,31)))),"",INDEX(CHOOSE(IF(YEAR($A$5)>PlanYear,13,MONTH($A$5)),'Jan'!$D$27:$AH$266,'Feb'!$D$27:$AH$266,'Mar'!$D$27:$AH$266,'Apr'!$D$27:$AH$266,'May'!$D$27:$AH$266,'Jun'!$D$27:$AH$266,'Jul'!$D$27:$AH$266,'Aug'!$D$27:$AH$266,'Sep'!$D$27:$AH$266,'Oct'!$D$27:$AH$266,'Nov'!$D$27:$AH$266,'Dec'!$D$27:$AH$266,'Jan (next year)'!$D$27:$AH$266),229,DAY($A$5))&"") | E68: =IF(OR($B68="",NOT(AND($A$5>=DATE(PlanYear,1,1),$A$5<=DATE(PlanYear+1,1,31)))),"",INDEX(CHOOSE(IF(YEAR($A$5)>PlanYear,13,MONTH($A$5)),'Jan'!$D$27:$AH$266,'Feb'!$D$27:$AH$266,'Mar'!$D$27:$AH$266,'Apr'!$D$27:$AH$266,'May'!$D$27:$AH$266,'Jun'!$D$27:$AH$266,'Jul'!$D$27:$AH$266,'Aug'!$D$27:$AH$266,'Sep'!$D$27:$AH$266,'Oct'!$D$27:$AH$266,'Nov'!$D$27:$AH$266,'Dec'!$D$27:$AH$266,'Jan (next year)'!$D$27:$AH$266),230,DAY($A$5))&"") | F68: =IF(OR($B68="",NOT(AND($A$5>=DATE(PlanYear,1,1),$A$5<=DATE(PlanYear+1,1,31)))),"",INDEX(CHOOSE(IF(YEAR($A$5)>PlanYear,13,MONTH($A$5)),'Jan'!$D$27:$AH$266,'Feb'!$D$27:$AH$266,'Mar'!$D$27:$AH$266,'Apr'!$D$27:$AH$266,'May'!$D$27:$AH$266,'Jun'!$D$27:$AH$266,'Jul'!$D$27:$AH$266,'Aug'!$D$27:$AH$266,'Sep'!$D$27:$AH$266,'Oct'!$D$27:$AH$266,'Nov'!$D$27:$AH$266,'Dec'!$D$27:$AH$266,'Jan (next year)'!$D$27:$AH$266),231,DAY($A$5))&"") | G68: =IF(OR($B68="",NOT(AND($A$5>=DATE(PlanYear,1,1),$A$5<=DATE(PlanYear+1,1,31)))),"",INDEX(CHOOSE(IF(YEAR($A$5)>PlanYear,13,MONTH($A$5)),'Jan'!$D$27:$AH$266,'Feb'!$D$27:$AH$266,'Mar'!$D$27:$AH$266,'Apr'!$D$27:$AH$266,'May'!$D$27:$AH$266,'Jun'!$D$27:$AH$266,'Jul'!$D$27:$AH$266,'Aug'!$D$27:$AH$266,'Sep'!$D$27:$AH$266,'Oct'!$D$27:$AH$266,'Nov'!$D$27:$AH$266,'Dec'!$D$27:$AH$266,'Jan (next year)'!$D$27:$AH$266),232,DAY($A$5))&"")
A69: =IF(Roster!$B$64="","",Roster!$B$64) | B69: =IF(Roster!$C$64="","",Roster!$C$64) | C69: =IF(Roster!$C$64="","",Roster!$F$64&IF(OR(Roster!$G$64="SANS",Roster!$G$64="NSMEN")," | "&Roster!$G$64,"")) | D69: =IF(OR($B69="",NOT(AND($A$5>=DATE(PlanYear,1,1),$A$5<=DATE(PlanYear+1,1,31)))),"",INDEX(CHOOSE(IF(YEAR($A$5)>PlanYear,13,MONTH($A$5)),'Jan'!$D$27:$AH$266,'Feb'!$D$27:$AH$266,'Mar'!$D$27:$AH$266,'Apr'!$D$27:$AH$266,'May'!$D$27:$AH$266,'Jun'!$D$27:$AH$266,'Jul'!$D$27:$AH$266,'Aug'!$D$27:$AH$266,'Sep'!$D$27:$AH$266,'Oct'!$D$27:$AH$266,'Nov'!$D$27:$AH$266,'Dec'!$D$27:$AH$266,'Jan (next year)'!$D$27:$AH$266),233,DAY($A$5))&"") | E69: =IF(OR($B69="",NOT(AND($A$5>=DATE(PlanYear,1,1),$A$5<=DATE(PlanYear+1,1,31)))),"",INDEX(CHOOSE(IF(YEAR($A$5)>PlanYear,13,MONTH($A$5)),'Jan'!$D$27:$AH$266,'Feb'!$D$27:$AH$266,'Mar'!$D$27:$AH$266,'Apr'!$D$27:$AH$266,'May'!$D$27:$AH$266,'Jun'!$D$27:$AH$266,'Jul'!$D$27:$AH$266,'Aug'!$D$27:$AH$266,'Sep'!$D$27:$AH$266,'Oct'!$D$27:$AH$266,'Nov'!$D$27:$AH$266,'Dec'!$D$27:$AH$266,'Jan (next year)'!$D$27:$AH$266),234,DAY($A$5))&"") | F69: =IF(OR($B69="",NOT(AND($A$5>=DATE(PlanYear,1,1),$A$5<=DATE(PlanYear+1,1,31)))),"",INDEX(CHOOSE(IF(YEAR($A$5)>PlanYear,13,MONTH($A$5)),'Jan'!$D$27:$AH$266,'Feb'!$D$27:$AH$266,'Mar'!$D$27:$AH$266,'Apr'!$D$27:$AH$266,'May'!$D$27:$AH$266,'Jun'!$D$27:$AH$266,'Jul'!$D$27:$AH$266,'Aug'!$D$27:$AH$266,'Sep'!$D$27:$AH$266,'Oct'!$D$27:$AH$266,'Nov'!$D$27:$AH$266,'Dec'!$D$27:$AH$266,'Jan (next year)'!$D$27:$AH$266),235,DAY($A$5))&"") | G69: =IF(OR($B69="",NOT(AND($A$5>=DATE(PlanYear,1,1),$A$5<=DATE(PlanYear+1,1,31)))),"",INDEX(CHOOSE(IF(YEAR($A$5)>PlanYear,13,MONTH($A$5)),'Jan'!$D$27:$AH$266,'Feb'!$D$27:$AH$266,'Mar'!$D$27:$AH$266,'Apr'!$D$27:$AH$266,'May'!$D$27:$AH$266,'Jun'!$D$27:$AH$266,'Jul'!$D$27:$AH$266,'Aug'!$D$27:$AH$266,'Sep'!$D$27:$AH$266,'Oct'!$D$27:$AH$266,'Nov'!$D$27:$AH$266,'Dec'!$D$27:$AH$266,'Jan (next year)'!$D$27:$AH$266),236,DAY($A$5))&"")
A70: =IF(Roster!$B$65="","",Roster!$B$65) | B70: =IF(Roster!$C$65="","",Roster!$C$65) | C70: =IF(Roster!$C$65="","",Roster!$F$65&IF(OR(Roster!$G$65="SANS",Roster!$G$65="NSMEN")," | "&Roster!$G$65,"")) | D70: =IF(OR($B70="",NOT(AND($A$5>=DATE(PlanYear,1,1),$A$5<=DATE(PlanYear+1,1,31)))),"",INDEX(CHOOSE(IF(YEAR($A$5)>PlanYear,13,MONTH($A$5)),'Jan'!$D$27:$AH$266,'Feb'!$D$27:$AH$266,'Mar'!$D$27:$AH$266,'Apr'!$D$27:$AH$266,'May'!$D$27:$AH$266,'Jun'!$D$27:$AH$266,'Jul'!$D$27:$AH$266,'Aug'!$D$27:$AH$266,'Sep'!$D$27:$AH$266,'Oct'!$D$27:$AH$266,'Nov'!$D$27:$AH$266,'Dec'!$D$27:$AH$266,'Jan (next year)'!$D$27:$AH$266),237,DAY($A$5))&"") | E70: =IF(OR($B70="",NOT(AND($A$5>=DATE(PlanYear,1,1),$A$5<=DATE(PlanYear+1,1,31)))),"",INDEX(CHOOSE(IF(YEAR($A$5)>PlanYear,13,MONTH($A$5)),'Jan'!$D$27:$AH$266,'Feb'!$D$27:$AH$266,'Mar'!$D$27:$AH$266,'Apr'!$D$27:$AH$266,'May'!$D$27:$AH$266,'Jun'!$D$27:$AH$266,'Jul'!$D$27:$AH$266,'Aug'!$D$27:$AH$266,'Sep'!$D$27:$AH$266,'Oct'!$D$27:$AH$266,'Nov'!$D$27:$AH$266,'Dec'!$D$27:$AH$266,'Jan (next year)'!$D$27:$AH$266),238,DAY($A$5))&"") | F70: =IF(OR($B70="",NOT(AND($A$5>=DATE(PlanYear,1,1),$A$5<=DATE(PlanYear+1,1,31)))),"",INDEX(CHOOSE(IF(YEAR($A$5)>PlanYear,13,MONTH($A$5)),'Jan'!$D$27:$AH$266,'Feb'!$D$27:$AH$266,'Mar'!$D$27:$AH$266,'Apr'!$D$27:$AH$266,'May'!$D$27:$AH$266,'Jun'!$D$27:$AH$266,'Jul'!$D$27:$AH$266,'Aug'!$D$27:$AH$266,'Sep'!$D$27:$AH$266,'Oct'!$D$27:$AH$266,'Nov'!$D$27:$AH$266,'Dec'!$D$27:$AH$266,'Jan (next year)'!$D$27:$AH$266),239,DAY($A$5))&"") | G70: =IF(OR($B70="",NOT(AND($A$5>=DATE(PlanYear,1,1),$A$5<=DATE(PlanYear+1,1,31)))),"",INDEX(CHOOSE(IF(YEAR($A$5)>PlanYear,13,MONTH($A$5)),'Jan'!$D$27:$AH$266,'Feb'!$D$27:$AH$266,'Mar'!$D$27:$AH$266,'Apr'!$D$27:$AH$266,'May'!$D$27:$AH$266,'Jun'!$D$27:$AH$266,'Jul'!$D$27:$AH$266,'Aug'!$D$27:$AH$266,'Sep'!$D$27:$AH$266,'Oct'!$D$27:$AH$266,'Nov'!$D$27:$AH$266,'Dec'!$D$27:$AH$266,'Jan (next year)'!$D$27:$AH$266),240,DAY($A$5))&"")

Sheet SDO Plan
A1: SDO PLANNING CALENDAR | SUP 2
A2: Squadron Duty Orderly (SDO) days for SUP 2. Copy them from the Duty Roster with the dashboard (Planner tab), or pick your department on each day. The month tabs and the table on the right fill in automatically.
A4: Other departments' SDO days are kept in their own files. Open them in the dashboard to see the combined calendar. | Z4: ="SDO DATES | "&UPPER(ThisDept)
Z5: Month | AA5: SDO dates | AB5: Days
A6: =UPPER(TEXT(DATE(PlanYear,1,1),"mmmm yyyy")) | I6: =UPPER(TEXT(DATE(PlanYear,2,1),"mmmm yyyy")) | Q6: =UPPER(TEXT(DATE(PlanYear,3,1),"mmmm yyyy")) | Z6: =HYPERLINK("#'Jan'!D27","January") | AA6: =MID(IF(ISNUMBER(SEARCH("SDO",'Jan'!D$25)),", "&1,"")&IF(ISNUMBER(SEARCH("SDO",'Jan'!E$25)),", "&2,"")&IF(ISNUMBER(SEARCH("SDO",'Jan'!F$25)),", "&3,"")&IF(ISNUMBER(SEARCH("SDO",'Jan'!G$25)),", "&4,"")&IF(ISNUMBER(SEARCH("SDO",'Jan'!H$25)),", "&5,"")&IF(ISNUMBER(SEARCH("SDO",'Jan'!I$25)),", "&6,"")&IF(ISNUMBER(SEARCH("SDO",'Jan'!J$25)),", "&7,"")&IF(ISNUMBER(SEARCH("SDO",'Jan'!K$25)),", "&8,"")&IF(ISNUMBER(SEARCH("SDO",'Jan'!L$25)),", "&9,"")&IF(ISNUMBER(SEARCH("SDO",'Jan'!M$25)),", "&10,"")&IF(ISNUMBER(SEARCH("SDO",'Jan'!N$25)),", "&11,"")&IF(ISNUMBER(SEARCH("SDO",'Jan'!O$25)),", "&12,"")&IF(ISNUMBER(SEARCH("SDO",'Jan'!P$25)),", "&13,"")&IF(ISNUMBER(SEARCH("SDO",'Jan'!Q$25)),", "&14,"")&IF(ISNUMBER(SEARCH("SDO",'Jan'!R$25)),", "&15,"")&IF(ISNUMBER(SEARCH("SDO",'Jan'!S$25)),", "&16,"")&IF(ISNUMBER(SEARCH("SDO",'Jan'!T$25)),", "&17,"")&IF(ISNUMBER(SEARCH("SDO",'Jan'!U$25)),", "&18,"")&IF(ISNUMBER(SEARCH("SDO",'Jan'!V$25)),", "&19,"")&IF(ISNUMBER(SEARCH("SDO",'Jan'!W$25)),", "&20,"")&IF(ISNUMBER(SEARCH("SDO",'Jan'!X$25)),", "&21,"")&IF(ISNUMBER(SEARCH("SDO",'Jan'!Y$25)),", "&22,"")&IF(ISNUMBER(SEARCH("SDO",'Jan'!Z$25)),", "&23,"")&IF(ISNUMBER(SEARCH("SDO",'Jan'!AA$25)),", "&24,"")&IF(ISNUMBER(SEARCH("SDO",'Jan'!AB$25)),", "&25,"")&IF(ISNUMBER(SEARCH("SDO",'Jan'!AC$25)),", "&26,"")&IF(ISNUMBER(SEARCH("SDO",'Jan'!AD$25)),", "&27,"")&IF(ISNUMBER(SEARCH("SDO",'Jan'!AE$25)),", "&28,"")&IF(ISNUMBER(SEARCH("SDO",'Jan'!AF$25)),", "&29,"")&IF(ISNUMBER(SEARCH("SDO",'Jan'!AG$25)),", "&30,"")&IF(ISNUMBER(SEARCH("SDO",'Jan'!AH$25)),", "&31,""),3,200) | AB6: =COUNTIF('Jan'!$D$25:$AH$25,"*SDO*")
A7: Mon | B7: Tue | C7: Wed | D7: Thu | E7: Fri | F7: Sat | G7: Sun | I7: Mon | J7: Tue | K7: Wed | L7: Thu | M7: Fri | N7: Sat | O7: Sun | Q7: Mon | R7: Tue | S7: Wed | T7: Thu | U7: Fri | V7: Sat | W7: Sun | Z7: =HYPERLINK("#'Feb'!D27","February") | AA7: =MID(IF(ISNUMBER(SEARCH("SDO",'Feb'!D$25)),", "&1,"")&IF(ISNUMBER(SEARCH("SDO",'Feb'!E$25)),", "&2,"")&IF(ISNUMBER(SEARCH("SDO",'Feb'!F$25)),", "&3,"")&IF(ISNUMBER(SEARCH("SDO",'Feb'!G$25)),", "&4,"")&IF(ISNUMBER(SEARCH("SDO",'Feb'!H$25)),", "&5,"")&IF(ISNUMBER(SEARCH("SDO",'Feb'!I$25)),", "&6,"")&IF(ISNUMBER(SEARCH("SDO",'Feb'!J$25)),", "&7,"")&IF(ISNUMBER(SEARCH("SDO",'Feb'!K$25)),", "&8,"")&IF(ISNUMBER(SEARCH("SDO",'Feb'!L$25)),", "&9,"")&IF(ISNUMBER(SEARCH("SDO",'Feb'!M$25)),", "&10,"")&IF(ISNUMBER(SEARCH("SDO",'Feb'!N$25)),", "&11,"")&IF(ISNUMBER(SEARCH("SDO",'Feb'!O$25)),", "&12,"")&IF(ISNUMBER(SEARCH("SDO",'Feb'!P$25)),", "&13,"")&IF(ISNUMBER(SEARCH("SDO",'Feb'!Q$25)),", "&14,"")&IF(ISNUMBER(SEARCH("SDO",'Feb'!R$25)),", "&15,"")&IF(ISNUMBER(SEARCH("SDO",'Feb'!S$25)),", "&16,"")&IF(ISNUMBER(SEARCH("SDO",'Feb'!T$25)),", "&17,"")&IF(ISNUMBER(SEARCH("SDO",'Feb'!U$25)),", "&18,"")&IF(ISNUMBER(SEARCH("SDO",'Feb'!V$25)),", "&19,"")&IF(ISNUMBER(SEARCH("SDO",'Feb'!W$25)),", "&20,"")&IF(ISNUMBER(SEARCH("SDO",'Feb'!X$25)),", "&21,"")&IF(ISNUMBER(SEARCH("SDO",'Feb'!Y$25)),", "&22,"")&IF(ISNUMBER(SEARCH("SDO",'Feb'!Z$25)),", "&23,"")&IF(ISNUMBER(SEARCH("SDO",'Feb'!AA$25)),", "&24,"")&IF(ISNUMBER(SEARCH("SDO",'Feb'!AB$25)),", "&25,"")&IF(ISNUMBER(SEARCH("SDO",'Feb'!AC$25)),", "&26,"")&IF(ISNUMBER(SEARCH("SDO",'Feb'!AD$25)),", "&27,"")&IF(ISNUMBER(SEARCH("SDO",'Feb'!AE$25)),", "&28,"")&IF(ISNUMBER(SEARCH("SDO",'Feb'!AF$25)),", "&29,"")&IF(ISNUMBER(SEARCH("SDO",'Feb'!AG$25)),", "&30,"")&IF(ISNUMBER(SEARCH("SDO",'Feb'!AH$25)),", "&31,""),3,200) | AB7: =COUNTIF('Feb'!$D$25:$AH$25,"*SDO*")
