Workbook
Name PlanYear: Dashboard!$A$5
Name GrList: OFFSET('Flight Codes'!$I$6,0,0,MAX(1,COUNTA('Flight Codes'!$I$6:$I$25)),1)
Name FlCodes: OFFSET('Flight Codes'!$A$6,0,0,MAX(1,COUNTA('Flight Codes'!$A$6:$A$45)),1)
Name CodeTable: 'Flight Codes'!$A$6:$E$45
Name DayStatusList: OFFSET('Flight Codes'!$G$6,0,0,MAX(1,COUNTA('Flight Codes'!$G$6:$G$17)),1)
Name FlDate: Flights!$A$6:$A$1005
Name FlShift: Flights!$B$6:$B$1005
Name FlCode: Flights!$C$6:$C$1005
Name FlTime: Flights!$D$6:$D$1005
Name FlKey: Flights!$I$6:$I$1005
Name FlOrder: Flights!$J$6:$J$1005
Name FlSorties: Flights!$G$6:$G$1005
Name FlCount: Flights!$K$6:$K$1005
Name FlHrs: Flights!$L$6:$L$1005
Name DayStat: 'Day Status'!$C$6:$C$402
Name GrDate: 'Ground Programme'!$A$6:$A$505
Name GrAct: 'Ground Programme'!$C$6:$C$505

Sheet Dashboard
A1: MASTER PLANNER
A2: The master list of planned flights for every department. | Z2: LODESTAR master layout 2
A4: YEAR | G4: FILE
A5: 2026 | G5: Master Planner
A7: Month | B7: Planned sorties | C7: Flights | D7: Planned hrs
A8: January | B8: ='Jan'!E3 | C8: ='Jan'!I3 | D8: ='Jan'!L3 | F8: HOW IT WORKS
A9: February | B9: ='Feb'!E3 | C9: ='Feb'!I3 | D9: ='Feb'!L3 | F9: 1. Flights sheet: the master list, one flight per row (date, AM / PM / NIGHT, flight code, time, comment). Any number of flights per shift.
A10: March | B10: ='Mar'!E3 | C10: ='Mar'!I3 | D10: ='Mar'!L3 | F10: 2. Easiest is the Master Planning tab in the planner dashboard: + Add flight under a shift, x to remove one.
A11: April | B11: ='Apr'!E3 | C11: ='Apr'!I3 | D11: ='Apr'!L3 | F11: 3. Crew comes from the flight code (Flight Codes sheet, column E: P Pilot, L Loadmaster, T TACCO, S1 SUP 1, S2 SUP 2; blank = everyone).
A12: May | B12: ='May'!E3 | C12: ='May'!I3 | D12: ='May'!L3 | F12: Type a crew on a flight only when it differs from its code. Departments only get the flights that need them.
A13: June | B13: ='Jun'!E3 | C13: ='Jun'!I3 | D13: ='Jun'!L3 | F13: 4. No flying on a day: pick a reason on the Day Status sheet (or in the dashboard). The day turns grey and departments see NO FLY.
A14: July | B14: ='Jul'!E3 | C14: ='Jul'!I3 | D14: ='Jul'!L3 | F14: 5. Jan to Dec tabs (and Jan (next year), for planning January while still in December): a calendar view of the lists, with each day's sorties. View only.
A15: August | B15: ='Aug'!E3 | C15: ='Aug'!I3 | D15: ='Aug'!L3 | F15: 6. Departments take their flights from here: in the planner dashboard, open your department file with the Master Planner and click 'Copy flights from the Master Planner'.
A16: September | B16: ='Sep'!E3 | C16: ='Sep'!I3 | D16: ='Sep'!L3
A17: October | B17: ='Oct'!E3 | C17: ='Oct'!I3 | D17: ='Oct'!L3
A18: November | B18: ='Nov'!E3 | C18: ='Nov'!I3 | D18: ='Nov'!L3
A19: December | B19: ='Dec'!E3 | C19: ='Dec'!I3 | D19: ='Dec'!L3
A20: Total | B20: =SUM(B8:B19) | C20: =SUM(C8:C19) | D20: =SUM(D8:D19)
A21: Jan (next year) | B21: ='Jan (next year)'!E3 | C21: ='Jan (next year)'!I3 | D21: ='Jan (next year)'!L3

Sheet Flights
A1: FLIGHTS
A2: The master list: one flight per row, any number per shift. Add flights in the empty rows (or with + Add flight in the planner dashboard). Crew blank = the code's crew.
A3: Sort or filter as you like. To remove a flight, clear its row. Grey columns fill in by themselves.
A5: Date | B5: Shift | C5: Flight code | D5: Time | E5: Crew (only if different) | F5: Comment | G5: Sorties | H5: Crew used | I5: Key | J5: Order | K5: Counts | L5: Hrs
A6: 46296 | B6: AM | C6: 2xFLT-2.0 | D6: 0830-1030 | F6: Formation lead VIPER | G6: =IF(C6="","",IFERROR(VLOOKUP(C6,CodeTable,3,0),1)) | H6: =IF(C6="","",IF(E6<>"",E6,IF(IFERROR(VLOOKUP(C6,CodeTable,5,0)&"","")="","All",VLOOKUP(C6,CodeTable,5,0)&""))) | I6: =IF(OR(A6="",C6=""),"",A6&"|"&B6&"|"&(COUNTIFS(FlDate,A6,FlShift,B6,FlCode,"<>",FlOrder,"<"&J6)+COUNTIFS(A$6:A6,A6,B$6:B6,B6,C$6:C6,"<>",J$6:J6,J6))) | J6: =IF(C6="","",IF(D6="","zz","t"&D6)) | K6: =IF(OR(A6="",C6=""),"",IF(IFERROR(INDEX(DayStat,A6-DATE(PlanYear,1,1)+1)&"","")<>"",0,1)) | L6: =IF(K6="","",K6*IFERROR(VLOOKUP(C6,CodeTable,4,0),0))
A7: 46296 | B7: AM | C7: FLT-1.5 | D7: 0900-1030 | G7: =IF(C7="","",IFERROR(VLOOKUP(C7,CodeTable,3,0),1)) | H7: =IF(C7="","",IF(E7<>"",E7,IF(IFERROR(VLOOKUP(C7,CodeTable,5,0)&"","")="","All",VLOOKUP(C7,CodeTable,5,0)&""))) | I7: =IF(OR(A7="",C7=""),"",A7&"|"&B7&"|"&(COUNTIFS(FlDate,A7,FlShift,B7,FlCode,"<>",FlOrder,"<"&J7)+COUNTIFS(A$6:A7,A7,B$6:B7,B7,C$6:C7,"<>",J$6:J7,J7))) | J7: =IF(C7="","",IF(D7="","zz","t"&D7)) | K7: =IF(OR(A7="",C7=""),"",IF(IFERROR(INDEX(DayStat,A7-DATE(PlanYear,1,1)+1)&"","")<>"",0,1)) | L7: =IF(K7="","",K7*IFERROR(VLOOKUP(C7,CodeTable,4,0),0))
A8: 46296 | B8: PM | C8: FLT-2.0 | D8: 1400-1600 | G8: =IF(C8="","",IFERROR(VLOOKUP(C8,CodeTable,3,0),1)) | H8: =IF(C8="","",IF(E8<>"",E8,IF(IFERROR(VLOOKUP(C8,CodeTable,5,0)&"","")="","All",VLOOKUP(C8,CodeTable,5,0)&""))) | I8: =IF(OR(A8="",C8=""),"",A8&"|"&B8&"|"&(COUNTIFS(FlDate,A8,FlShift,B8,FlCode,"<>",FlOrder,"<"&J8)+COUNTIFS(A$6:A8,A8,B$6:B8,B8,C$6:C8,"<>",J$6:J8,J8))) | J8: =IF(C8="","",IF(D8="","zz","t"&D8)) | K8: =IF(OR(A8="",C8=""),"",IF(IFERROR(INDEX(DayStat,A8-DATE(PlanYear,1,1)+1)&"","")<>"",0,1)) | L8: =IF(K8="","",K8*IFERROR(VLOOKUP(C8,CodeTable,4,0),0))
A9: 46296 | B9: PM | C9: FLT-1.5 | D9: 1530-1700 | G9: =IF(C9="","",IFERROR(VLOOKUP(C9,CodeTable,3,0),1)) | H9: =IF(C9="","",IF(E9<>"",E9,IF(IFERROR(VLOOKUP(C9,CodeTable,5,0)&"","")="","All",VLOOKUP(C9,CodeTable,5,0)&""))) | I9: =IF(OR(A9="",C9=""),"",A9&"|"&B9&"|"&(COUNTIFS(FlDate,A9,FlShift,B9,FlCode,"<>",FlOrder,"<"&J9)+COUNTIFS(A$6:A9,A9,B$6:B9,B9,C$6:C9,"<>",J$6:J9,J9))) | J9: =IF(C9="","",IF(D9="","zz","t"&D9)) | K9: =IF(OR(A9="",C9=""),"",IF(IFERROR(INDEX(DayStat,A9-DATE(PlanYear,1,1)+1)&"","")<>"",0,1)) | L9: =IF(K9="","",K9*IFERROR(VLOOKUP(C9,CodeTable,4,0),0))
A10: 46296 | B10: PM | C10: FLT-2.0 | D10: 1600-1800 | F10: Ferry back | G10: =IF(C10="","",IFERROR(VLOOKUP(C10,CodeTable,3,0),1)) | H10: =IF(C10="","",IF(E10<>"",E10,IF(IFERROR(VLOOKUP(C10,CodeTable,5,0)&"","")="","All",VLOOKUP(C10,CodeTable,5,0)&""))) | I10: =IF(OR(A10="",C10=""),"",A10&"|"&B10&"|"&(COUNTIFS(FlDate,A10,FlShift,B10,FlCode,"<>",FlOrder,"<"&J10)+COUNTIFS(A$6:A10,A10,B$6:B10,B10,C$6:C10,"<>",J$6:J10,J10))) | J10: =IF(C10="","",IF(D10="","zz","t"&D10)) | K10: =IF(OR(A10="",C10=""),"",IF(IFERROR(INDEX(DayStat,A10-DATE(PlanYear,1,1)+1)&"","")<>"",0,1)) | L10: =IF(K10="","",K10*IFERROR(VLOOKUP(C10,CodeTable,4,0),0))
A11: 46297 | B11: AM | C11: FLT-1.5 | D11: 0800-0930 | G11: =IF(C11="","",IFERROR(VLOOKUP(C11,CodeTable,3,0),1)) | H11: =IF(C11="","",IF(E11<>"",E11,IF(IFERROR(VLOOKUP(C11,CodeTable,5,0)&"","")="","All",VLOOKUP(C11,CodeTable,5,0)&""))) | I11: =IF(OR(A11="",C11=""),"",A11&"|"&B11&"|"&(COUNTIFS(FlDate,A11,FlShift,B11,FlCode,"<>",FlOrder,"<"&J11)+COUNTIFS(A$6:A11,A11,B$6:B11,B11,C$6:C11,"<>",J$6:J11,J11))) | J11: =IF(C11="","",IF(D11="","zz","t"&D11)) | K11: =IF(OR(A11="",C11=""),"",IF(IFERROR(INDEX(DayStat,A11-DATE(PlanYear,1,1)+1)&"","")<>"",0,1)) | L11: =IF(K11="","",K11*IFERROR(VLOOKUP(C11,CodeTable,4,0),0))
A12: 46297 | B12: AM | C12: FLT-2.0 | D12: 1000-1200 | G12: =IF(C12="","",IFERROR(VLOOKUP(C12,CodeTable,3,0),1)) | H12: =IF(C12="","",IF(E12<>"",E12,IF(IFERROR(VLOOKUP(C12,CodeTable,5,0)&"","")="","All",VLOOKUP(C12,CodeTable,5,0)&""))) | I12: =IF(OR(A12="",C12=""),"",A12&"|"&B12&"|"&(COUNTIFS(FlDate,A12,FlShift,B12,FlCode,"<>",FlOrder,"<"&J12)+COUNTIFS(A$6:A12,A12,B$6:B12,B12,C$6:C12,"<>",J$6:J12,J12))) | J12: =IF(C12="","",IF(D12="","zz","t"&D12)) | K12: =IF(OR(A12="",C12=""),"",IF(IFERROR(INDEX(DayStat,A12-DATE(PlanYear,1,1)+1)&"","")<>"",0,1)) | L12: =IF(K12="","",K12*IFERROR(VLOOKUP(C12,CodeTable,4,0),0))
A13: 46297 | B13: PM | C13: FLT-2.0 | D13: 1330 | G13: =IF(C13="","",IFERROR(VLOOKUP(C13,CodeTable,3,0),1)) | H13: =IF(C13="","",IF(E13<>"",E13,IF(IFERROR(VLOOKUP(C13,CodeTable,5,0)&"","")="","All",VLOOKUP(C13,CodeTable,5,0)&""))) | I13: =IF(OR(A13="",C13=""),"",A13&"|"&B13&"|"&(COUNTIFS(FlDate,A13,FlShift,B13,FlCode,"<>",FlOrder,"<"&J13)+COUNTIFS(A$6:A13,A13,B$6:B13,B13,C$6:C13,"<>",J$6:J13,J13))) | J13: =IF(C13="","",IF(D13="","zz","t"&D13)) | K13: =IF(OR(A13="",C13=""),"",IF(IFERROR(INDEX(DayStat,A13-DATE(PlanYear,1,1)+1)&"","")<>"",0,1)) | L13: =IF(K13="","",K13*IFERROR(VLOOKUP(C13,CodeTable,4,0),0))
A14: 46297 | B14: NIGHT | C14: NVG-2.0 | D14: 2000-2200 | G14: =IF(C14="","",IFERROR(VLOOKUP(C14,CodeTable,3,0),1)) | H14: =IF(C14="","",IF(E14<>"",E14,IF(IFERROR(VLOOKUP(C14,CodeTable,5,0)&"","")="","All",VLOOKUP(C14,CodeTable,5,0)&""))) | I14: =IF(OR(A14="",C14=""),"",A14&"|"&B14&"|"&(COUNTIFS(FlDate,A14,FlShift,B14,FlCode,"<>",FlOrder,"<"&J14)+COUNTIFS(A$6:A14,A14,B$6:B14,B14,C$6:C14,"<>",J$6:J14,J14))) | J14: =IF(C14="","",IF(D14="","zz","t"&D14)) | K14: =IF(OR(A14="",C14=""),"",IF(IFERROR(INDEX(DayStat,A14-DATE(PlanYear,1,1)+1)&"","")<>"",0,1)) | L14: =IF(K14="","",K14*IFERROR(VLOOKUP(C14,CodeTable,4,0),0))
A15: 46300 | B15: AM | C15: FLT-2.0 | D15: 0830 | G15: =IF(C15="","",IFERROR(VLOOKUP(C15,CodeTable,3,0),1)) | H15: =IF(C15="","",IF(E15<>"",E15,IF(IFERROR(VLOOKUP(C15,CodeTable,5,0)&"","")="","All",VLOOKUP(C15,CodeTable,5,0)&""))) | I15: =IF(OR(A15="",C15=""),"",A15&"|"&B15&"|"&(COUNTIFS(FlDate,A15,FlShift,B15,FlCode,"<>",FlOrder,"<"&J15)+COUNTIFS(A$6:A15,A15,B$6:B15,B15,C$6:C15,"<>",J$6:J15,J15))) | J15: =IF(C15="","",IF(D15="","zz","t"&D15)) | K15: =IF(OR(A15="",C15=""),"",IF(IFERROR(INDEX(DayStat,A15-DATE(PlanYear,1,1)+1)&"","")<>"",0,1)) | L15: =IF(K15="","",K15*IFERROR(VLOOKUP(C15,CodeTable,4,0),0))
A16: 46300 | B16: AM | C16: FLT-1.5 | D16: TBC | F16: Wx dependent | G16: =IF(C16="","",IFERROR(VLOOKUP(C16,CodeTable,3,0),1)) | H16: =IF(C16="","",IF(E16<>"",E16,IF(IFERROR(VLOOKUP(C16,CodeTable,5,0)&"","")="","All",VLOOKUP(C16,CodeTable,5,0)&""))) | I16: =IF(OR(A16="",C16=""),"",A16&"|"&B16&"|"&(COUNTIFS(FlDate,A16,FlShift,B16,FlCode,"<>",FlOrder,"<"&J16)+COUNTIFS(A$6:A16,A16,B$6:B16,B16,C$6:C16,"<>",J$6:J16,J16))) | J16: =IF(C16="","",IF(D16="","zz","t"&D16)) | K16: =IF(OR(A16="",C16=""),"",IF(IFERROR(INDEX(DayStat,A16-DATE(PlanYear,1,1)+1)&"","")<>"",0,1)) | L16: =IF(K16="","",K16*IFERROR(VLOOKUP(C16,CodeTable,4,0),0))
A17: 46300 | B17: NIGHT | C17: NVG-2.0 | D17: 1930-2130 | G17: =IF(C17="","",IFERROR(VLOOKUP(C17,CodeTable,3,0),1)) | H17: =IF(C17="","",IF(E17<>"",E17,IF(IFERROR(VLOOKUP(C17,CodeTable,5,0)&"","")="","All",VLOOKUP(C17,CodeTable,5,0)&""))) | I17: =IF(OR(A17="",C17=""),"",A17&"|"&B17&"|"&(COUNTIFS(FlDate,A17,FlShift,B17,FlCode,"<>",FlOrder,"<"&J17)+COUNTIFS(A$6:A17,A17,B$6:B17,B17,C$6:C17,"<>",J$6:J17,J17))) | J17: =IF(C17="","",IF(D17="","zz","t"&D17)) | K17: =IF(OR(A17="",C17=""),"",IF(IFERROR(INDEX(DayStat,A17-DATE(PlanYear,1,1)+1)&"","")<>"",0,1)) | L17: =IF(K17="","",K17*IFERROR(VLOOKUP(C17,CodeTable,4,0),0))
A18: 46301 | B18: PM | C18: FLT-3.0 | D18: 1300-1600 | E18: P L | G18: =IF(C18="","",IFERROR(VLOOKUP(C18,CodeTable,3,0),1)) | H18: =IF(C18="","",IF(E18<>"",E18,IF(IFERROR(VLOOKUP(C18,CodeTable,5,0)&"","")="","All",VLOOKUP(C18,CodeTable,5,0)&""))) | I18: =IF(OR(A18="",C18=""),"",A18&"|"&B18&"|"&(COUNTIFS(FlDate,A18,FlShift,B18,FlCode,"<>",FlOrder,"<"&J18)+COUNTIFS(A$6:A18,A18,B$6:B18,B18,C$6:C18,"<>",J$6:J18,J18))) | J18: =IF(C18="","",IF(D18="","zz","t"&D18)) | K18: =IF(OR(A18="",C18=""),"",IF(IFERROR(INDEX(DayStat,A18-DATE(PlanYear,1,1)+1)&"","")<>"",0,1)) | L18: =IF(K18="","",K18*IFERROR(VLOOKUP(C18,CodeTable,4,0),0))
A19: 46302 | B19: AM | C19: FLT-2.0 | D19: 0830-1030 | F19: Need 2nd crew | G19: =IF(C19="","",IFERROR(VLOOKUP(C19,CodeTable,3,0),1)) | H19: =IF(C19="","",IF(E19<>"",E19,IF(IFERROR(VLOOKUP(C19,CodeTable,5,0)&"","")="","All",VLOOKUP(C19,CodeTable,5,0)&""))) | I19: =IF(OR(A19="",C19=""),"",A19&"|"&B19&"|"&(COUNTIFS(FlDate,A19,FlShift,B19,FlCode,"<>",FlOrder,"<"&J19)+COUNTIFS(A$6:A19,A19,B$6:B19,B19,C$6:C19,"<>",J$6:J19,J19))) | J19: =IF(C19="","",IF(D19="","zz","t"&D19)) | K19: =IF(OR(A19="",C19=""),"",IF(IFERROR(INDEX(DayStat,A19-DATE(PlanYear,1,1)+1)&"","")<>"",0,1)) | L19: =IF(K19="","",K19*IFERROR(VLOOKUP(C19,CodeTable,4,0),0))
A20: 46302 | B20: AM | C20: FLT-1.5 | D20: 1100 | G20: =IF(C20="","",IFERROR(VLOOKUP(C20,CodeTable,3,0),1)) | H20: =IF(C20="","",IF(E20<>"",E20,IF(IFERROR(VLOOKUP(C20,CodeTable,5,0)&"","")="","All",VLOOKUP(C20,CodeTable,5,0)&""))) | I20: =IF(OR(A20="",C20=""),"",A20&"|"&B20&"|"&(COUNTIFS(FlDate,A20,FlShift,B20,FlCode,"<>",FlOrder,"<"&J20)+COUNTIFS(A$6:A20,A20,B$6:B20,B20,C$6:C20,"<>",J$6:J20,J20))) | J20: =IF(C20="","",IF(D20="","zz","t"&D20)) | K20: =IF(OR(A20="",C20=""),"",IF(IFERROR(INDEX(DayStat,A20-DATE(PlanYear,1,1)+1)&"","")<>"",0,1)) | L20: =IF(K20="","",K20*IFERROR(VLOOKUP(C20,CodeTable,4,0),0))
A21: 46303 | B21: AM | C21: FLT-2.0 | D21: 0900-1100 | E21: P T | F21: Exercise | G21: =IF(C21="","",IFERROR(VLOOKUP(C21,CodeTable,3,0),1)) | H21: =IF(C21="","",IF(E21<>"",E21,IF(IFERROR(VLOOKUP(C21,CodeTable,5,0)&"","")="","All",VLOOKUP(C21,CodeTable,5,0)&""))) | I21: =IF(OR(A21="",C21=""),"",A21&"|"&B21&"|"&(COUNTIFS(FlDate,A21,FlShift,B21,FlCode,"<>",FlOrder,"<"&J21)+COUNTIFS(A$6:A21,A21,B$6:B21,B21,C$6:C21,"<>",J$6:J21,J21))) | J21: =IF(C21="","",IF(D21="","zz","t"&D21)) | K21: =IF(OR(A21="",C21=""),"",IF(IFERROR(INDEX(DayStat,A21-DATE(PlanYear,1,1)+1)&"","")<>"",0,1)) | L21: =IF(K21="","",K21*IFERROR(VLOOKUP(C21,CodeTable,4,0),0))
A22: 46307 | B22: AM | C22: FLT-2.0 | D22: 0830-1030 | G22: =IF(C22="","",IFERROR(VLOOKUP(C22,CodeTable,3,0),1)) | H22: =IF(C22="","",IF(E22<>"",E22,IF(IFERROR(VLOOKUP(C22,CodeTable,5,0)&"","")="","All",VLOOKUP(C22,CodeTable,5,0)&""))) | I22: =IF(OR(A22="",C22=""),"",A22&"|"&B22&"|"&(COUNTIFS(FlDate,A22,FlShift,B22,FlCode,"<>",FlOrder,"<"&J22)+COUNTIFS(A$6:A22,A22,B$6:B22,B22,C$6:C22,"<>",J$6:J22,J22))) | J22: =IF(C22="","",IF(D22="","zz","t"&D22)) | K22: =IF(OR(A22="",C22=""),"",IF(IFERROR(INDEX(DayStat,A22-DATE(PlanYear,1,1)+1)&"","")<>"",0,1)) | L22: =IF(K22="","",K22*IFERROR(VLOOKUP(C22,CodeTable,4,0),0))
A23: 46307 | B23: PM | C23: FLT-1.5 | D23: 1400-1530 | G23: =IF(C23="","",IFERROR(VLOOKUP(C23,CodeTable,3,0),1)) | H23: =IF(C23="","",IF(E23<>"",E23,IF(IFERROR(VLOOKUP(C23,CodeTable,5,0)&"","")="","All",VLOOKUP(C23,CodeTable,5,0)&""))) | I23: =IF(OR(A23="",C23=""),"",A23&"|"&B23&"|"&(COUNTIFS(FlDate,A23,FlShift,B23,FlCode,"<>",FlOrder,"<"&J23)+COUNTIFS(A$6:A23,A23,B$6:B23,B23,C$6:C23,"<>",J$6:J23,J23))) | J23: =IF(C23="","",IF(D23="","zz","t"&D23)) | K23: =IF(OR(A23="",C23=""),"",IF(IFERROR(INDEX(DayStat,A23-DATE(PlanYear,1,1)+1)&"","")<>"",0,1)) | L23: =IF(K23="","",K23*IFERROR(VLOOKUP(C23,CodeTable,4,0),0))
A24: 46308 | B24: NIGHT | C24: NVG-2.0 | D24: 2000-2200 | E24: P S2 | G24: =IF(C24="","",IFERROR(VLOOKUP(C24,CodeTable,3,0),1)) | H24: =IF(C24="","",IF(E24<>"",E24,IF(IFERROR(VLOOKUP(C24,CodeTable,5,0)&"","")="","All",VLOOKUP(C24,CodeTable,5,0)&""))) | I24: =IF(OR(A24="",C24=""),"",A24&"|"&B24&"|"&(COUNTIFS(FlDate,A24,FlShift,B24,FlCode,"<>",FlOrder,"<"&J24)+COUNTIFS(A$6:A24,A24,B$6:B24,B24,C$6:C24,"<>",J$6:J24,J24))) | J24: =IF(C24="","",IF(D24="","zz","t"&D24)) | K24: =IF(OR(A24="",C24=""),"",IF(IFERROR(INDEX(DayStat,A24-DATE(PlanYear,1,1)+1)&"","")<>"",0,1)) | L24: =IF(K24="","",K24*IFERROR(VLOOKUP(C24,CodeTable,4,0),0))
A25: 46309 | B25: AM | C25: 2xFLT-1.5 | D25: 0800-1100 | F25: Check rides | G25: =IF(C25="","",IFERROR(VLOOKUP(C25,CodeTable,3,0),1)) | H25: =IF(C25="","",IF(E25<>"",E25,IF(IFERROR(VLOOKUP(C25,CodeTable,5,0)&"","")="","All",VLOOKUP(C25,CodeTable,5,0)&""))) | I25: =IF(OR(A25="",C25=""),"",A25&"|"&B25&"|"&(COUNTIFS(FlDate,A25,FlShift,B25,FlCode,"<>",FlOrder,"<"&J25)+COUNTIFS(A$6:A25,A25,B$6:B25,B25,C$6:C25,"<>",J$6:J25,J25))) | J25: =IF(C25="","",IF(D25="","zz","t"&D25)) | K25: =IF(OR(A25="",C25=""),"",IF(IFERROR(INDEX(DayStat,A25-DATE(PlanYear,1,1)+1)&"","")<>"",0,1)) | L25: =IF(K25="","",K25*IFERROR(VLOOKUP(C25,CodeTable,4,0),0))
A26: 46310 | B26: PM | C26: MSN-3.0 | D26: 1300-1600 | F26: Long range | G26: =IF(C26="","",IFERROR(VLOOKUP(C26,CodeTable,3,0),1)) | H26: =IF(C26="","",IF(E26<>"",E26,IF(IFERROR(VLOOKUP(C26,CodeTable,5,0)&"","")="","All",VLOOKUP(C26,CodeTable,5,0)&""))) | I26: =IF(OR(A26="",C26=""),"",A26&"|"&B26&"|"&(COUNTIFS(FlDate,A26,FlShift,B26,FlCode,"<>",FlOrder,"<"&J26)+COUNTIFS(A$6:A26,A26,B$6:B26,B26,C$6:C26,"<>",J$6:J26,J26))) | J26: =IF(C26="","",IF(D26="","zz","t"&D26)) | K26: =IF(OR(A26="",C26=""),"",IF(IFERROR(INDEX(DayStat,A26-DATE(PlanYear,1,1)+1)&"","")<>"",0,1)) | L26: =IF(K26="","",K26*IFERROR(VLOOKUP(C26,CodeTable,4,0),0))
A27: 46315 | B27: AM | C27: PLT-TRG | D27: 0900-1030 | G27: =IF(C27="","",IFERROR(VLOOKUP(C27,CodeTable,3,0),1)) | H27: =IF(C27="","",IF(E27<>"",E27,IF(IFERROR(VLOOKUP(C27,CodeTable,5,0)&"","")="","All",VLOOKUP(C27,CodeTable,5,0)&""))) | I27: =IF(OR(A27="",C27=""),"",A27&"|"&B27&"|"&(COUNTIFS(FlDate,A27,FlShift,B27,FlCode,"<>",FlOrder,"<"&J27)+COUNTIFS(A$6:A27,A27,B$6:B27,B27,C$6:C27,"<>",J$6:J27,J27))) | J27: =IF(C27="","",IF(D27="","zz","t"&D27)) | K27: =IF(OR(A27="",C27=""),"",IF(IFERROR(INDEX(DayStat,A27-DATE(PlanYear,1,1)+1)&"","")<>"",0,1)) | L27: =IF(K27="","",K27*IFERROR(VLOOKUP(C27,CodeTable,4,0),0))
A28: 46316 | B28: AM | C28: FLT-2.0 | D28: 0830-1030 | G28: =IF(C28="","",IFERROR(VLOOKUP(C28,CodeTable,3,0),1)) | H28: =IF(C28="","",IF(E28<>"",E28,IF(IFERROR(VLOOKUP(C28,CodeTable,5,0)&"","")="","All",VLOOKUP(C28,CodeTable,5,0)&""))) | I28: =IF(OR(A28="",C28=""),"",A28&"|"&B28&"|"&(COUNTIFS(FlDate,A28,FlShift,B28,FlCode,"<>",FlOrder,"<"&J28)+COUNTIFS(A$6:A28,A28,B$6:B28,B28,C$6:C28,"<>",J$6:J28,J28))) | J28: =IF(C28="","",IF(D28="","zz","t"&D28)) | K28: =IF(OR(A28="",C28=""),"",IF(IFERROR(INDEX(DayStat,A28-DATE(PlanYear,1,1)+1)&"","")<>"",0,1)) | L28: =IF(K28="","",K28*IFERROR(VLOOKUP(C28,CodeTable,4,0),0))
A29: 46316 | B29: AM | C29: FLT-1.5 | D29: 1000-1130 | G29: =IF(C29="","",IFERROR(VLOOKUP(C29,CodeTable,3,0),1)) | H29: =IF(C29="","",IF(E29<>"",E29,IF(IFERROR(VLOOKUP(C29,CodeTable,5,0)&"","")="","All",VLOOKUP(C29,CodeTable,5,0)&""))) | I29: =IF(OR(A29="",C29=""),"",A29&"|"&B29&"|"&(COUNTIFS(FlDate,A29,FlShift,B29,FlCode,"<>",FlOrder,"<"&J29)+COUNTIFS(A$6:A29,A29,B$6:B29,B29,C$6:C29,"<>",J$6:J29,J29))) | J29: =IF(C29="","",IF(D29="","zz","t"&D29)) | K29: =IF(OR(A29="",C29=""),"",IF(IFERROR(INDEX(DayStat,A29-DATE(PlanYear,1,1)+1)&"","")<>"",0,1)) | L29: =IF(K29="","",K29*IFERROR(VLOOKUP(C29,CodeTable,4,0),0))
A30: 46316 | B30: PM | C30: MSN-3.0 | D30: 1300-1600 | F30: Long range | G30: =IF(C30="","",IFERROR(VLOOKUP(C30,CodeTable,3,0),1)) | H30: =IF(C30="","",IF(E30<>"",E30,IF(IFERROR(VLOOKUP(C30,CodeTable,5,0)&"","")="","All",VLOOKUP(C30,CodeTable,5,0)&""))) | I30: =IF(OR(A30="",C30=""),"",A30&"|"&B30&"|"&(COUNTIFS(FlDate,A30,FlShift,B30,FlCode,"<>",FlOrder,"<"&J30)+COUNTIFS(A$6:A30,A30,B$6:B30,B30,C$6:C30,"<>",J$6:J30,J30))) | J30: =IF(C30="","",IF(D30="","zz","t"&D30)) | K30: =IF(OR(A30="",C30=""),"",IF(IFERROR(INDEX(DayStat,A30-DATE(PlanYear,1,1)+1)&"","")<>"",0,1)) | L30: =IF(K30="","",K30*IFERROR(VLOOKUP(C30,CodeTable,4,0),0))
A31: 46317 | B31: AM | C31: FLT-3.0 | D31: 0800-1100 | G31: =IF(C31="","",IFERROR(VLOOKUP(C31,CodeTable,3,0),1)) | H31: =IF(C31="","",IF(E31<>"",E31,IF(IFERROR(VLOOKUP(C31,CodeTable,5,0)&"","")="","All",VLOOKUP(C31,CodeTable,5,0)&""))) | I31: =IF(OR(A31="",C31=""),"",A31&"|"&B31&"|"&(COUNTIFS(FlDate,A31,FlShift,B31,FlCode,"<>",FlOrder,"<"&J31)+COUNTIFS(A$6:A31,A31,B$6:B31,B31,C$6:C31,"<>",J$6:J31,J31))) | J31: =IF(C31="","",IF(D31="","zz","t"&D31)) | K31: =IF(OR(A31="",C31=""),"",IF(IFERROR(INDEX(DayStat,A31-DATE(PlanYear,1,1)+1)&"","")<>"",0,1)) | L31: =IF(K31="","",K31*IFERROR(VLOOKUP(C31,CodeTable,4,0),0))
A32: 46317 | B32: NIGHT | C32: NVG-2.0 | D32: 2000-2200 | G32: =IF(C32="","",IFERROR(VLOOKUP(C32,CodeTable,3,0),1)) | H32: =IF(C32="","",IF(E32<>"",E32,IF(IFERROR(VLOOKUP(C32,CodeTable,5,0)&"","")="","All",VLOOKUP(C32,CodeTable,5,0)&""))) | I32: =IF(OR(A32="",C32=""),"",A32&"|"&B32&"|"&(COUNTIFS(FlDate,A32,FlShift,B32,FlCode,"<>",FlOrder,"<"&J32)+COUNTIFS(A$6:A32,A32,B$6:B32,B32,C$6:C32,"<>",J$6:J32,J32))) | J32: =IF(C32="","",IF(D32="","zz","t"&D32)) | K32: =IF(OR(A32="",C32=""),"",IF(IFERROR(INDEX(DayStat,A32-DATE(PlanYear,1,1)+1)&"","")<>"",0,1)) | L32: =IF(K32="","",K32*IFERROR(VLOOKUP(C32,CodeTable,4,0),0))
A33: 46318 | B33: AM | C33: FLT-2.0 | D33: 0830-1030 | G33: =IF(C33="","",IFERROR(VLOOKUP(C33,CodeTable,3,0),1)) | H33: =IF(C33="","",IF(E33<>"",E33,IF(IFERROR(VLOOKUP(C33,CodeTable,5,0)&"","")="","All",VLOOKUP(C33,CodeTable,5,0)&""))) | I33: =IF(OR(A33="",C33=""),"",A33&"|"&B33&"|"&(COUNTIFS(FlDate,A33,FlShift,B33,FlCode,"<>",FlOrder,"<"&J33)+COUNTIFS(A$6:A33,A33,B$6:B33,B33,C$6:C33,"<>",J$6:J33,J33))) | J33: =IF(C33="","",IF(D33="","zz","t"&D33)) | K33: =IF(OR(A33="",C33=""),"",IF(IFERROR(INDEX(DayStat,A33-DATE(PlanYear,1,1)+1)&"","")<>"",0,1)) | L33: =IF(K33="","",K33*IFERROR(VLOOKUP(C33,CodeTable,4,0),0))
A34: 46318 | B34: AM | C34: FLT-1.5 | D34: 1000-1130 | G34: =IF(C34="","",IFERROR(VLOOKUP(C34,CodeTable,3,0),1)) | H34: =IF(C34="","",IF(E34<>"",E34,IF(IFERROR(VLOOKUP(C34,CodeTable,5,0)&"","")="","All",VLOOKUP(C34,CodeTable,5,0)&""))) | I34: =IF(OR(A34="",C34=""),"",A34&"|"&B34&"|"&(COUNTIFS(FlDate,A34,FlShift,B34,FlCode,"<>",FlOrder,"<"&J34)+COUNTIFS(A$6:A34,A34,B$6:B34,B34,C$6:C34,"<>",J$6:J34,J34))) | J34: =IF(C34="","",IF(D34="","zz","t"&D34)) | K34: =IF(OR(A34="",C34=""),"",IF(IFERROR(INDEX(DayStat,A34-DATE(PlanYear,1,1)+1)&"","")<>"",0,1)) | L34: =IF(K34="","",K34*IFERROR(VLOOKUP(C34,CodeTable,4,0),0))
A35: 46318 | B35: PM | C35: FLT-1.5 | D35: 1430-1600 | G35: =IF(C35="","",IFERROR(VLOOKUP(C35,CodeTable,3,0),1)) | H35: =IF(C35="","",IF(E35<>"",E35,IF(IFERROR(VLOOKUP(C35,CodeTable,5,0)&"","")="","All",VLOOKUP(C35,CodeTable,5,0)&""))) | I35: =IF(OR(A35="",C35=""),"",A35&"|"&B35&"|"&(COUNTIFS(FlDate,A35,FlShift,B35,FlCode,"<>",FlOrder,"<"&J35)+COUNTIFS(A$6:A35,A35,B$6:B35,B35,C$6:C35,"<>",J$6:J35,J35))) | J35: =IF(C35="","",IF(D35="","zz","t"&D35)) | K35: =IF(OR(A35="",C35=""),"",IF(IFERROR(INDEX(DayStat,A35-DATE(PlanYear,1,1)+1)&"","")<>"",0,1)) | L35: =IF(K35="","",K35*IFERROR(VLOOKUP(C35,CodeTable,4,0),0))
A36: 46321 | B36: AM | C36: FLT-2.0 | D36: 0830-1030 | G36: =IF(C36="","",IFERROR(VLOOKUP(C36,CodeTable,3,0),1)) | H36: =IF(C36="","",IF(E36<>"",E36,IF(IFERROR(VLOOKUP(C36,CodeTable,5,0)&"","")="","All",VLOOKUP(C36,CodeTable,5,0)&""))) | I36: =IF(OR(A36="",C36=""),"",A36&"|"&B36&"|"&(COUNTIFS(FlDate,A36,FlShift,B36,FlCode,"<>",FlOrder,"<"&J36)+COUNTIFS(A$6:A36,A36,B$6:B36,B36,C$6:C36,"<>",J$6:J36,J36))) | J36: =IF(C36="","",IF(D36="","zz","t"&D36)) | K36: =IF(OR(A36="",C36=""),"",IF(IFERROR(INDEX(DayStat,A36-DATE(PlanYear,1,1)+1)&"","")<>"",0,1)) | L36: =IF(K36="","",K36*IFERROR(VLOOKUP(C36,CodeTable,4,0),0))
A37: 46321 | B37: AM | C37: FLT-1.5 | D37: 1000-1130 | G37: =IF(C37="","",IFERROR(VLOOKUP(C37,CodeTable,3,0),1)) | H37: =IF(C37="","",IF(E37<>"",E37,IF(IFERROR(VLOOKUP(C37,CodeTable,5,0)&"","")="","All",VLOOKUP(C37,CodeTable,5,0)&""))) | I37: =IF(OR(A37="",C37=""),"",A37&"|"&B37&"|"&(COUNTIFS(FlDate,A37,FlShift,B37,FlCode,"<>",FlOrder,"<"&J37)+COUNTIFS(A$6:A37,A37,B$6:B37,B37,C$6:C37,"<>",J$6:J37,J37))) | J37: =IF(C37="","",IF(D37="","zz","t"&D37)) | K37: =IF(OR(A37="",C37=""),"",IF(IFERROR(INDEX(DayStat,A37-DATE(PlanYear,1,1)+1)&"","")<>"",0,1)) | L37: =IF(K37="","",K37*IFERROR(VLOOKUP(C37,CodeTable,4,0),0))
A38: 46321 | B38: PM | C38: MSN-3.0 | D38: 1300-1600 | F38: Long range | G38: =IF(C38="","",IFERROR(VLOOKUP(C38,CodeTable,3,0),1)) | H38: =IF(C38="","",IF(E38<>"",E38,IF(IFERROR(VLOOKUP(C38,CodeTable,5,0)&"","")="","All",VLOOKUP(C38,CodeTable,5,0)&""))) | I38: =IF(OR(A38="",C38=""),"",A38&"|"&B38&"|"&(COUNTIFS(FlDate,A38,FlShift,B38,FlCode,"<>",FlOrder,"<"&J38)+COUNTIFS(A$6:A38,A38,B$6:B38,B38,C$6:C38,"<>",J$6:J38,J38))) | J38: =IF(C38="","",IF(D38="","zz","t"&D38)) | K38: =IF(OR(A38="",C38=""),"",IF(IFERROR(INDEX(DayStat,A38-DATE(PlanYear,1,1)+1)&"","")<>"",0,1)) | L38: =IF(K38="","",K38*IFERROR(VLOOKUP(C38,CodeTable,4,0),0))
A39: 46322 | B39: AM | C39: FLT-2.0 | D39: 0830-1030 | G39: =IF(C39="","",IFERROR(VLOOKUP(C39,CodeTable,3,0),1)) | H39: =IF(C39="","",IF(E39<>"",E39,IF(IFERROR(VLOOKUP(C39,CodeTable,5,0)&"","")="","All",VLOOKUP(C39,CodeTable,5,0)&""))) | I39: =IF(OR(A39="",C39=""),"",A39&"|"&B39&"|"&(COUNTIFS(FlDate,A39,FlShift,B39,FlCode,"<>",FlOrder,"<"&J39)+COUNTIFS(A$6:A39,A39,B$6:B39,B39,C$6:C39,"<>",J$6:J39,J39))) | J39: =IF(C39="","",IF(D39="","zz","t"&D39)) | K39: =IF(OR(A39="",C39=""),"",IF(IFERROR(INDEX(DayStat,A39-DATE(PlanYear,1,1)+1)&"","")<>"",0,1)) | L39: =IF(K39="","",K39*IFERROR(VLOOKUP(C39,CodeTable,4,0),0))
A40: 46322 | B40: AM | C40: FLT-1.5 | D40: 1000-1130 | G40: =IF(C40="","",IFERROR(VLOOKUP(C40,CodeTable,3,0),1)) | H40: =IF(C40="","",IF(E40<>"",E40,IF(IFERROR(VLOOKUP(C40,CodeTable,5,0)&"","")="","All",VLOOKUP(C40,CodeTable,5,0)&""))) | I40: =IF(OR(A40="",C40=""),"",A40&"|"&B40&"|"&(COUNTIFS(FlDate,A40,FlShift,B40,FlCode,"<>",FlOrder,"<"&J40)+COUNTIFS(A$6:A40,A40,B$6:B40,B40,C$6:C40,"<>",J$6:J40,J40))) | J40: =IF(C40="","",IF(D40="","zz","t"&D40)) | K40: =IF(OR(A40="",C40=""),"",IF(IFERROR(INDEX(DayStat,A40-DATE(PlanYear,1,1)+1)&"","")<>"",0,1)) | L40: =IF(K40="","",K40*IFERROR(VLOOKUP(C40,CodeTable,4,0),0))
A41: 46322 | B41: NIGHT | C41: NVG-2.0 | D41: 2000-2200 | G41: =IF(C41="","",IFERROR(VLOOKUP(C41,CodeTable,3,0),1)) | H41: =IF(C41="","",IF(E41<>"",E41,IF(IFERROR(VLOOKUP(C41,CodeTable,5,0)&"","")="","All",VLOOKUP(C41,CodeTable,5,0)&""))) | I41: =IF(OR(A41="",C41=""),"",A41&"|"&B41&"|"&(COUNTIFS(FlDate,A41,FlShift,B41,FlCode,"<>",FlOrder,"<"&J41)+COUNTIFS(A$6:A41,A41,B$6:B41,B41,C$6:C41,"<>",J$6:J41,J41))) | J41: =IF(C41="","",IF(D41="","zz","t"&D41)) | K41: =IF(OR(A41="",C41=""),"",IF(IFERROR(INDEX(DayStat,A41-DATE(PlanYear,1,1)+1)&"","")<>"",0,1)) | L41: =IF(K41="","",K41*IFERROR(VLOOKUP(C41,CodeTable,4,0),0))
A42: 46323 | B42: AM | C42: PLT-TRG | D42: 0830-1030 | G42: =IF(C42="","",IFERROR(VLOOKUP(C42,CodeTable,3,0),1)) | H42: =IF(C42="","",IF(E42<>"",E42,IF(IFERROR(VLOOKUP(C42,CodeTable,5,0)&"","")="","All",VLOOKUP(C42,CodeTable,5,0)&""))) | I42: =IF(OR(A42="",C42=""),"",A42&"|"&B42&"|"&(COUNTIFS(FlDate,A42,FlShift,B42,FlCode,"<>",FlOrder,"<"&J42)+COUNTIFS(A$6:A42,A42,B$6:B42,B42,C$6:C42,"<>",J$6:J42,J42))) | J42: =IF(C42="","",IF(D42="","zz","t"&D42)) | K42: =IF(OR(A42="",C42=""),"",IF(IFERROR(INDEX(DayStat,A42-DATE(PlanYear,1,1)+1)&"","")<>"",0,1)) | L42: =IF(K42="","",K42*IFERROR(VLOOKUP(C42,CodeTable,4,0),0))
A43: 46323 | B43: PM | C43: FLT-2.0 | D43: 1400-1600 | G43: =IF(C43="","",IFERROR(VLOOKUP(C43,CodeTable,3,0),1)) | H43: =IF(C43="","",IF(E43<>"",E43,IF(IFERROR(VLOOKUP(C43,CodeTable,5,0)&"","")="","All",VLOOKUP(C43,CodeTable,5,0)&""))) | I43: =IF(OR(A43="",C43=""),"",A43&"|"&B43&"|"&(COUNTIFS(FlDate,A43,FlShift,B43,FlCode,"<>",FlOrder,"<"&J43)+COUNTIFS(A$6:A43,A43,B$6:B43,B43,C$6:C43,"<>",J$6:J43,J43))) | J43: =IF(C43="","",IF(D43="","zz","t"&D43)) | K43: =IF(OR(A43="",C43=""),"",IF(IFERROR(INDEX(DayStat,A43-DATE(PlanYear,1,1)+1)&"","")<>"",0,1)) | L43: =IF(K43="","",K43*IFERROR(VLOOKUP(C43,CodeTable,4,0),0))
A44: 46324 | B44: AM | C44: FLT-2.0 | D44: 0830-1030 | G44: =IF(C44="","",IFERROR(VLOOKUP(C44,CodeTable,3,0),1)) | H44: =IF(C44="","",IF(E44<>"",E44,IF(IFERROR(VLOOKUP(C44,CodeTable,5,0)&"","")="","All",VLOOKUP(C44,CodeTable,5,0)&""))) | I44: =IF(OR(A44="",C44=""),"",A44&"|"&B44&"|"&(COUNTIFS(FlDate,A44,FlShift,B44,FlCode,"<>",FlOrder,"<"&J44)+COUNTIFS(A$6:A44,A44,B$6:B44,B44,C$6:C44,"<>",J$6:J44,J44))) | J44: =IF(C44="","",IF(D44="","zz","t"&D44)) | K44: =IF(OR(A44="",C44=""),"",IF(IFERROR(INDEX(DayStat,A44-DATE(PlanYear,1,1)+1)&"","")<>"",0,1)) | L44: =IF(K44="","",K44*IFERROR(VLOOKUP(C44,CodeTable,4,0),0))
A45: 46324 | B45: AM | C45: FLT-1.5 | D45: 1000-1130 | G45: =IF(C45="","",IFERROR(VLOOKUP(C45,CodeTable,3,0),1)) | H45: =IF(C45="","",IF(E45<>"",E45,IF(IFERROR(VLOOKUP(C45,CodeTable,5,0)&"","")="","All",VLOOKUP(C45,CodeTable,5,0)&""))) | I45: =IF(OR(A45="",C45=""),"",A45&"|"&B45&"|"&(COUNTIFS(FlDate,A45,FlShift,B45,FlCode,"<>",FlOrder,"<"&J45)+COUNTIFS(A$6:A45,A45,B$6:B45,B45,C$6:C45,"<>",J$6:J45,J45))) | J45: =IF(C45="","",IF(D45="","zz","t"&D45)) | K45: =IF(OR(A45="",C45=""),"",IF(IFERROR(INDEX(DayStat,A45-DATE(PlanYear,1,1)+1)&"","")<>"",0,1)) | L45: =IF(K45="","",K45*IFERROR(VLOOKUP(C45,CodeTable,4,0),0))
A46: 46324 | B46: NIGHT | C46: NVG-2.0 | D46: 2000-2200 | G46: =IF(C46="","",IFERROR(VLOOKUP(C46,CodeTable,3,0),1)) | H46: =IF(C46="","",IF(E46<>"",E46,IF(IFERROR(VLOOKUP(C46,CodeTable,5,0)&"","")="","All",VLOOKUP(C46,CodeTable,5,0)&""))) | I46: =IF(OR(A46="",C46=""),"",A46&"|"&B46&"|"&(COUNTIFS(FlDate,A46,FlShift,B46,FlCode,"<>",FlOrder,"<"&J46)+COUNTIFS(A$6:A46,A46,B$6:B46,B46,C$6:C46,"<>",J$6:J46,J46))) | J46: =IF(C46="","",IF(D46="","zz","t"&D46)) | K46: =IF(OR(A46="",C46=""),"",IF(IFERROR(INDEX(DayStat,A46-DATE(PlanYear,1,1)+1)&"","")<>"",0,1)) | L46: =IF(K46="","",K46*IFERROR(VLOOKUP(C46,CodeTable,4,0),0))
A47: 46325 | B47: AM | C47: 2xFLT-2.0 | D47: 0830-1030 | G47: =IF(C47="","",IFERROR(VLOOKUP(C47,CodeTable,3,0),1)) | H47: =IF(C47="","",IF(E47<>"",E47,IF(IFERROR(VLOOKUP(C47,CodeTable,5,0)&"","")="","All",VLOOKUP(C47,CodeTable,5,0)&""))) | I47: =IF(OR(A47="",C47=""),"",A47&"|"&B47&"|"&(COUNTIFS(FlDate,A47,FlShift,B47,FlCode,"<>",FlOrder,"<"&J47)+COUNTIFS(A$6:A47,A47,B$6:B47,B47,C$6:C47,"<>",J$6:J47,J47))) | J47: =IF(C47="","",IF(D47="","zz","t"&D47)) | K47: =IF(OR(A47="",C47=""),"",IF(IFERROR(INDEX(DayStat,A47-DATE(PlanYear,1,1)+1)&"","")<>"",0,1)) | L47: =IF(K47="","",K47*IFERROR(VLOOKUP(C47,CodeTable,4,0),0))
A48: 46325 | B48: PM | C48: MSN-3.0 | D48: 1300-1600 | F48: Long range | G48: =IF(C48="","",IFERROR(VLOOKUP(C48,CodeTable,3,0),1)) | H48: =IF(C48="","",IF(E48<>"",E48,IF(IFERROR(VLOOKUP(C48,CodeTable,5,0)&"","")="","All",VLOOKUP(C48,CodeTable,5,0)&""))) | I48: =IF(OR(A48="",C48=""),"",A48&"|"&B48&"|"&(COUNTIFS(FlDate,A48,FlShift,B48,FlCode,"<>",FlOrder,"<"&J48)+COUNTIFS(A$6:A48,A48,B$6:B48,B48,C$6:C48,"<>",J$6:J48,J48))) | J48: =IF(C48="","",IF(D48="","zz","t"&D48)) | K48: =IF(OR(A48="",C48=""),"",IF(IFERROR(INDEX(DayStat,A48-DATE(PlanYear,1,1)+1)&"","")<>"",0,1)) | L48: =IF(K48="","",K48*IFERROR(VLOOKUP(C48,CodeTable,4,0),0))
A49: 46328 | B49: AM | C49: FLT-3.0 | D49: 0800-1100 | G49: =IF(C49="","",IFERROR(VLOOKUP(C49,CodeTable,3,0),1)) | H49: =IF(C49="","",IF(E49<>"",E49,IF(IFERROR(VLOOKUP(C49,CodeTable,5,0)&"","")="","All",VLOOKUP(C49,CodeTable,5,0)&""))) | I49: =IF(OR(A49="",C49=""),"",A49&"|"&B49&"|"&(COUNTIFS(FlDate,A49,FlShift,B49,FlCode,"<>",FlOrder,"<"&J49)+COUNTIFS(A$6:A49,A49,B$6:B49,B49,C$6:C49,"<>",J$6:J49,J49))) | J49: =IF(C49="","",IF(D49="","zz","t"&D49)) | K49: =IF(OR(A49="",C49=""),"",IF(IFERROR(INDEX(DayStat,A49-DATE(PlanYear,1,1)+1)&"","")<>"",0,1)) | L49: =IF(K49="","",K49*IFERROR(VLOOKUP(C49,CodeTable,4,0),0))
A50: 46328 | B50: PM | C50: FLT-1.5 | D50: 1430-1600 | G50: =IF(C50="","",IFERROR(VLOOKUP(C50,CodeTable,3,0),1)) | H50: =IF(C50="","",IF(E50<>"",E50,IF(IFERROR(VLOOKUP(C50,CodeTable,5,0)&"","")="","All",VLOOKUP(C50,CodeTable,5,0)&""))) | I50: =IF(OR(A50="",C50=""),"",A50&"|"&B50&"|"&(COUNTIFS(FlDate,A50,FlShift,B50,FlCode,"<>",FlOrder,"<"&J50)+COUNTIFS(A$6:A50,A50,B$6:B50,B50,C$6:C50,"<>",J$6:J50,J50))) | J50: =IF(C50="","",IF(D50="","zz","t"&D50)) | K50: =IF(OR(A50="",C50=""),"",IF(IFERROR(INDEX(DayStat,A50-DATE(PlanYear,1,1)+1)&"","")<>"",0,1)) | L50: =IF(K50="","",K50*IFERROR(VLOOKUP(C50,CodeTable,4,0),0))
A51: 46329 | B51: AM | C51: FLT-2.0 | D51: 0830-1030 | G51: =IF(C51="","",IFERROR(VLOOKUP(C51,CodeTable,3,0),1)) | H51: =IF(C51="","",IF(E51<>"",E51,IF(IFERROR(VLOOKUP(C51,CodeTable,5,0)&"","")="","All",VLOOKUP(C51,CodeTable,5,0)&""))) | I51: =IF(OR(A51="",C51=""),"",A51&"|"&B51&"|"&(COUNTIFS(FlDate,A51,FlShift,B51,FlCode,"<>",FlOrder,"<"&J51)+COUNTIFS(A$6:A51,A51,B$6:B51,B51,C$6:C51,"<>",J$6:J51,J51))) | J51: =IF(C51="","",IF(D51="","zz","t"&D51)) | K51: =IF(OR(A51="",C51=""),"",IF(IFERROR(INDEX(DayStat,A51-DATE(PlanYear,1,1)+1)&"","")<>"",0,1)) | L51: =IF(K51="","",K51*IFERROR(VLOOKUP(C51,CodeTable,4,0),0))
A52: 46329 | B52: AM | C52: FLT-1.5 | D52: 1000-1130 | G52: =IF(C52="","",IFERROR(VLOOKUP(C52,CodeTable,3,0),1)) | H52: =IF(C52="","",IF(E52<>"",E52,IF(IFERROR(VLOOKUP(C52,CodeTable,5,0)&"","")="","All",VLOOKUP(C52,CodeTable,5,0)&""))) | I52: =IF(OR(A52="",C52=""),"",A52&"|"&B52&"|"&(COUNTIFS(FlDate,A52,FlShift,B52,FlCode,"<>",FlOrder,"<"&J52)+COUNTIFS(A$6:A52,A52,B$6:B52,B52,C$6:C52,"<>",J$6:J52,J52))) | J52: =IF(C52="","",IF(D52="","zz","t"&D52)) | K52: =IF(OR(A52="",C52=""),"",IF(IFERROR(INDEX(DayStat,A52-DATE(PlanYear,1,1)+1)&"","")<>"",0,1)) | L52: =IF(K52="","",K52*IFERROR(VLOOKUP(C52,CodeTable,4,0),0))
A53: 46329 | B53: NIGHT | C53: NVG-2.0 | D53: 2000-2200 | G53: =IF(C53="","",IFERROR(VLOOKUP(C53,CodeTable,3,0),1)) | H53: =IF(C53="","",IF(E53<>"",E53,IF(IFERROR(VLOOKUP(C53,CodeTable,5,0)&"","")="","All",VLOOKUP(C53,CodeTable,5,0)&""))) | I53: =IF(OR(A53="",C53=""),"",A53&"|"&B53&"|"&(COUNTIFS(FlDate,A53,FlShift,B53,FlCode,"<>",FlOrder,"<"&J53)+COUNTIFS(A$6:A53,A53,B$6:B53,B53,C$6:C53,"<>",J$6:J53,J53))) | J53: =IF(C53="","",IF(D53="","zz","t"&D53)) | K53: =IF(OR(A53="",C53=""),"",IF(IFERROR(INDEX(DayStat,A53-DATE(PlanYear,1,1)+1)&"","")<>"",0,1)) | L53: =IF(K53="","",K53*IFERROR(VLOOKUP(C53,CodeTable,4,0),0))
A54: 46330 | B54: AM | C54: FLT-2.0 | D54: 0830-1030 | G54: =IF(C54="","",IFERROR(VLOOKUP(C54,CodeTable,3,0),1)) | H54: =IF(C54="","",IF(E54<>"",E54,IF(IFERROR(VLOOKUP(C54,CodeTable,5,0)&"","")="","All",VLOOKUP(C54,CodeTable,5,0)&""))) | I54: =IF(OR(A54="",C54=""),"",A54&"|"&B54&"|"&(COUNTIFS(FlDate,A54,FlShift,B54,FlCode,"<>",FlOrder,"<"&J54)+COUNTIFS(A$6:A54,A54,B$6:B54,B54,C$6:C54,"<>",J$6:J54,J54))) | J54: =IF(C54="","",IF(D54="","zz","t"&D54)) | K54: =IF(OR(A54="",C54=""),"",IF(IFERROR(INDEX(DayStat,A54-DATE(PlanYear,1,1)+1)&"","")<>"",0,1)) | L54: =IF(K54="","",K54*IFERROR(VLOOKUP(C54,CodeTable,4,0),0))
A55: 46330 | B55: AM | C55: FLT-1.5 | D55: 1000-1130 | G55: =IF(C55="","",IFERROR(VLOOKUP(C55,CodeTable,3,0),1)) | H55: =IF(C55="","",IF(E55<>"",E55,IF(IFERROR(VLOOKUP(C55,CodeTable,5,0)&"","")="","All",VLOOKUP(C55,CodeTable,5,0)&""))) | I55: =IF(OR(A55="",C55=""),"",A55&"|"&B55&"|"&(COUNTIFS(FlDate,A55,FlShift,B55,FlCode,"<>",FlOrder,"<"&J55)+COUNTIFS(A$6:A55,A55,B$6:B55,B55,C$6:C55,"<>",J$6:J55,J55))) | J55: =IF(C55="","",IF(D55="","zz","t"&D55)) | K55: =IF(OR(A55="",C55=""),"",IF(IFERROR(INDEX(DayStat,A55-DATE(PlanYear,1,1)+1)&"","")<>"",0,1)) | L55: =IF(K55="","",K55*IFERROR(VLOOKUP(C55,CodeTable,4,0),0))
A56: 46330 | B56: PM | C56: FLT-2.0 | D56: 1400-1600 | G56: =IF(C56="","",IFERROR(VLOOKUP(C56,CodeTable,3,0),1)) | H56: =IF(C56="","",IF(E56<>"",E56,IF(IFERROR(VLOOKUP(C56,CodeTable,5,0)&"","")="","All",VLOOKUP(C56,CodeTable,5,0)&""))) | I56: =IF(OR(A56="",C56=""),"",A56&"|"&B56&"|"&(COUNTIFS(FlDate,A56,FlShift,B56,FlCode,"<>",FlOrder,"<"&J56)+COUNTIFS(A$6:A56,A56,B$6:B56,B56,C$6:C56,"<>",J$6:J56,J56))) | J56: =IF(C56="","",IF(D56="","zz","t"&D56)) | K56: =IF(OR(A56="",C56=""),"",IF(IFERROR(INDEX(DayStat,A56-DATE(PlanYear,1,1)+1)&"","")<>"",0,1)) | L56: =IF(K56="","",K56*IFERROR(VLOOKUP(C56,CodeTable,4,0),0))
A57: 46331 | B57: AM | C57: PLT-TRG | D57: 0830-1030 | G57: =IF(C57="","",IFERROR(VLOOKUP(C57,CodeTable,3,0),1)) | H57: =IF(C57="","",IF(E57<>"",E57,IF(IFERROR(VLOOKUP(C57,CodeTable,5,0)&"","")="","All",VLOOKUP(C57,CodeTable,5,0)&""))) | I57: =IF(OR(A57="",C57=""),"",A57&"|"&B57&"|"&(COUNTIFS(FlDate,A57,FlShift,B57,FlCode,"<>",FlOrder,"<"&J57)+COUNTIFS(A$6:A57,A57,B$6:B57,B57,C$6:C57,"<>",J$6:J57,J57))) | J57: =IF(C57="","",IF(D57="","zz","t"&D57)) | K57: =IF(OR(A57="",C57=""),"",IF(IFERROR(INDEX(DayStat,A57-DATE(PlanYear,1,1)+1)&"","")<>"",0,1)) | L57: =IF(K57="","",K57*IFERROR(VLOOKUP(C57,CodeTable,4,0),0))
A58: 46331 | B58: PM | C58: FLT-1.5 | D58: 1430-1600 | G58: =IF(C58="","",IFERROR(VLOOKUP(C58,CodeTable,3,0),1)) | H58: =IF(C58="","",IF(E58<>"",E58,IF(IFERROR(VLOOKUP(C58,CodeTable,5,0)&"","")="","All",VLOOKUP(C58,CodeTable,5,0)&""))) | I58: =IF(OR(A58="",C58=""),"",A58&"|"&B58&"|"&(COUNTIFS(FlDate,A58,FlShift,B58,FlCode,"<>",FlOrder,"<"&J58)+COUNTIFS(A$6:A58,A58,B$6:B58,B58,C$6:C58,"<>",J$6:J58,J58))) | J58: =IF(C58="","",IF(D58="","zz","t"&D58)) | K58: =IF(OR(A58="",C58=""),"",IF(IFERROR(INDEX(DayStat,A58-DATE(PlanYear,1,1)+1)&"","")<>"",0,1)) | L58: =IF(K58="","",K58*IFERROR(VLOOKUP(C58,CodeTable,4,0),0))
A59: 46331 | B59: NIGHT | C59: NVG-2.0 | D59: 2000-2200 | G59: =IF(C59="","",IFERROR(VLOOKUP(C59,CodeTable,3,0),1)) | H59: =IF(C59="","",IF(E59<>"",E59,IF(IFERROR(VLOOKUP(C59,CodeTable,5,0)&"","")="","All",VLOOKUP(C59,CodeTable,5,0)&""))) | I59: =IF(OR(A59="",C59=""),"",A59&"|"&B59&"|"&(COUNTIFS(FlDate,A59,FlShift,B59,FlCode,"<>",FlOrder,"<"&J59)+COUNTIFS(A$6:A59,A59,B$6:B59,B59,C$6:C59,"<>",J$6:J59,J59))) | J59: =IF(C59="","",IF(D59="","zz","t"&D59)) | K59: =IF(OR(A59="",C59=""),"",IF(IFERROR(INDEX(DayStat,A59-DATE(PlanYear,1,1)+1)&"","")<>"",0,1)) | L59: =IF(K59="","",K59*IFERROR(VLOOKUP(C59,CodeTable,4,0),0))
A60: 46332 | B60: AM | C60: FLT-2.0 | D60: 0830-1030 | G60: =IF(C60="","",IFERROR(VLOOKUP(C60,CodeTable,3,0),1)) | H60: =IF(C60="","",IF(E60<>"",E60,IF(IFERROR(VLOOKUP(C60,CodeTable,5,0)&"","")="","All",VLOOKUP(C60,CodeTable,5,0)&""))) | I60: =IF(OR(A60="",C60=""),"",A60&"|"&B60&"|"&(COUNTIFS(FlDate,A60,FlShift,B60,FlCode,"<>",FlOrder,"<"&J60)+COUNTIFS(A$6:A60,A60,B$6:B60,B60,C$6:C60,"<>",J$6:J60,J60))) | J60: =IF(C60="","",IF(D60="","zz","t"&D60)) | K60: =IF(OR(A60="",C60=""),"",IF(IFERROR(INDEX(DayStat,A60-DATE(PlanYear,1,1)+1)&"","")<>"",0,1)) | L60: =IF(K60="","",K60*IFERROR(VLOOKUP(C60,CodeTable,4,0),0))
... A78: 46343 | B78: AM | C78: FLT-3.0 | D78: 0800-1100 | G78: =IF(C78="","",IFERROR(VLOOKUP(C78,CodeTable,3,0),1)) | H78: =IF(C78="","",IF(E78<>"",E78,IF(IFERROR(VLOOKUP(C78,CodeTable,5,0)&"","")="","All",VLOOKUP(C78,CodeTable,5,0)&""))) | I78: =IF(OR(A78="",C78=""),"",A78&"|"&B78&"|"&(COUNTIFS(FlDate,A78,FlShift,B78,FlCode,"<>",FlOrder,"<"&J78)+COUNTIFS(A$6:A78,A78,B$6:B78,B78,C$6:C78,"<>",J$6:J78,J78))) | J78: =IF(C78="","",IF(D78="","zz","t"&D78)) | K78: =IF(OR(A78="",C78=""),"",IF(IFERROR(INDEX(DayStat,A78-DATE(PlanYear,1,1)+1)&"","")<>"",0,1)) | L78: =IF(K78="","",K78*IFERROR(VLOOKUP(C78,CodeTable,4,0),0))
A79: 46343 | B79: PM | C79: MSN-3.0 | D79: 1300-1600 | F79: Long range | G79: =IF(C79="","",IFERROR(VLOOKUP(C79,CodeTable,3,0),1)) | H79: =IF(C79="","",IF(E79<>"",E79,IF(IFERROR(VLOOKUP(C79,CodeTable,5,0)&"","")="","All",VLOOKUP(C79,CodeTable,5,0)&""))) | I79: =IF(OR(A79="",C79=""),"",A79&"|"&B79&"|"&(COUNTIFS(FlDate,A79,FlShift,B79,FlCode,"<>",FlOrder,"<"&J79)+COUNTIFS(A$6:A79,A79,B$6:B79,B79,C$6:C79,"<>",J$6:J79,J79))) | J79: =IF(C79="","",IF(D79="","zz","t"&D79)) | K79: =IF(OR(A79="",C79=""),"",IF(IFERROR(INDEX(DayStat,A79-DATE(PlanYear,1,1)+1)&"","")<>"",0,1)) | L79: =IF(K79="","",K79*IFERROR(VLOOKUP(C79,CodeTable,4,0),0))
A80: 46343 | B80: NIGHT | C80: NVG-2.0 | D80: 2000-2200 | G80: =IF(C80="","",IFERROR(VLOOKUP(C80,CodeTable,3,0),1)) | H80: =IF(C80="","",IF(E80<>"",E80,IF(IFERROR(VLOOKUP(C80,CodeTable,5,0)&"","")="","All",VLOOKUP(C80,CodeTable,5,0)&""))) | I80: =IF(OR(A80="",C80=""),"",A80&"|"&B80&"|"&(COUNTIFS(FlDate,A80,FlShift,B80,FlCode,"<>",FlOrder,"<"&J80)+COUNTIFS(A$6:A80,A80,B$6:B80,B80,C$6:C80,"<>",J$6:J80,J80))) | J80: =IF(C80="","",IF(D80="","zz","t"&D80)) | K80: =IF(OR(A80="",C80=""),"",IF(IFERROR(INDEX(DayStat,A80-DATE(PlanYear,1,1)+1)&"","")<>"",0,1)) | L80: =IF(K80="","",K80*IFERROR(VLOOKUP(C80,CodeTable,4,0),0))
A81: 46344 | B81: AM | C81: FLT-2.0 | D81: 0830-1030 | G81: =IF(C81="","",IFERROR(VLOOKUP(C81,CodeTable,3,0),1)) | H81: =IF(C81="","",IF(E81<>"",E81,IF(IFERROR(VLOOKUP(C81,CodeTable,5,0)&"","")="","All",VLOOKUP(C81,CodeTable,5,0)&""))) | I81: =IF(OR(A81="",C81=""),"",A81&"|"&B81&"|"&(COUNTIFS(FlDate,A81,FlShift,B81,FlCode,"<>",FlOrder,"<"&J81)+COUNTIFS(A$6:A81,A81,B$6:B81,B81,C$6:C81,"<>",J$6:J81,J81))) | J81: =IF(C81="","",IF(D81="","zz","t"&D81)) | K81: =IF(OR(A81="",C81=""),"",IF(IFERROR(INDEX(DayStat,A81-DATE(PlanYear,1,1)+1)&"","")<>"",0,1)) | L81: =IF(K81="","",K81*IFERROR(VLOOKUP(C81,CodeTable,4,0),0))
A82: 46344 | B82: AM | C82: FLT-1.5 | D82: 1000-1130 | G82: =IF(C82="","",IFERROR(VLOOKUP(C82,CodeTable,3,0),1)) | H82: =IF(C82="","",IF(E82<>"",E82,IF(IFERROR(VLOOKUP(C82,CodeTable,5,0)&"","")="","All",VLOOKUP(C82,CodeTable,5,0)&""))) | I82: =IF(OR(A82="",C82=""),"",A82&"|"&B82&"|"&(COUNTIFS(FlDate,A82,FlShift,B82,FlCode,"<>",FlOrder,"<"&J82)+COUNTIFS(A$6:A82,A82,B$6:B82,B82,C$6:C82,"<>",J$6:J82,J82))) | J82: =IF(C82="","",IF(D82="","zz","t"&D82)) | K82: =IF(OR(A82="",C82=""),"",IF(IFERROR(INDEX(DayStat,A82-DATE(PlanYear,1,1)+1)&"","")<>"",0,1)) | L82: =IF(K82="","",K82*IFERROR(VLOOKUP(C82,CodeTable,4,0),0))
A83: 46344 | B83: PM | C83: FLT-2.0 | D83: 1400-1600 | G83: =IF(C83="","",IFERROR(VLOOKUP(C83,CodeTable,3,0),1)) | H83: =IF(C83="","",IF(E83<>"",E83,IF(IFERROR(VLOOKUP(C83,CodeTable,5,0)&"","")="","All",VLOOKUP(C83,CodeTable,5,0)&""))) | I83: =IF(OR(A83="",C83=""),"",A83&"|"&B83&"|"&(COUNTIFS(FlDate,A83,FlShift,B83,FlCode,"<>",FlOrder,"<"&J83)+COUNTIFS(A$6:A83,A83,B$6:B83,B83,C$6:C83,"<>",J$6:J83,J83))) | J83: =IF(C83="","",IF(D83="","zz","t"&D83)) | K83: =IF(OR(A83="",C83=""),"",IF(IFERROR(INDEX(DayStat,A83-DATE(PlanYear,1,1)+1)&"","")<>"",0,1)) | L83: =IF(K83="","",K83*IFERROR(VLOOKUP(C83,CodeTable,4,0),0))
A84: 46345 | B84: AM | C84: FLT-3.0 | D84: 0800-1100 | G84: =IF(C84="","",IFERROR(VLOOKUP(C84,CodeTable,3,0),1)) | H84: =IF(C84="","",IF(E84<>"",E84,IF(IFERROR(VLOOKUP(C84,CodeTable,5,0)&"","")="","All",VLOOKUP(C84,CodeTable,5,0)&""))) | I84: =IF(OR(A84="",C84=""),"",A84&"|"&B84&"|"&(COUNTIFS(FlDate,A84,FlShift,B84,FlCode,"<>",FlOrder,"<"&J84)+COUNTIFS(A$6:A84,A84,B$6:B84,B84,C$6:C84,"<>",J$6:J84,J84))) | J84: =IF(C84="","",IF(D84="","zz","t"&D84)) | K84: =IF(OR(A84="",C84=""),"",IF(IFERROR(INDEX(DayStat,A84-DATE(PlanYear,1,1)+1)&"","")<>"",0,1)) | L84: =IF(K84="","",K84*IFERROR(VLOOKUP(C84,CodeTable,4,0),0))
A85: 46345 | B85: PM | C85: FLT-2.0 | D85: 1400-1600 | G85: =IF(C85="","",IFERROR(VLOOKUP(C85,CodeTable,3,0),1)) | H85: =IF(C85="","",IF(E85<>"",E85,IF(IFERROR(VLOOKUP(C85,CodeTable,5,0)&"","")="","All",VLOOKUP(C85,CodeTable,5,0)&""))) | I85: =IF(OR(A85="",C85=""),"",A85&"|"&B85&"|"&(COUNTIFS(FlDate,A85,FlShift,B85,FlCode,"<>",FlOrder,"<"&J85)+COUNTIFS(A$6:A85,A85,B$6:B85,B85,C$6:C85,"<>",J$6:J85,J85))) | J85: =IF(C85="","",IF(D85="","zz","t"&D85)) | K85: =IF(OR(A85="",C85=""),"",IF(IFERROR(INDEX(DayStat,A85-DATE(PlanYear,1,1)+1)&"","")<>"",0,1)) | L85: =IF(K85="","",K85*IFERROR(VLOOKUP(C85,CodeTable,4,0),0))
A86: 46345 | B86: NIGHT | C86: NVG-2.0 | D86: 2000-2200 | G86: =IF(C86="","",IFERROR(VLOOKUP(C86,CodeTable,3,0),1)) | H86: =IF(C86="","",IF(E86<>"",E86,IF(IFERROR(VLOOKUP(C86,CodeTable,5,0)&"","")="","All",VLOOKUP(C86,CodeTable,5,0)&""))) | I86: =IF(OR(A86="",C86=""),"",A86&"|"&B86&"|"&(COUNTIFS(FlDate,A86,FlShift,B86,FlCode,"<>",FlOrder,"<"&J86)+COUNTIFS(A$6:A86,A86,B$6:B86,B86,C$6:C86,"<>",J$6:J86,J86))) | J86: =IF(C86="","",IF(D86="","zz","t"&D86)) | K86: =IF(OR(A86="",C86=""),"",IF(IFERROR(INDEX(DayStat,A86-DATE(PlanYear,1,1)+1)&"","")<>"",0,1)) | L86: =IF(K86="","",K86*IFERROR(VLOOKUP(C86,CodeTable,4,0),0))
A87: 46346 | B87: AM | C87: FLT-2.0 | D87: 0830-1030 | G87: =IF(C87="","",IFERROR(VLOOKUP(C87,CodeTable,3,0),1)) | H87: =IF(C87="","",IF(E87<>"",E87,IF(IFERROR(VLOOKUP(C87,CodeTable,5,0)&"","")="","All",VLOOKUP(C87,CodeTable,5,0)&""))) | I87: =IF(OR(A87="",C87=""),"",A87&"|"&B87&"|"&(COUNTIFS(FlDate,A87,FlShift,B87,FlCode,"<>",FlOrder,"<"&J87)+COUNTIFS(A$6:A87,A87,B$6:B87,B87,C$6:C87,"<>",J$6:J87,J87))) | J87: =IF(C87="","",IF(D87="","zz","t"&D87)) | K87: =IF(OR(A87="",C87=""),"",IF(IFERROR(INDEX(DayStat,A87-DATE(PlanYear,1,1)+1)&"","")<>"",0,1)) | L87: =IF(K87="","",K87*IFERROR(VLOOKUP(C87,CodeTable,4,0),0))
A88: 46346 | B88: PM | C88: FLT-1.5 | D88: 1430-1600 | G88: =IF(C88="","",IFERROR(VLOOKUP(C88,CodeTable,3,0),1)) | H88: =IF(C88="","",IF(E88<>"",E88,IF(IFERROR(VLOOKUP(C88,CodeTable,5,0)&"","")="","All",VLOOKUP(C88,CodeTable,5,0)&""))) | I88: =IF(OR(A88="",C88=""),"",A88&"|"&B88&"|"&(COUNTIFS(FlDate,A88,FlShift,B88,FlCode,"<>",FlOrder,"<"&J88)+COUNTIFS(A$6:A88,A88,B$6:B88,B88,C$6:C88,"<>",J$6:J88,J88))) | J88: =IF(C88="","",IF(D88="","zz","t"&D88)) | K88: =IF(OR(A88="",C88=""),"",IF(IFERROR(INDEX(DayStat,A88-DATE(PlanYear,1,1)+1)&"","")<>"",0,1)) | L88: =IF(K88="","",K88*IFERROR(VLOOKUP(C88,CodeTable,4,0),0))
A89: 46349 | B89: AM | C89: FLT-2.0 | D89: 0830-1030 | G89: =IF(C89="","",IFERROR(VLOOKUP(C89,CodeTable,3,0),1)) | H89: =IF(C89="","",IF(E89<>"",E89,IF(IFERROR(VLOOKUP(C89,CodeTable,5,0)&"","")="","All",VLOOKUP(C89,CodeTable,5,0)&""))) | I89: =IF(OR(A89="",C89=""),"",A89&"|"&B89&"|"&(COUNTIFS(FlDate,A89,FlShift,B89,FlCode,"<>",FlOrder,"<"&J89)+COUNTIFS(A$6:A89,A89,B$6:B89,B89,C$6:C89,"<>",J$6:J89,J89))) | J89: =IF(C89="","",IF(D89="","zz","t"&D89)) | K89: =IF(OR(A89="",C89=""),"",IF(IFERROR(INDEX(DayStat,A89-DATE(PlanYear,1,1)+1)&"","")<>"",0,1)) | L89: =IF(K89="","",K89*IFERROR(VLOOKUP(C89,CodeTable,4,0),0))
A90: 46349 | B90: AM | C90: FLT-1.5 | D90: 1000-1130 | G90: =IF(C90="","",IFERROR(VLOOKUP(C90,CodeTable,3,0),1)) | H90: =IF(C90="","",IF(E90<>"",E90,IF(IFERROR(VLOOKUP(C90,CodeTable,5,0)&"","")="","All",VLOOKUP(C90,CodeTable,5,0)&""))) | I90: =IF(OR(A90="",C90=""),"",A90&"|"&B90&"|"&(COUNTIFS(FlDate,A90,FlShift,B90,FlCode,"<>",FlOrder,"<"&J90)+COUNTIFS(A$6:A90,A90,B$6:B90,B90,C$6:C90,"<>",J$6:J90,J90))) | J90: =IF(C90="","",IF(D90="","zz","t"&D90)) | K90: =IF(OR(A90="",C90=""),"",IF(IFERROR(INDEX(DayStat,A90-DATE(PlanYear,1,1)+1)&"","")<>"",0,1)) | L90: =IF(K90="","",K90*IFERROR(VLOOKUP(C90,CodeTable,4,0),0))
A91: 46349 | B91: PM | C91: MSN-3.0 | D91: 1300-1600 | F91: Long range | G91: =IF(C91="","",IFERROR(VLOOKUP(C91,CodeTable,3,0),1)) | H91: =IF(C91="","",IF(E91<>"",E91,IF(IFERROR(VLOOKUP(C91,CodeTable,5,0)&"","")="","All",VLOOKUP(C91,CodeTable,5,0)&""))) | I91: =IF(OR(A91="",C91=""),"",A91&"|"&B91&"|"&(COUNTIFS(FlDate,A91,FlShift,B91,FlCode,"<>",FlOrder,"<"&J91)+COUNTIFS(A$6:A91,A91,B$6:B91,B91,C$6:C91,"<>",J$6:J91,J91))) | J91: =IF(C91="","",IF(D91="","zz","t"&D91)) | K91: =IF(OR(A91="",C91=""),"",IF(IFERROR(INDEX(DayStat,A91-DATE(PlanYear,1,1)+1)&"","")<>"",0,1)) | L91: =IF(K91="","",K91*IFERROR(VLOOKUP(C91,CodeTable,4,0),0))
A92: 46350 | B92: AM | C92: 2xFLT-2.0 | D92: 0830-1030 | G92: =IF(C92="","",IFERROR(VLOOKUP(C92,CodeTable,3,0),1)) | H92: =IF(C92="","",IF(E92<>"",E92,IF(IFERROR(VLOOKUP(C92,CodeTable,5,0)&"","")="","All",VLOOKUP(C92,CodeTable,5,0)&""))) | I92: =IF(OR(A92="",C92=""),"",A92&"|"&B92&"|"&(COUNTIFS(FlDate,A92,FlShift,B92,FlCode,"<>",FlOrder,"<"&J92)+COUNTIFS(A$6:A92,A92,B$6:B92,B92,C$6:C92,"<>",J$6:J92,J92))) | J92: =IF(C92="","",IF(D92="","zz","t"&D92)) | K92: =IF(OR(A92="",C92=""),"",IF(IFERROR(INDEX(DayStat,A92-DATE(PlanYear,1,1)+1)&"","")<>"",0,1)) | L92: =IF(K92="","",K92*IFERROR(VLOOKUP(C92,CodeTable,4,0),0))
A93: 46350 | B93: NIGHT | C93: NVG-2.0 | D93: 2000-2200 | G93: =IF(C93="","",IFERROR(VLOOKUP(C93,CodeTable,3,0),1)) | H93: =IF(C93="","",IF(E93<>"",E93,IF(IFERROR(VLOOKUP(C93,CodeTable,5,0)&"","")="","All",VLOOKUP(C93,CodeTable,5,0)&""))) | I93: =IF(OR(A93="",C93=""),"",A93&"|"&B93&"|"&(COUNTIFS(FlDate,A93,FlShift,B93,FlCode,"<>",FlOrder,"<"&J93)+COUNTIFS(A$6:A93,A93,B$6:B93,B93,C$6:C93,"<>",J$6:J93,J93))) | J93: =IF(C93="","",IF(D93="","zz","t"&D93)) | K93: =IF(OR(A93="",C93=""),"",IF(IFERROR(INDEX(DayStat,A93-DATE(PlanYear,1,1)+1)&"","")<>"",0,1)) | L93: =IF(K93="","",K93*IFERROR(VLOOKUP(C93,CodeTable,4,0),0))
A94: 46351 | B94: AM | C94: PLT-TRG | D94: 0830-1030 | G94: =IF(C94="","",IFERROR(VLOOKUP(C94,CodeTable,3,0),1)) | H94: =IF(C94="","",IF(E94<>"",E94,IF(IFERROR(VLOOKUP(C94,CodeTable,5,0)&"","")="","All",VLOOKUP(C94,CodeTable,5,0)&""))) | I94: =IF(OR(A94="",C94=""),"",A94&"|"&B94&"|"&(COUNTIFS(FlDate,A94,FlShift,B94,FlCode,"<>",FlOrder,"<"&J94)+COUNTIFS(A$6:A94,A94,B$6:B94,B94,C$6:C94,"<>",J$6:J94,J94))) | J94: =IF(C94="","",IF(D94="","zz","t"&D94)) | K94: =IF(OR(A94="",C94=""),"",IF(IFERROR(INDEX(DayStat,A94-DATE(PlanYear,1,1)+1)&"","")<>"",0,1)) | L94: =IF(K94="","",K94*IFERROR(VLOOKUP(C94,CodeTable,4,0),0))
A95: 46351 | B95: PM | C95: FLT-1.5 | D95: 1430-1600 | G95: =IF(C95="","",IFERROR(VLOOKUP(C95,CodeTable,3,0),1)) | H95: =IF(C95="","",IF(E95<>"",E95,IF(IFERROR(VLOOKUP(C95,CodeTable,5,0)&"","")="","All",VLOOKUP(C95,CodeTable,5,0)&""))) | I95: =IF(OR(A95="",C95=""),"",A95&"|"&B95&"|"&(COUNTIFS(FlDate,A95,FlShift,B95,FlCode,"<>",FlOrder,"<"&J95)+COUNTIFS(A$6:A95,A95,B$6:B95,B95,C$6:C95,"<>",J$6:J95,J95))) | J95: =IF(C95="","",IF(D95="","zz","t"&D95)) | K95: =IF(OR(A95="",C95=""),"",IF(IFERROR(INDEX(DayStat,A95-DATE(PlanYear,1,1)+1)&"","")<>"",0,1)) | L95: =IF(K95="","",K95*IFERROR(VLOOKUP(C95,CodeTable,4,0),0))
A96: 46352 | B96: AM | C96: FLT-2.0 | D96: 0830-1030 | G96: =IF(C96="","",IFERROR(VLOOKUP(C96,CodeTable,3,0),1)) | H96: =IF(C96="","",IF(E96<>"",E96,IF(IFERROR(VLOOKUP(C96,CodeTable,5,0)&"","")="","All",VLOOKUP(C96,CodeTable,5,0)&""))) | I96: =IF(OR(A96="",C96=""),"",A96&"|"&B96&"|"&(COUNTIFS(FlDate,A96,FlShift,B96,FlCode,"<>",FlOrder,"<"&J96)+COUNTIFS(A$6:A96,A96,B$6:B96,B96,C$6:C96,"<>",J$6:J96,J96))) | J96: =IF(C96="","",IF(D96="","zz","t"&D96)) | K96: =IF(OR(A96="",C96=""),"",IF(IFERROR(INDEX(DayStat,A96-DATE(PlanYear,1,1)+1)&"","")<>"",0,1)) | L96: =IF(K96="","",K96*IFERROR(VLOOKUP(C96,CodeTable,4,0),0))
A97: 46352 | B97: AM | C97: FLT-1.5 | D97: 1000-1130 | G97: =IF(C97="","",IFERROR(VLOOKUP(C97,CodeTable,3,0),1)) | H97: =IF(C97="","",IF(E97<>"",E97,IF(IFERROR(VLOOKUP(C97,CodeTable,5,0)&"","")="","All",VLOOKUP(C97,CodeTable,5,0)&""))) | I97: =IF(OR(A97="",C97=""),"",A97&"|"&B97&"|"&(COUNTIFS(FlDate,A97,FlShift,B97,FlCode,"<>",FlOrder,"<"&J97)+COUNTIFS(A$6:A97,A97,B$6:B97,B97,C$6:C97,"<>",J$6:J97,J97))) | J97: =IF(C97="","",IF(D97="","zz","t"&D97)) | K97: =IF(OR(A97="",C97=""),"",IF(IFERROR(INDEX(DayStat,A97-DATE(PlanYear,1,1)+1)&"","")<>"",0,1)) | L97: =IF(K97="","",K97*IFERROR(VLOOKUP(C97,CodeTable,4,0),0))
A98: 46352 | B98: NIGHT | C98: NVG-2.0 | D98: 2000-2200 | G98: =IF(C98="","",IFERROR(VLOOKUP(C98,CodeTable,3,0),1)) | H98: =IF(C98="","",IF(E98<>"",E98,IF(IFERROR(VLOOKUP(C98,CodeTable,5,0)&"","")="","All",VLOOKUP(C98,CodeTable,5,0)&""))) | I98: =IF(OR(A98="",C98=""),"",A98&"|"&B98&"|"&(COUNTIFS(FlDate,A98,FlShift,B98,FlCode,"<>",FlOrder,"<"&J98)+COUNTIFS(A$6:A98,A98,B$6:B98,B98,C$6:C98,"<>",J$6:J98,J98))) | J98: =IF(C98="","",IF(D98="","zz","t"&D98)) | K98: =IF(OR(A98="",C98=""),"",IF(IFERROR(INDEX(DayStat,A98-DATE(PlanYear,1,1)+1)&"","")<>"",0,1)) | L98: =IF(K98="","",K98*IFERROR(VLOOKUP(C98,CodeTable,4,0),0))
A99: 46353 | B99: AM | C99: PLT-TRG | D99: 0830-1030 | G99: =IF(C99="","",IFERROR(VLOOKUP(C99,CodeTable,3,0),1)) | H99: =IF(C99="","",IF(E99<>"",E99,IF(IFERROR(VLOOKUP(C99,CodeTable,5,0)&"","")="","All",VLOOKUP(C99,CodeTable,5,0)&""))) | I99: =IF(OR(A99="",C99=""),"",A99&"|"&B99&"|"&(COUNTIFS(FlDate,A99,FlShift,B99,FlCode,"<>",FlOrder,"<"&J99)+COUNTIFS(A$6:A99,A99,B$6:B99,B99,C$6:C99,"<>",J$6:J99,J99))) | J99: =IF(C99="","",IF(D99="","zz","t"&D99)) | K99: =IF(OR(A99="",C99=""),"",IF(IFERROR(INDEX(DayStat,A99-DATE(PlanYear,1,1)+1)&"","")<>"",0,1)) | L99: =IF(K99="","",K99*IFERROR(VLOOKUP(C99,CodeTable,4,0),0))
A100: 46353 | B100: PM | C100: MSN-3.0 | D100: 1300-1600 | F100: Long range | G100: =IF(C100="","",IFERROR(VLOOKUP(C100,CodeTable,3,0),1)) | H100: =IF(C100="","",IF(E100<>"",E100,IF(IFERROR(VLOOKUP(C100,CodeTable,5,0)&"","")="","All",VLOOKUP(C100,CodeTable,5,0)&""))) | I100: =IF(OR(A100="",C100=""),"",A100&"|"&B100&"|"&(COUNTIFS(FlDate,A100,FlShift,B100,FlCode,"<>",FlOrder,"<"&J100)+COUNTIFS(A$6:A100,A100,B$6:B100,B100,C$6:C100,"<>",J$6:J100,J100))) | J100: =IF(C100="","",IF(D100="","zz","t"&D100)) | K100: =IF(OR(A100="",C100=""),"",IF(IFERROR(INDEX(DayStat,A100-DATE(PlanYear,1,1)+1)&"","")<>"",0,1)) | L100: =IF(K100="","",K100*IFERROR(VLOOKUP(C100,CodeTable,4,0),0))
A101: 46356 | B101: AM | C101: FLT-2.0 | D101: 0830-1030 | G101: =IF(C101="","",IFERROR(VLOOKUP(C101,CodeTable,3,0),1)) | H101: =IF(C101="","",IF(E101<>"",E101,IF(IFERROR(VLOOKUP(C101,CodeTable,5,0)&"","")="","All",VLOOKUP(C101,CodeTable,5,0)&""))) | I101: =IF(OR(A101="",C101=""),"",A101&"|"&B101&"|"&(COUNTIFS(FlDate,A101,FlShift,B101,FlCode,"<>",FlOrder,"<"&J101)+COUNTIFS(A$6:A101,A101,B$6:B101,B101,C$6:C101,"<>",J$6:J101,J101))) | J101: =IF(C101="","",IF(D101="","zz","t"&D101)) | K101: =IF(OR(A101="",C101=""),"",IF(IFERROR(INDEX(DayStat,A101-DATE(PlanYear,1,1)+1)&"","")<>"",0,1)) | L101: =IF(K101="","",K101*IFERROR(VLOOKUP(C101,CodeTable,4,0),0))
A102: 46356 | B102: AM | C102: FLT-1.5 | D102: 1000-1130 | G102: =IF(C102="","",IFERROR(VLOOKUP(C102,CodeTable,3,0),1)) | H102: =IF(C102="","",IF(E102<>"",E102,IF(IFERROR(VLOOKUP(C102,CodeTable,5,0)&"","")="","All",VLOOKUP(C102,CodeTable,5,0)&""))) | I102: =IF(OR(A102="",C102=""),"",A102&"|"&B102&"|"&(COUNTIFS(FlDate,A102,FlShift,B102,FlCode,"<>",FlOrder,"<"&J102)+COUNTIFS(A$6:A102,A102,B$6:B102,B102,C$6:C102,"<>",J$6:J102,J102))) | J102: =IF(C102="","",IF(D102="","zz","t"&D102)) | K102: =IF(OR(A102="",C102=""),"",IF(IFERROR(INDEX(DayStat,A102-DATE(PlanYear,1,1)+1)&"","")<>"",0,1)) | L102: =IF(K102="","",K102*IFERROR(VLOOKUP(C102,CodeTable,4,0),0))
A103: 46356 | B103: PM | C103: FLT-2.0 | D103: 1400-1600 | G103: =IF(C103="","",IFERROR(VLOOKUP(C103,CodeTable,3,0),1)) | H103: =IF(C103="","",IF(E103<>"",E103,IF(IFERROR(VLOOKUP(C103,CodeTable,5,0)&"","")="","All",VLOOKUP(C103,CodeTable,5,0)&""))) | I103: =IF(OR(A103="",C103=""),"",A103&"|"&B103&"|"&(COUNTIFS(FlDate,A103,FlShift,B103,FlCode,"<>",FlOrder,"<"&J103)+COUNTIFS(A$6:A103,A103,B$6:B103,B103,C$6:C103,"<>",J$6:J103,J103))) | J103: =IF(C103="","",IF(D103="","zz","t"&D103)) | K103: =IF(OR(A103="",C103=""),"",IF(IFERROR(INDEX(DayStat,A103-DATE(PlanYear,1,1)+1)&"","")<>"",0,1)) | L103: =IF(K103="","",K103*IFERROR(VLOOKUP(C103,CodeTable,4,0),0))
A104: 46350 | B104: PM | C104: FLT-2.0 | D104: 1500-1700 | E104: P L S2 | F104: VIP familiarisation | G104: =IF(C104="","",IFERROR(VLOOKUP(C104,CodeTable,3,0),1)) | H104: =IF(C104="","",IF(E104<>"",E104,IF(IFERROR(VLOOKUP(C104,CodeTable,5,0)&"","")="","All",VLOOKUP(C104,CodeTable,5,0)&""))) | I104: =IF(OR(A104="",C104=""),"",A104&"|"&B104&"|"&(COUNTIFS(FlDate,A104,FlShift,B104,FlCode,"<>",FlOrder,"<"&J104)+COUNTIFS(A$6:A104,A104,B$6:B104,B104,C$6:C104,"<>",J$6:J104,J104))) | J104: =IF(C104="","",IF(D104="","zz","t"&D104)) | K104: =IF(OR(A104="",C104=""),"",IF(IFERROR(INDEX(DayStat,A104-DATE(PlanYear,1,1)+1)&"","")<>"",0,1)) | L104: =IF(K104="","",K104*IFERROR(VLOOKUP(C104,CodeTable,4,0),0))
A105: 46324 | B105: PM | C105: EIS | D105: 1400-1600 | F105: EIS training | G105: =IF(C105="","",IFERROR(VLOOKUP(C105,CodeTable,3,0),1)) | H105: =IF(C105="","",IF(E105<>"",E105,IF(IFERROR(VLOOKUP(C105,CodeTable,5,0)&"","")="","All",VLOOKUP(C105,CodeTable,5,0)&""))) | I105: =IF(OR(A105="",C105=""),"",A105&"|"&B105&"|"&(COUNTIFS(FlDate,A105,FlShift,B105,FlCode,"<>",FlOrder,"<"&J105)+COUNTIFS(A$6:A105,A105,B$6:B105,B105,C$6:C105,"<>",J$6:J105,J105))) | J105: =IF(C105="","",IF(D105="","zz","t"&D105)) | K105: =IF(OR(A105="",C105=""),"",IF(IFERROR(INDEX(DayStat,A105-DATE(PlanYear,1,1)+1)&"","")<>"",0,1)) | L105: =IF(K105="","",K105*IFERROR(VLOOKUP(C105,CodeTable,4,0),0))
A106: 46329 | B106: PM | C106: MAS TRG | D106: 1300-1600 | F106: MAS tactical training | G106: =IF(C106="","",IFERROR(VLOOKUP(C106,CodeTable,3,0),1)) | H106: =IF(C106="","",IF(E106<>"",E106,IF(IFERROR(VLOOKUP(C106,CodeTable,5,0)&"","")="","All",VLOOKUP(C106,CodeTable,5,0)&""))) | I106: =IF(OR(A106="",C106=""),"",A106&"|"&B106&"|"&(COUNTIFS(FlDate,A106,FlShift,B106,FlCode,"<>",FlOrder,"<"&J106)+COUNTIFS(A$6:A106,A106,B$6:B106,B106,C$6:C106,"<>",J$6:J106,J106))) | J106: =IF(C106="","",IF(D106="","zz","t"&D106)) | K106: =IF(OR(A106="",C106=""),"",IF(IFERROR(INDEX(DayStat,A106-DATE(PlanYear,1,1)+1)&"","")<>"",0,1)) | L106: =IF(K106="","",K106*IFERROR(VLOOKUP(C106,CodeTable,4,0),0))
A107: 46391 | B107: AM | C107: FLT-2.0 | D107: 0830-1030 | F107: First flight of the new year | G107: =IF(C107="","",IFERROR(VLOOKUP(C107,CodeTable,3,0),1)) | H107: =IF(C107="","",IF(E107<>"",E107,IF(IFERROR(VLOOKUP(C107,CodeTable,5,0)&"","")="","All",VLOOKUP(C107,CodeTable,5,0)&""))) | I107: =IF(OR(A107="",C107=""),"",A107&"|"&B107&"|"&(COUNTIFS(FlDate,A107,FlShift,B107,FlCode,"<>",FlOrder,"<"&J107)+COUNTIFS(A$6:A107,A107,B$6:B107,B107,C$6:C107,"<>",J$6:J107,J107))) | J107: =IF(C107="","",IF(D107="","zz","t"&D107)) | K107: =IF(OR(A107="",C107=""),"",IF(IFERROR(INDEX(DayStat,A107-DATE(PlanYear,1,1)+1)&"","")<>"",0,1)) | L107: =IF(K107="","",K107*IFERROR(VLOOKUP(C107,CodeTable,4,0),0))
A108: 46392 | B108: PM | C108: MSN-3.0 | D108: 1300-1600 | F108: Long range | G108: =IF(C108="","",IFERROR(VLOOKUP(C108,CodeTable,3,0),1)) | H108: =IF(C108="","",IF(E108<>"",E108,IF(IFERROR(VLOOKUP(C108,CodeTable,5,0)&"","")="","All",VLOOKUP(C108,CodeTable,5,0)&""))) | I108: =IF(OR(A108="",C108=""),"",A108&"|"&B108&"|"&(COUNTIFS(FlDate,A108,FlShift,B108,FlCode,"<>",FlOrder,"<"&J108)+COUNTIFS(A$6:A108,A108,B$6:B108,B108,C$6:C108,"<>",J$6:J108,J108))) | J108: =IF(C108="","",IF(D108="","zz","t"&D108)) | K108: =IF(OR(A108="",C108=""),"",IF(IFERROR(INDEX(DayStat,A108-DATE(PlanYear,1,1)+1)&"","")<>"",0,1)) | L108: =IF(K108="","",K108*IFERROR(VLOOKUP(C108,CodeTable,4,0),0))
G109: =IF(C109="","",IFERROR(VLOOKUP(C109,CodeTable,3,0),1)) | H109: =IF(C109="","",IF(E109<>"",E109,IF(IFERROR(VLOOKUP(C109,CodeTable,5,0)&"","")="","All",VLOOKUP(C109,CodeTable,5,0)&""))) | I109: =IF(OR(A109="",C109=""),"",A109&"|"&B109&"|"&(COUNTIFS(FlDate,A109,FlShift,B109,FlCode,"<>",FlOrder,"<"&J109)+COUNTIFS(A$6:A109,A109,B$6:B109,B109,C$6:C109,"<>",J$6:J109,J109))) | J109: =IF(C109="","",IF(D109="","zz","t"&D109)) | K109: =IF(OR(A109="",C109=""),"",IF(IFERROR(INDEX(DayStat,A109-DATE(PlanYear,1,1)+1)&"","")<>"",0,1)) | L109: =IF(K109="","",K109*IFERROR(VLOOKUP(C109,CodeTable,4,0),0))
G110: =IF(C110="","",IFERROR(VLOOKUP(C110,CodeTable,3,0),1)) | H110: =IF(C110="","",IF(E110<>"",E110,IF(IFERROR(VLOOKUP(C110,CodeTable,5,0)&"","")="","All",VLOOKUP(C110,CodeTable,5,0)&""))) | I110: =IF(OR(A110="",C110=""),"",A110&"|"&B110&"|"&(COUNTIFS(FlDate,A110,FlShift,B110,FlCode,"<>",FlOrder,"<"&J110)+COUNTIFS(A$6:A110,A110,B$6:B110,B110,C$6:C110,"<>",J$6:J110,J110))) | J110: =IF(C110="","",IF(D110="","zz","t"&D110)) | K110: =IF(OR(A110="",C110=""),"",IF(IFERROR(INDEX(DayStat,A110-DATE(PlanYear,1,1)+1)&"","")<>"",0,1)) | L110: =IF(K110="","",K110*IFERROR(VLOOKUP(C110,CodeTable,4,0),0))
G111: =IF(C111="","",IFERROR(VLOOKUP(C111,CodeTable,3,0),1)) | H111: =IF(C111="","",IF(E111<>"",E111,IF(IFERROR(VLOOKUP(C111,CodeTable,5,0)&"","")="","All",VLOOKUP(C111,CodeTable,5,0)&""))) | I111: =IF(OR(A111="",C111=""),"",A111&"|"&B111&"|"&(COUNTIFS(FlDate,A111,FlShift,B111,FlCode,"<>",FlOrder,"<"&J111)+COUNTIFS(A$6:A111,A111,B$6:B111,B111,C$6:C111,"<>",J$6:J111,J111))) | J111: =IF(C111="","",IF(D111="","zz","t"&D111)) | K111: =IF(OR(A111="",C111=""),"",IF(IFERROR(INDEX(DayStat,A111-DATE(PlanYear,1,1)+1)&"","")<>"",0,1)) | L111: =IF(K111="","",K111*IFERROR(VLOOKUP(C111,CodeTable,4,0),0))
G112: =IF(C112="","",IFERROR(VLOOKUP(C112,CodeTable,3,0),1)) | H112: =IF(C112="","",IF(E112<>"",E112,IF(IFERROR(VLOOKUP(C112,CodeTable,5,0)&"","")="","All",VLOOKUP(C112,CodeTable,5,0)&""))) | I112: =IF(OR(A112="",C112=""),"",A112&"|"&B112&"|"&(COUNTIFS(FlDate,A112,FlShift,B112,FlCode,"<>",FlOrder,"<"&J112)+COUNTIFS(A$6:A112,A112,B$6:B112,B112,C$6:C112,"<>",J$6:J112,J112))) | J112: =IF(C112="","",IF(D112="","zz","t"&D112)) | K112: =IF(OR(A112="",C112=""),"",IF(IFERROR(INDEX(DayStat,A112-DATE(PlanYear,1,1)+1)&"","")<>"",0,1)) | L112: =IF(K112="","",K112*IFERROR(VLOOKUP(C112,CodeTable,4,0),0))
G113: =IF(C113="","",IFERROR(VLOOKUP(C113,CodeTable,3,0),1)) | H113: =IF(C113="","",IF(E113<>"",E113,IF(IFERROR(VLOOKUP(C113,CodeTable,5,0)&"","")="","All",VLOOKUP(C113,CodeTable,5,0)&""))) | I113: =IF(OR(A113="",C113=""),"",A113&"|"&B113&"|"&(COUNTIFS(FlDate,A113,FlShift,B113,FlCode,"<>",FlOrder,"<"&J113)+COUNTIFS(A$6:A113,A113,B$6:B113,B113,C$6:C113,"<>",J$6:J113,J113))) | J113: =IF(C113="","",IF(D113="","zz","t"&D113)) | K113: =IF(OR(A113="",C113=""),"",IF(IFERROR(INDEX(DayStat,A113-DATE(PlanYear,1,1)+1)&"","")<>"",0,1)) | L113: =IF(K113="","",K113*IFERROR(VLOOKUP(C113,CodeTable,4,0),0))
G114: =IF(C114="","",IFERROR(VLOOKUP(C114,CodeTable,3,0),1)) | H114: =IF(C114="","",IF(E114<>"",E114,IF(IFERROR(VLOOKUP(C114,CodeTable,5,0)&"","")="","All",VLOOKUP(C114,CodeTable,5,0)&""))) | I114: =IF(OR(A114="",C114=""),"",A114&"|"&B114&"|"&(COUNTIFS(FlDate,A114,FlShift,B114,FlCode,"<>",FlOrder,"<"&J114)+COUNTIFS(A$6:A114,A114,B$6:B114,B114,C$6:C114,"<>",J$6:J114,J114))) | J114: =IF(C114="","",IF(D114="","zz","t"&D114)) | K114: =IF(OR(A114="",C114=""),"",IF(IFERROR(INDEX(DayStat,A114-DATE(PlanYear,1,1)+1)&"","")<>"",0,1)) | L114: =IF(K114="","",K114*IFERROR(VLOOKUP(C114,CodeTable,4,0),0))
G115: =IF(C115="","",IFERROR(VLOOKUP(C115,CodeTable,3,0),1)) | H115: =IF(C115="","",IF(E115<>"",E115,IF(IFERROR(VLOOKUP(C115,CodeTable,5,0)&"","")="","All",VLOOKUP(C115,CodeTable,5,0)&""))) | I115: =IF(OR(A115="",C115=""),"",A115&"|"&B115&"|"&(COUNTIFS(FlDate,A115,FlShift,B115,FlCode,"<>",FlOrder,"<"&J115)+COUNTIFS(A$6:A115,A115,B$6:B115,B115,C$6:C115,"<>",J$6:J115,J115))) | J115: =IF(C115="","",IF(D115="","zz","t"&D115)) | K115: =IF(OR(A115="",C115=""),"",IF(IFERROR(INDEX(DayStat,A115-DATE(PlanYear,1,1)+1)&"","")<>"",0,1)) | L115: =IF(K115="","",K115*IFERROR(VLOOKUP(C115,CodeTable,4,0),0))
G116: =IF(C116="","",IFERROR(VLOOKUP(C116,CodeTable,3,0),1)) | H116: =IF(C116="","",IF(E116<>"",E116,IF(IFERROR(VLOOKUP(C116,CodeTable,5,0)&"","")="","All",VLOOKUP(C116,CodeTable,5,0)&""))) | I116: =IF(OR(A116="",C116=""),"",A116&"|"&B116&"|"&(COUNTIFS(FlDate,A116,FlShift,B116,FlCode,"<>",FlOrder,"<"&J116)+COUNTIFS(A$6:A116,A116,B$6:B116,B116,C$6:C116,"<>",J$6:J116,J116))) | J116: =IF(C116="","",IF(D116="","zz","t"&D116)) | K116: =IF(OR(A116="",C116=""),"",IF(IFERROR(INDEX(DayStat,A116-DATE(PlanYear,1,1)+1)&"","")<>"",0,1)) | L116: =IF(K116="","",K116*IFERROR(VLOOKUP(C116,CodeTable,4,0),0))
G117: =IF(C117="","",IFERROR(VLOOKUP(C117,CodeTable,3,0),1)) | H117: =IF(C117="","",IF(E117<>"",E117,IF(IFERROR(VLOOKUP(C117,CodeTable,5,0)&"","")="","All",VLOOKUP(C117,CodeTable,5,0)&""))) | I117: =IF(OR(A117="",C117=""),"",A117&"|"&B117&"|"&(COUNTIFS(FlDate,A117,FlShift,B117,FlCode,"<>",FlOrder,"<"&J117)+COUNTIFS(A$6:A117,A117,B$6:B117,B117,C$6:C117,"<>",J$6:J117,J117))) | J117: =IF(C117="","",IF(D117="","zz","t"&D117)) | K117: =IF(OR(A117="",C117=""),"",IF(IFERROR(INDEX(DayStat,A117-DATE(PlanYear,1,1)+1)&"","")<>"",0,1)) | L117: =IF(K117="","",K117*IFERROR(VLOOKUP(C117,CodeTable,4,0),0))
G118: =IF(C118="","",IFERROR(VLOOKUP(C118,CodeTable,3,0),1)) | H118: =IF(C118="","",IF(E118<>"",E118,IF(IFERROR(VLOOKUP(C118,CodeTable,5,0)&"","")="","All",VLOOKUP(C118,CodeTable,5,0)&""))) | I118: =IF(OR(A118="",C118=""),"",A118&"|"&B118&"|"&(COUNTIFS(FlDate,A118,FlShift,B118,FlCode,"<>",FlOrder,"<"&J118)+COUNTIFS(A$6:A118,A118,B$6:B118,B118,C$6:C118,"<>",J$6:J118,J118))) | J118: =IF(C118="","",IF(D118="","zz","t"&D118)) | K118: =IF(OR(A118="",C118=""),"",IF(IFERROR(INDEX(DayStat,A118-DATE(PlanYear,1,1)+1)&"","")<>"",0,1)) | L118: =IF(K118="","",K118*IFERROR(VLOOKUP(C118,CodeTable,4,0),0))
...

Sheet Day Status
A1: DAY STATUS
A2: Leave blank for a flying day. Pick a reason (No Flying, Stand-down, Maintenance ...) for a day with no flying: it greys out on the calendar and departments see NO FLY.
A5: Date | B5: Day | C5: Status
A6: =IF(DATE(PlanYear,1,1)+0<=DATE(PlanYear+1,1,31),DATE(PlanYear,1,1)+0,"") | B6: =IF(A6="","",TEXT(A6,"ddd"))
A7: =IF(DATE(PlanYear,1,1)+1<=DATE(PlanYear+1,1,31),DATE(PlanYear,1,1)+1,"") | B7: =IF(A7="","",TEXT(A7,"ddd"))
A8: =IF(DATE(PlanYear,1,1)+2<=DATE(PlanYear+1,1,31),DATE(PlanYear,1,1)+2,"") | B8: =IF(A8="","",TEXT(A8,"ddd"))
A9: =IF(DATE(PlanYear,1,1)+3<=DATE(PlanYear+1,1,31),DATE(PlanYear,1,1)+3,"") | B9: =IF(A9="","",TEXT(A9,"ddd"))
A10: =IF(DATE(PlanYear,1,1)+4<=DATE(PlanYear+1,1,31),DATE(PlanYear,1,1)+4,"") | B10: =IF(A10="","",TEXT(A10,"ddd"))
A11: =IF(DATE(PlanYear,1,1)+5<=DATE(PlanYear+1,1,31),DATE(PlanYear,1,1)+5,"") | B11: =IF(A11="","",TEXT(A11,"ddd"))
A12: =IF(DATE(PlanYear,1,1)+6<=DATE(PlanYear+1,1,31),DATE(PlanYear,1,1)+6,"") | B12: =IF(A12="","",TEXT(A12,"ddd"))
A13: =IF(DATE(PlanYear,1,1)+7<=DATE(PlanYear+1,1,31),DATE(PlanYear,1,1)+7,"") | B13: =IF(A13="","",TEXT(A13,"ddd"))
A14: =IF(DATE(PlanYear,1,1)+8<=DATE(PlanYear+1,1,31),DATE(PlanYear,1,1)+8,"") | B14: =IF(A14="","",TEXT(A14,"ddd"))
A15: =IF(DATE(PlanYear,1,1)+9<=DATE(PlanYear+1,1,31),DATE(PlanYear,1,1)+9,"") | B15: =IF(A15="","",TEXT(A15,"ddd"))
A16: =IF(DATE(PlanYear,1,1)+10<=DATE(PlanYear+1,1,31),DATE(PlanYear,1,1)+10,"") | B16: =IF(A16="","",TEXT(A16,"ddd"))
A17: =IF(DATE(PlanYear,1,1)+11<=DATE(PlanYear+1,1,31),DATE(PlanYear,1,1)+11,"") | B17: =IF(A17="","",TEXT(A17,"ddd"))
A18: =IF(DATE(PlanYear,1,1)+12<=DATE(PlanYear+1,1,31),DATE(PlanYear,1,1)+12,"") | B18: =IF(A18="","",TEXT(A18,"ddd"))
A19: =IF(DATE(PlanYear,1,1)+13<=DATE(PlanYear+1,1,31),DATE(PlanYear,1,1)+13,"") | B19: =IF(A19="","",TEXT(A19,"ddd"))
A20: =IF(DATE(PlanYear,1,1)+14<=DATE(PlanYear+1,1,31),DATE(PlanYear,1,1)+14,"") | B20: =IF(A20="","",TEXT(A20,"ddd"))
A21: =IF(DATE(PlanYear,1,1)+15<=DATE(PlanYear+1,1,31),DATE(PlanYear,1,1)+15,"") | B21: =IF(A21="","",TEXT(A21,"ddd"))
A22: =IF(DATE(PlanYear,1,1)+16<=DATE(PlanYear+1,1,31),DATE(PlanYear,1,1)+16,"") | B22: =IF(A22="","",TEXT(A22,"ddd"))
A23: =IF(DATE(PlanYear,1,1)+17<=DATE(PlanYear+1,1,31),DATE(PlanYear,1,1)+17,"") | B23: =IF(A23="","",TEXT(A23,"ddd"))
A24: =IF(DATE(PlanYear,1,1)+18<=DATE(PlanYear+1,1,31),DATE(PlanYear,1,1)+18,"") | B24: =IF(A24="","",TEXT(A24,"ddd"))
A25: =IF(DATE(PlanYear,1,1)+19<=DATE(PlanYear+1,1,31),DATE(PlanYear,1,1)+19,"") | B25: =IF(A25="","",TEXT(A25,"ddd"))
A26: =IF(DATE(PlanYear,1,1)+20<=DATE(PlanYear+1,1,31),DATE(PlanYear,1,1)+20,"") | B26: =IF(A26="","",TEXT(A26,"ddd"))
A27: =IF(DATE(PlanYear,1,1)+21<=DATE(PlanYear+1,1,31),DATE(PlanYear,1,1)+21,"") | B27: =IF(A27="","",TEXT(A27,"ddd"))
A28: =IF(DATE(PlanYear,1,1)+22<=DATE(PlanYear+1,1,31),DATE(PlanYear,1,1)+22,"") | B28: =IF(A28="","",TEXT(A28,"ddd"))
A29: =IF(DATE(PlanYear,1,1)+23<=DATE(PlanYear+1,1,31),DATE(PlanYear,1,1)+23,"") | B29: =IF(A29="","",TEXT(A29,"ddd"))
A30: =IF(DATE(PlanYear,1,1)+24<=DATE(PlanYear+1,1,31),DATE(PlanYear,1,1)+24,"") | B30: =IF(A30="","",TEXT(A30,"ddd"))
A31: =IF(DATE(PlanYear,1,1)+25<=DATE(PlanYear+1,1,31),DATE(PlanYear,1,1)+25,"") | B31: =IF(A31="","",TEXT(A31,"ddd"))
A32: =IF(DATE(PlanYear,1,1)+26<=DATE(PlanYear+1,1,31),DATE(PlanYear,1,1)+26,"") | B32: =IF(A32="","",TEXT(A32,"ddd"))
A33: =IF(DATE(PlanYear,1,1)+27<=DATE(PlanYear+1,1,31),DATE(PlanYear,1,1)+27,"") | B33: =IF(A33="","",TEXT(A33,"ddd"))
A34: =IF(DATE(PlanYear,1,1)+28<=DATE(PlanYear+1,1,31),DATE(PlanYear,1,1)+28,"") | B34: =IF(A34="","",TEXT(A34,"ddd"))
A35: =IF(DATE(PlanYear,1,1)+29<=DATE(PlanYear+1,1,31),DATE(PlanYear,1,1)+29,"") | B35: =IF(A35="","",TEXT(A35,"ddd"))
A36: =IF(DATE(PlanYear,1,1)+30<=DATE(PlanYear+1,1,31),DATE(PlanYear,1,1)+30,"") | B36: =IF(A36="","",TEXT(A36,"ddd"))
A37: =IF(DATE(PlanYear,1,1)+31<=DATE(PlanYear+1,1,31),DATE(PlanYear,1,1)+31,"") | B37: =IF(A37="","",TEXT(A37,"ddd"))
A38: =IF(DATE(PlanYear,1,1)+32<=DATE(PlanYear+1,1,31),DATE(PlanYear,1,1)+32,"") | B38: =IF(A38="","",TEXT(A38,"ddd"))
A39: =IF(DATE(PlanYear,1,1)+33<=DATE(PlanYear+1,1,31),DATE(PlanYear,1,1)+33,"") | B39: =IF(A39="","",TEXT(A39,"ddd"))
A40: =IF(DATE(PlanYear,1,1)+34<=DATE(PlanYear+1,1,31),DATE(PlanYear,1,1)+34,"") | B40: =IF(A40="","",TEXT(A40,"ddd"))
A41: =IF(DATE(PlanYear,1,1)+35<=DATE(PlanYear+1,1,31),DATE(PlanYear,1,1)+35,"") | B41: =IF(A41="","",TEXT(A41,"ddd"))
A42: =IF(DATE(PlanYear,1,1)+36<=DATE(PlanYear+1,1,31),DATE(PlanYear,1,1)+36,"") | B42: =IF(A42="","",TEXT(A42,"ddd"))
A43: =IF(DATE(PlanYear,1,1)+37<=DATE(PlanYear+1,1,31),DATE(PlanYear,1,1)+37,"") | B43: =IF(A43="","",TEXT(A43,"ddd"))
A44: =IF(DATE(PlanYear,1,1)+38<=DATE(PlanYear+1,1,31),DATE(PlanYear,1,1)+38,"") | B44: =IF(A44="","",TEXT(A44,"ddd"))
A45: =IF(DATE(PlanYear,1,1)+39<=DATE(PlanYear+1,1,31),DATE(PlanYear,1,1)+39,"") | B45: =IF(A45="","",TEXT(A45,"ddd"))
A46: =IF(DATE(PlanYear,1,1)+40<=DATE(PlanYear+1,1,31),DATE(PlanYear,1,1)+40,"") | B46: =IF(A46="","",TEXT(A46,"ddd"))
A47: =IF(DATE(PlanYear,1,1)+41<=DATE(PlanYear+1,1,31),DATE(PlanYear,1,1)+41,"") | B47: =IF(A47="","",TEXT(A47,"ddd"))
A48: =IF(DATE(PlanYear,1,1)+42<=DATE(PlanYear+1,1,31),DATE(PlanYear,1,1)+42,"") | B48: =IF(A48="","",TEXT(A48,"ddd"))
A49: =IF(DATE(PlanYear,1,1)+43<=DATE(PlanYear+1,1,31),DATE(PlanYear,1,1)+43,"") | B49: =IF(A49="","",TEXT(A49,"ddd"))
A50: =IF(DATE(PlanYear,1,1)+44<=DATE(PlanYear+1,1,31),DATE(PlanYear,1,1)+44,"") | B50: =IF(A50="","",TEXT(A50,"ddd"))
A51: =IF(DATE(PlanYear,1,1)+45<=DATE(PlanYear+1,1,31),DATE(PlanYear,1,1)+45,"") | B51: =IF(A51="","",TEXT(A51,"ddd"))
A52: =IF(DATE(PlanYear,1,1)+46<=DATE(PlanYear+1,1,31),DATE(PlanYear,1,1)+46,"") | B52: =IF(A52="","",TEXT(A52,"ddd"))
A53: =IF(DATE(PlanYear,1,1)+47<=DATE(PlanYear+1,1,31),DATE(PlanYear,1,1)+47,"") | B53: =IF(A53="","",TEXT(A53,"ddd"))
A54: =IF(DATE(PlanYear,1,1)+48<=DATE(PlanYear+1,1,31),DATE(PlanYear,1,1)+48,"") | B54: =IF(A54="","",TEXT(A54,"ddd"))
A55: =IF(DATE(PlanYear,1,1)+49<=DATE(PlanYear+1,1,31),DATE(PlanYear,1,1)+49,"") | B55: =IF(A55="","",TEXT(A55,"ddd"))
A56: =IF(DATE(PlanYear,1,1)+50<=DATE(PlanYear+1,1,31),DATE(PlanYear,1,1)+50,"") | B56: =IF(A56="","",TEXT(A56,"ddd"))
A57: =IF(DATE(PlanYear,1,1)+51<=DATE(PlanYear+1,1,31),DATE(PlanYear,1,1)+51,"") | B57: =IF(A57="","",TEXT(A57,"ddd"))
A58: =IF(DATE(PlanYear,1,1)+52<=DATE(PlanYear+1,1,31),DATE(PlanYear,1,1)+52,"") | B58: =IF(A58="","",TEXT(A58,"ddd"))
A59: =IF(DATE(PlanYear,1,1)+53<=DATE(PlanYear+1,1,31),DATE(PlanYear,1,1)+53,"") | B59: =IF(A59="","",TEXT(A59,"ddd"))
A60: =IF(DATE(PlanYear,1,1)+54<=DATE(PlanYear+1,1,31),DATE(PlanYear,1,1)+54,"") | B60: =IF(A60="","",TEXT(A60,"ddd"))
A61: =IF(DATE(PlanYear,1,1)+55<=DATE(PlanYear+1,1,31),DATE(PlanYear,1,1)+55,"") | B61: =IF(A61="","",TEXT(A61,"ddd"))
A62: =IF(DATE(PlanYear,1,1)+56<=DATE(PlanYear+1,1,31),DATE(PlanYear,1,1)+56,"") | B62: =IF(A62="","",TEXT(A62,"ddd"))
A63: =IF(DATE(PlanYear,1,1)+57<=DATE(PlanYear+1,1,31),DATE(PlanYear,1,1)+57,"") | B63: =IF(A63="","",TEXT(A63,"ddd"))
A64: =IF(DATE(PlanYear,1,1)+58<=DATE(PlanYear+1,1,31),DATE(PlanYear,1,1)+58,"") | B64: =IF(A64="","",TEXT(A64,"ddd"))
A65: =IF(DATE(PlanYear,1,1)+59<=DATE(PlanYear+1,1,31),DATE(PlanYear,1,1)+59,"") | B65: =IF(A65="","",TEXT(A65,"ddd"))
A66: =IF(DATE(PlanYear,1,1)+60<=DATE(PlanYear+1,1,31),DATE(PlanYear,1,1)+60,"") | B66: =IF(A66="","",TEXT(A66,"ddd"))
A67: =IF(DATE(PlanYear,1,1)+61<=DATE(PlanYear+1,1,31),DATE(PlanYear,1,1)+61,"") | B67: =IF(A67="","",TEXT(A67,"ddd"))
A68: =IF(DATE(PlanYear,1,1)+62<=DATE(PlanYear+1,1,31),DATE(PlanYear,1,1)+62,"") | B68: =IF(A68="","",TEXT(A68,"ddd"))
A69: =IF(DATE(PlanYear,1,1)+63<=DATE(PlanYear+1,1,31),DATE(PlanYear,1,1)+63,"") | B69: =IF(A69="","",TEXT(A69,"ddd"))
A70: =IF(DATE(PlanYear,1,1)+64<=DATE(PlanYear+1,1,31),DATE(PlanYear,1,1)+64,"") | B70: =IF(A70="","",TEXT(A70,"ddd"))
A71: =IF(DATE(PlanYear,1,1)+65<=DATE(PlanYear+1,1,31),DATE(PlanYear,1,1)+65,"") | B71: =IF(A71="","",TEXT(A71,"ddd"))
A72: =IF(DATE(PlanYear,1,1)+66<=DATE(PlanYear+1,1,31),DATE(PlanYear,1,1)+66,"") | B72: =IF(A72="","",TEXT(A72,"ddd"))
A73: =IF(DATE(PlanYear,1,1)+67<=DATE(PlanYear+1,1,31),DATE(PlanYear,1,1)+67,"") | B73: =IF(A73="","",TEXT(A73,"ddd"))
A74: =IF(DATE(PlanYear,1,1)+68<=DATE(PlanYear+1,1,31),DATE(PlanYear,1,1)+68,"") | B74: =IF(A74="","",TEXT(A74,"ddd"))
A75: =IF(DATE(PlanYear,1,1)+69<=DATE(PlanYear+1,1,31),DATE(PlanYear,1,1)+69,"") | B75: =IF(A75="","",TEXT(A75,"ddd"))
A76: =IF(DATE(PlanYear,1,1)+70<=DATE(PlanYear+1,1,31),DATE(PlanYear,1,1)+70,"") | B76: =IF(A76="","",TEXT(A76,"ddd"))
A77: =IF(DATE(PlanYear,1,1)+71<=DATE(PlanYear+1,1,31),DATE(PlanYear,1,1)+71,"") | B77: =IF(A77="","",TEXT(A77,"ddd"))
A78: =IF(DATE(PlanYear,1,1)+72<=DATE(PlanYear+1,1,31),DATE(PlanYear,1,1)+72,"") | B78: =IF(A78="","",TEXT(A78,"ddd"))
A79: =IF(DATE(PlanYear,1,1)+73<=DATE(PlanYear+1,1,31),DATE(PlanYear,1,1)+73,"") | B79: =IF(A79="","",TEXT(A79,"ddd"))
A80: =IF(DATE(PlanYear,1,1)+74<=DATE(PlanYear+1,1,31),DATE(PlanYear,1,1)+74,"") | B80: =IF(A80="","",TEXT(A80,"ddd"))
A81: =IF(DATE(PlanYear,1,1)+75<=DATE(PlanYear+1,1,31),DATE(PlanYear,1,1)+75,"") | B81: =IF(A81="","",TEXT(A81,"ddd"))
A82: =IF(DATE(PlanYear,1,1)+76<=DATE(PlanYear+1,1,31),DATE(PlanYear,1,1)+76,"") | B82: =IF(A82="","",TEXT(A82,"ddd"))
A83: =IF(DATE(PlanYear,1,1)+77<=DATE(PlanYear+1,1,31),DATE(PlanYear,1,1)+77,"") | B83: =IF(A83="","",TEXT(A83,"ddd"))
A84: =IF(DATE(PlanYear,1,1)+78<=DATE(PlanYear+1,1,31),DATE(PlanYear,1,1)+78,"") | B84: =IF(A84="","",TEXT(A84,"ddd"))
A85: =IF(DATE(PlanYear,1,1)+79<=DATE(PlanYear+1,1,31),DATE(PlanYear,1,1)+79,"") | B85: =IF(A85="","",TEXT(A85,"ddd"))
A86: =IF(DATE(PlanYear,1,1)+80<=DATE(PlanYear+1,1,31),DATE(PlanYear,1,1)+80,"") | B86: =IF(A86="","",TEXT(A86,"ddd"))
A87: =IF(DATE(PlanYear,1,1)+81<=DATE(PlanYear+1,1,31),DATE(PlanYear,1,1)+81,"") | B87: =IF(A87="","",TEXT(A87,"ddd"))
A88: =IF(DATE(PlanYear,1,1)+82<=DATE(PlanYear+1,1,31),DATE(PlanYear,1,1)+82,"") | B88: =IF(A88="","",TEXT(A88,"ddd"))
A89: =IF(DATE(PlanYear,1,1)+83<=DATE(PlanYear+1,1,31),DATE(PlanYear,1,1)+83,"") | B89: =IF(A89="","",TEXT(A89,"ddd"))
A90: =IF(DATE(PlanYear,1,1)+84<=DATE(PlanYear+1,1,31),DATE(PlanYear,1,1)+84,"") | B90: =IF(A90="","",TEXT(A90,"ddd"))
A91: =IF(DATE(PlanYear,1,1)+85<=DATE(PlanYear+1,1,31),DATE(PlanYear,1,1)+85,"") | B91: =IF(A91="","",TEXT(A91,"ddd"))
A92: =IF(DATE(PlanYear,1,1)+86<=DATE(PlanYear+1,1,31),DATE(PlanYear,1,1)+86,"") | B92: =IF(A92="","",TEXT(A92,"ddd"))
A93: =IF(DATE(PlanYear,1,1)+87<=DATE(PlanYear+1,1,31),DATE(PlanYear,1,1)+87,"") | B93: =IF(A93="","",TEXT(A93,"ddd"))
A94: =IF(DATE(PlanYear,1,1)+88<=DATE(PlanYear+1,1,31),DATE(PlanYear,1,1)+88,"") | B94: =IF(A94="","",TEXT(A94,"ddd"))
A95: =IF(DATE(PlanYear,1,1)+89<=DATE(PlanYear+1,1,31),DATE(PlanYear,1,1)+89,"") | B95: =IF(A95="","",TEXT(A95,"ddd"))
A96: =IF(DATE(PlanYear,1,1)+90<=DATE(PlanYear+1,1,31),DATE(PlanYear,1,1)+90,"") | B96: =IF(A96="","",TEXT(A96,"ddd"))
A97: =IF(DATE(PlanYear,1,1)+91<=DATE(PlanYear+1,1,31),DATE(PlanYear,1,1)+91,"") | B97: =IF(A97="","",TEXT(A97,"ddd"))
A98: =IF(DATE(PlanYear,1,1)+92<=DATE(PlanYear+1,1,31),DATE(PlanYear,1,1)+92,"") | B98: =IF(A98="","",TEXT(A98,"ddd"))
A99: =IF(DATE(PlanYear,1,1)+93<=DATE(PlanYear+1,1,31),DATE(PlanYear,1,1)+93,"") | B99: =IF(A99="","",TEXT(A99,"ddd"))
A100: =IF(DATE(PlanYear,1,1)+94<=DATE(PlanYear+1,1,31),DATE(PlanYear,1,1)+94,"") | B100: =IF(A100="","",TEXT(A100,"ddd"))
A101: =IF(DATE(PlanYear,1,1)+95<=DATE(PlanYear+1,1,31),DATE(PlanYear,1,1)+95,"") | B101: =IF(A101="","",TEXT(A101,"ddd"))
A102: =IF(DATE(PlanYear,1,1)+96<=DATE(PlanYear+1,1,31),DATE(PlanYear,1,1)+96,"") | B102: =IF(A102="","",TEXT(A102,"ddd"))
...

Sheet Ground Programme
A1: GROUND PROGRAMME
A2: Ground events for the office: lectures, briefs, sim, meetings. One per row, any number per day. Crew blank = everyone; or tags P L T S1 S2.
A5: Date | B5: Time | C5: Activity | D5: Crew (blank = all) | E5: Comment
A6: 46296 | B6: 0730-0800 | C6: Safety Brief | E6: Monthly safety brief
A7: 46302 | B7: 1400-1600 | C7: CRM Lecture | D7: S1 S2
A8: 46304 | B8: 0900-1200 | C8: Ground School | E8: While the aircraft are in maintenance
A9: 46309 | B9: 1500 | C9: Sqn Meeting
A10: 46317 | B10: 1400-1600 | C10: CRM Lecture | D10: P T
A11: 46323 | B11: 1500 | C11: Sqn Meeting
A12: 46328 | B12: 0730-0800 | C12: Safety Brief | E12: Monthly safety brief
A13: 46337 | B13: 0900-1200 | C13: Ground School | D13: L S1 S2 | E13: Sonobuoy refresher
A14: 46344 | B14: 1500 | C14: Sqn Meeting
A15: 46352 | B15: 1400-1600 | C15: CRM Lecture

Sheet Requests
A1: REQUESTS FROM DEPARTMENTS
A2: Answered in the dashboard (Master Planning, Requests inbox). Done or Declined with a reply; the department sees it.
A5: Dept | B5: Request ID | C5: Status | D5: Reply | E5: Answered on | F5: Request
A6: SUP 2 | B6: S2-SAMPLE2 | C6: Declined | D6: Range is booked 0800-1000, keep 0830 | E6: 46297 | F6: Raised Thu, 1 Oct: Can Friday's AM flight start 0900 instead? Ground school runs late

Sheet Flight Codes
A1: FLIGHT CODES
A2: The flights programme: every flight code the squadron uses. Departments copy this list into their Activities sheet in the planner dashboard. Crew = the departments that fly this code (blank = every department). Mission Type is used by the currency rules.
H4: e.g. EIS, MAS Tact
A5: Code | B5: Description | C5: Sorties | D5: Flight Hrs | E5: Crew | F5: Mission Type | G5: Day status (no flying) | H5: Syllabus tag | I5: Ground programme
A6: FLT-1.5 | B6: Routine Sortie (1.5h) | C6: 1 | D6: 1.5 | F6: GEN | G6: No Flying | I6: Ground School
A7: FLT-2.0 | B7: Standard Sortie (2.0h) | C7: 1 | D7: 2 | F7: GEN | G7: Stand-down | I7: Safety Brief
A8: FLT-3.0 | B8: Extended Mission (3.0h) | C8: 1 | D8: 3 | F8: GEN | G8: Maintenance | I8: CRM Lecture
A9: NVG-2.0 | B9: Night Flying Sortie (2.0h) | C9: 1 | D9: 2 | F9: NIGHT | G9: Public Holiday | I9: Sim Training
A10: 2xFLT-1.5 | B10: Two routine sorties in one shift | C10: 2 | D10: 3 | F10: GEN | I10: Sqn Meeting
A11: 2xFLT-2.0 | B11: Two standard sorties in one shift | C11: 2 | D11: 4 | F11: GEN | I11: Admin Day
A12: MSN-3.0 | B12: Mission sortie: Pilot, TACCO, SUP 2 (3.0h) | C12: 1 | D12: 3 | E12: P T S2 | F12: MSN | I12: Fitness / IPPT
A13: PLT-TRG | B13: Pilot training sortie (1.5h) | C13: 1 | D13: 1.5 | E13: P | F13: TRG | I13: Medical
A14: EIS | B14: EIS training sortie (2.0h) | C14: 1 | D14: 2 | E14: S2 | F14: TRG | H14: EIS
A15: MAS TRG | B15: MAS tactical training (3.0h) | C15: 1 | D15: 3 | E15: S2 | F15: TRG | H15: MAS Tact
G19: Add your own reasons in the empty rows.
I26: The ground programme list (any text is allowed too).

Sheet Jan
A1: ="MASTER PLANNER | JANUARY "&(PlanYear+0)
A2: View only: built from the Flights and Day Status sheets. Shows up to 3 flights per shift; more show as '+n more'. Plan on the Flights sheet or in the planner dashboard.
B3: Planned sorties this month | E3: =N(D5)+N(G5)+N(J5)+N(M5)+N(P5)+N(S5)+N(V5)+N(D16)+N(G16)+N(J16)+N(M16)+N(P16)+N(S16)+N(V16)+N(D27)+N(G27)+N(J27)+N(M27)+N(P27)+N(S27)+N(V27)+N(D38)+N(G38)+N(J38)+N(M38)+N(P38)+N(S38)+N(V38)+N(D49)+N(G49)+N(J49)+N(M49)+N(P49)+N(S49)+N(V49)+N(D60)+N(G60)+N(J60)+N(M60)+N(P60)+N(S60)+N(V60) | G3: Flights | I3: =SUMIFS(FlCount,FlDate,">="&DATE(PlanYear,1,1),FlDate,"<="&EOMONTH(DATE(PlanYear,1,1),0)) | J3: Planned flying hrs | L3: =SUMIFS(FlHrs,FlDate,">="&DATE(PlanYear,1,1),FlDate,"<="&EOMONTH(DATE(PlanYear,1,1),0)) | N3: To add, change or remove a flight: use the Flights sheet, or the Master Planning tab in the planner dashboard.
B4: MON | E4: TUE | H4: WED | K4: THU | N4: FRI | Q4: SAT | T4: SUN
B5: =IF(MONTH(DATE(PlanYear,1,1)-WEEKDAY(DATE(PlanYear,1,1),3)+0)=1,DATE(PlanYear,1,1)-WEEKDAY(DATE(PlanYear,1,1),3)+0,"") | D5: =IF($B$5="","",IF(IFERROR(INDEX(DayStat,$B$5-DATE(PlanYear,1,1)+1)&"","")<>"",0,SUMIFS(FlSorties,FlDate,$B$5))) | E5: =IF(MONTH(DATE(PlanYear,1,1)-WEEKDAY(DATE(PlanYear,1,1),3)+1)=1,DATE(PlanYear,1,1)-WEEKDAY(DATE(PlanYear,1,1),3)+1,"") | G5: =IF($E$5="","",IF(IFERROR(INDEX(DayStat,$E$5-DATE(PlanYear,1,1)+1)&"","")<>"",0,SUMIFS(FlSorties,FlDate,$E$5))) | H5: =IF(MONTH(DATE(PlanYear,1,1)-WEEKDAY(DATE(PlanYear,1,1),3)+2)=1,DATE(PlanYear,1,1)-WEEKDAY(DATE(PlanYear,1,1),3)+2,"") | J5: =IF($H$5="","",IF(IFERROR(INDEX(DayStat,$H$5-DATE(PlanYear,1,1)+1)&"","")<>"",0,SUMIFS(FlSorties,FlDate,$H$5))) | K5: =IF(MONTH(DATE(PlanYear,1,1)-WEEKDAY(DATE(PlanYear,1,1),3)+3)=1,DATE(PlanYear,1,1)-WEEKDAY(DATE(PlanYear,1,1),3)+3,"") | M5: =IF($K$5="","",IF(IFERROR(INDEX(DayStat,$K$5-DATE(PlanYear,1,1)+1)&"","")<>"",0,SUMIFS(FlSorties,FlDate,$K$5))) | N5: =IF(MONTH(DATE(PlanYear,1,1)-WEEKDAY(DATE(PlanYear,1,1),3)+4)=1,DATE(PlanYear,1,1)-WEEKDAY(DATE(PlanYear,1,1),3)+4,"") | P5: =IF($N$5="","",IF(IFERROR(INDEX(DayStat,$N$5-DATE(PlanYear,1,1)+1)&"","")<>"",0,SUMIFS(FlSorties,FlDate,$N$5))) | Q5: =IF(MONTH(DATE(PlanYear,1,1)-WEEKDAY(DATE(PlanYear,1,1),3)+5)=1,DATE(PlanYear,1,1)-WEEKDAY(DATE(PlanYear,1,1),3)+5,"") | S5: =IF($Q$5="","",IF(IFERROR(INDEX(DayStat,$Q$5-DATE(PlanYear,1,1)+1)&"","")<>"",0,SUMIFS(FlSorties,FlDate,$Q$5))) | T5: =IF(MONTH(DATE(PlanYear,1,1)-WEEKDAY(DATE(PlanYear,1,1),3)+6)=1,DATE(PlanYear,1,1)-WEEKDAY(DATE(PlanYear,1,1),3)+6,"") | V5: =IF($T$5="","",IF(IFERROR(INDEX(DayStat,$T$5-DATE(PlanYear,1,1)+1)&"","")<>"",0,SUMIFS(FlSorties,FlDate,$T$5)))
B6: =IF($B$5="","",IF(IFERROR(INDEX(DayStat,$B$5-DATE(PlanYear,1,1)+1)&"","")<>"",IFERROR(INDEX(DayStat,$B$5-DATE(PlanYear,1,1)+1)&"",""),IF(COUNTIF(GrDate,$B$5)=0,"","GND: "&INDEX(GrAct,MATCH($B$5,GrDate,0))&IF(COUNTIF(GrDate,$B$5)>1," +"&(COUNTIF(GrDate,$B$5)-1)&" more","")))) | E6: =IF($E$5="","",IF(IFERROR(INDEX(DayStat,$E$5-DATE(PlanYear,1,1)+1)&"","")<>"",IFERROR(INDEX(DayStat,$E$5-DATE(PlanYear,1,1)+1)&"",""),IF(COUNTIF(GrDate,$E$5)=0,"","GND: "&INDEX(GrAct,MATCH($E$5,GrDate,0))&IF(COUNTIF(GrDate,$E$5)>1," +"&(COUNTIF(GrDate,$E$5)-1)&" more","")))) | H6: =IF($H$5="","",IF(IFERROR(INDEX(DayStat,$H$5-DATE(PlanYear,1,1)+1)&"","")<>"",IFERROR(INDEX(DayStat,$H$5-DATE(PlanYear,1,1)+1)&"",""),IF(COUNTIF(GrDate,$H$5)=0,"","GND: "&INDEX(GrAct,MATCH($H$5,GrDate,0))&IF(COUNTIF(GrDate,$H$5)>1," +"&(COUNTIF(GrDate,$H$5)-1)&" more","")))) | K6: =IF($K$5="","",IF(IFERROR(INDEX(DayStat,$K$5-DATE(PlanYear,1,1)+1)&"","")<>"",IFERROR(INDEX(DayStat,$K$5-DATE(PlanYear,1,1)+1)&"",""),IF(COUNTIF(GrDate,$K$5)=0,"","GND: "&INDEX(GrAct,MATCH($K$5,GrDate,0))&IF(COUNTIF(GrDate,$K$5)>1," +"&(COUNTIF(GrDate,$K$5)-1)&" more","")))) | N6: =IF($N$5="","",IF(IFERROR(INDEX(DayStat,$N$5-DATE(PlanYear,1,1)+1)&"","")<>"",IFERROR(INDEX(DayStat,$N$5-DATE(PlanYear,1,1)+1)&"",""),IF(COUNTIF(GrDate,$N$5)=0,"","GND: "&INDEX(GrAct,MATCH($N$5,GrDate,0))&IF(COUNTIF(GrDate,$N$5)>1," +"&(COUNTIF(GrDate,$N$5)-1)&" more","")))) | Q6: =IF($Q$5="","",IF(IFERROR(INDEX(DayStat,$Q$5-DATE(PlanYear,1,1)+1)&"","")<>"",IFERROR(INDEX(DayStat,$Q$5-DATE(PlanYear,1,1)+1)&"",""),IF(COUNTIF(GrDate,$Q$5)=0,"","GND: "&INDEX(GrAct,MATCH($Q$5,GrDate,0))&IF(COUNTIF(GrDate,$Q$5)>1," +"&(COUNTIF(GrDate,$Q$5)-1)&" more","")))) | T6: =IF($T$5="","",IF(IFERROR(INDEX(DayStat,$T$5-DATE(PlanYear,1,1)+1)&"","")<>"",IFERROR(INDEX(DayStat,$T$5-DATE(PlanYear,1,1)+1)&"",""),IF(COUNTIF(GrDate,$T$5)=0,"","GND: "&INDEX(GrAct,MATCH($T$5,GrDate,0))&IF(COUNTIF(GrDate,$T$5)>1," +"&(COUNTIF(GrDate,$T$5)-1)&" more",""))))
B7: =IF($B$5="","","AM"&IF(COUNTIFS(FlDate,$B$5,FlShift,"AM",FlCode,"<>")>3,CHAR(10)&"+"&(COUNTIFS(FlDate,$B$5,FlShift,"AM",FlCode,"<>")-3)&" more","")) | C7: =IF($B$5="","",IFERROR(INDEX(FlCode,MATCH($B$5&"|AM|1",FlKey,0)),"")) | D7: =IF($B$5="","",IFERROR(INDEX(FlTime,MATCH($B$5&"|AM|1",FlKey,0))&"","")) | E7: =IF($E$5="","","AM"&IF(COUNTIFS(FlDate,$E$5,FlShift,"AM",FlCode,"<>")>3,CHAR(10)&"+"&(COUNTIFS(FlDate,$E$5,FlShift,"AM",FlCode,"<>")-3)&" more","")) | F7: =IF($E$5="","",IFERROR(INDEX(FlCode,MATCH($E$5&"|AM|1",FlKey,0)),"")) | G7: =IF($E$5="","",IFERROR(INDEX(FlTime,MATCH($E$5&"|AM|1",FlKey,0))&"","")) | H7: =IF($H$5="","","AM"&IF(COUNTIFS(FlDate,$H$5,FlShift,"AM",FlCode,"<>")>3,CHAR(10)&"+"&(COUNTIFS(FlDate,$H$5,FlShift,"AM",FlCode,"<>")-3)&" more","")) | I7: =IF($H$5="","",IFERROR(INDEX(FlCode,MATCH($H$5&"|AM|1",FlKey,0)),"")) | J7: =IF($H$5="","",IFERROR(INDEX(FlTime,MATCH($H$5&"|AM|1",FlKey,0))&"","")) | K7: =IF($K$5="","","AM"&IF(COUNTIFS(FlDate,$K$5,FlShift,"AM",FlCode,"<>")>3,CHAR(10)&"+"&(COUNTIFS(FlDate,$K$5,FlShift,"AM",FlCode,"<>")-3)&" more","")) | L7: =IF($K$5="","",IFERROR(INDEX(FlCode,MATCH($K$5&"|AM|1",FlKey,0)),"")) | M7: =IF($K$5="","",IFERROR(INDEX(FlTime,MATCH($K$5&"|AM|1",FlKey,0))&"","")) | N7: =IF($N$5="","","AM"&IF(COUNTIFS(FlDate,$N$5,FlShift,"AM",FlCode,"<>")>3,CHAR(10)&"+"&(COUNTIFS(FlDate,$N$5,FlShift,"AM",FlCode,"<>")-3)&" more","")) | O7: =IF($N$5="","",IFERROR(INDEX(FlCode,MATCH($N$5&"|AM|1",FlKey,0)),"")) | P7: =IF($N$5="","",IFERROR(INDEX(FlTime,MATCH($N$5&"|AM|1",FlKey,0))&"","")) | Q7: =IF($Q$5="","","AM"&IF(COUNTIFS(FlDate,$Q$5,FlShift,"AM",FlCode,"<>")>3,CHAR(10)&"+"&(COUNTIFS(FlDate,$Q$5,FlShift,"AM",FlCode,"<>")-3)&" more","")) | R7: =IF($Q$5="","",IFERROR(INDEX(FlCode,MATCH($Q$5&"|AM|1",FlKey,0)),"")) | S7: =IF($Q$5="","",IFERROR(INDEX(FlTime,MATCH($Q$5&"|AM|1",FlKey,0))&"","")) | T7: =IF($T$5="","","AM"&IF(COUNTIFS(FlDate,$T$5,FlShift,"AM",FlCode,"<>")>3,CHAR(10)&"+"&(COUNTIFS(FlDate,$T$5,FlShift,"AM",FlCode,"<>")-3)&" more","")) | U7: =IF($T$5="","",IFERROR(INDEX(FlCode,MATCH($T$5&"|AM|1",FlKey,0)),"")) | V7: =IF($T$5="","",IFERROR(INDEX(FlTime,MATCH($T$5&"|AM|1",FlKey,0))&"",""))
C8: =IF($B$5="","",IFERROR(INDEX(FlCode,MATCH($B$5&"|AM|2",FlKey,0)),"")) | D8: =IF($B$5="","",IFERROR(INDEX(FlTime,MATCH($B$5&"|AM|2",FlKey,0))&"","")) | F8: =IF($E$5="","",IFERROR(INDEX(FlCode,MATCH($E$5&"|AM|2",FlKey,0)),"")) | G8: =IF($E$5="","",IFERROR(INDEX(FlTime,MATCH($E$5&"|AM|2",FlKey,0))&"","")) | I8: =IF($H$5="","",IFERROR(INDEX(FlCode,MATCH($H$5&"|AM|2",FlKey,0)),"")) | J8: =IF($H$5="","",IFERROR(INDEX(FlTime,MATCH($H$5&"|AM|2",FlKey,0))&"","")) | L8: =IF($K$5="","",IFERROR(INDEX(FlCode,MATCH($K$5&"|AM|2",FlKey,0)),"")) | M8: =IF($K$5="","",IFERROR(INDEX(FlTime,MATCH($K$5&"|AM|2",FlKey,0))&"","")) | O8: =IF($N$5="","",IFERROR(INDEX(FlCode,MATCH($N$5&"|AM|2",FlKey,0)),"")) | P8: =IF($N$5="","",IFERROR(INDEX(FlTime,MATCH($N$5&"|AM|2",FlKey,0))&"","")) | R8: =IF($Q$5="","",IFERROR(INDEX(FlCode,MATCH($Q$5&"|AM|2",FlKey,0)),"")) | S8: =IF($Q$5="","",IFERROR(INDEX(FlTime,MATCH($Q$5&"|AM|2",FlKey,0))&"","")) | U8: =IF($T$5="","",IFERROR(INDEX(FlCode,MATCH($T$5&"|AM|2",FlKey,0)),"")) | V8: =IF($T$5="","",IFERROR(INDEX(FlTime,MATCH($T$5&"|AM|2",FlKey,0))&"",""))
C9: =IF($B$5="","",IFERROR(INDEX(FlCode,MATCH($B$5&"|AM|3",FlKey,0)),"")) | D9: =IF($B$5="","",IFERROR(INDEX(FlTime,MATCH($B$5&"|AM|3",FlKey,0))&"","")) | F9: =IF($E$5="","",IFERROR(INDEX(FlCode,MATCH($E$5&"|AM|3",FlKey,0)),"")) | G9: =IF($E$5="","",IFERROR(INDEX(FlTime,MATCH($E$5&"|AM|3",FlKey,0))&"","")) | I9: =IF($H$5="","",IFERROR(INDEX(FlCode,MATCH($H$5&"|AM|3",FlKey,0)),"")) | J9: =IF($H$5="","",IFERROR(INDEX(FlTime,MATCH($H$5&"|AM|3",FlKey,0))&"","")) | L9: =IF($K$5="","",IFERROR(INDEX(FlCode,MATCH($K$5&"|AM|3",FlKey,0)),"")) | M9: =IF($K$5="","",IFERROR(INDEX(FlTime,MATCH($K$5&"|AM|3",FlKey,0))&"","")) | O9: =IF($N$5="","",IFERROR(INDEX(FlCode,MATCH($N$5&"|AM|3",FlKey,0)),"")) | P9: =IF($N$5="","",IFERROR(INDEX(FlTime,MATCH($N$5&"|AM|3",FlKey,0))&"","")) | R9: =IF($Q$5="","",IFERROR(INDEX(FlCode,MATCH($Q$5&"|AM|3",FlKey,0)),"")) | S9: =IF($Q$5="","",IFERROR(INDEX(FlTime,MATCH($Q$5&"|AM|3",FlKey,0))&"","")) | U9: =IF($T$5="","",IFERROR(INDEX(FlCode,MATCH($T$5&"|AM|3",FlKey,0)),"")) | V9: =IF($T$5="","",IFERROR(INDEX(FlTime,MATCH($T$5&"|AM|3",FlKey,0))&"",""))
B10: =IF($B$5="","","PM"&IF(COUNTIFS(FlDate,$B$5,FlShift,"PM",FlCode,"<>")>3,CHAR(10)&"+"&(COUNTIFS(FlDate,$B$5,FlShift,"PM",FlCode,"<>")-3)&" more","")) | C10: =IF($B$5="","",IFERROR(INDEX(FlCode,MATCH($B$5&"|PM|1",FlKey,0)),"")) | D10: =IF($B$5="","",IFERROR(INDEX(FlTime,MATCH($B$5&"|PM|1",FlKey,0))&"","")) | E10: =IF($E$5="","","PM"&IF(COUNTIFS(FlDate,$E$5,FlShift,"PM",FlCode,"<>")>3,CHAR(10)&"+"&(COUNTIFS(FlDate,$E$5,FlShift,"PM",FlCode,"<>")-3)&" more","")) | F10: =IF($E$5="","",IFERROR(INDEX(FlCode,MATCH($E$5&"|PM|1",FlKey,0)),"")) | G10: =IF($E$5="","",IFERROR(INDEX(FlTime,MATCH($E$5&"|PM|1",FlKey,0))&"","")) | H10: =IF($H$5="","","PM"&IF(COUNTIFS(FlDate,$H$5,FlShift,"PM",FlCode,"<>")>3,CHAR(10)&"+"&(COUNTIFS(FlDate,$H$5,FlShift,"PM",FlCode,"<>")-3)&" more","")) | I10: =IF($H$5="","",IFERROR(INDEX(FlCode,MATCH($H$5&"|PM|1",FlKey,0)),"")) | J10: =IF($H$5="","",IFERROR(INDEX(FlTime,MATCH($H$5&"|PM|1",FlKey,0))&"","")) | K10: =IF($K$5="","","PM"&IF(COUNTIFS(FlDate,$K$5,FlShift,"PM",FlCode,"<>")>3,CHAR(10)&"+"&(COUNTIFS(FlDate,$K$5,FlShift,"PM",FlCode,"<>")-3)&" more","")) | L10: =IF($K$5="","",IFERROR(INDEX(FlCode,MATCH($K$5&"|PM|1",FlKey,0)),"")) | M10: =IF($K$5="","",IFERROR(INDEX(FlTime,MATCH($K$5&"|PM|1",FlKey,0))&"","")) | N10: =IF($N$5="","","PM"&IF(COUNTIFS(FlDate,$N$5,FlShift,"PM",FlCode,"<>")>3,CHAR(10)&"+"&(COUNTIFS(FlDate,$N$5,FlShift,"PM",FlCode,"<>")-3)&" more","")) | O10: =IF($N$5="","",IFERROR(INDEX(FlCode,MATCH($N$5&"|PM|1",FlKey,0)),"")) | P10: =IF($N$5="","",IFERROR(INDEX(FlTime,MATCH($N$5&"|PM|1",FlKey,0))&"","")) | Q10: =IF($Q$5="","","PM"&IF(COUNTIFS(FlDate,$Q$5,FlShift,"PM",FlCode,"<>")>3,CHAR(10)&"+"&(COUNTIFS(FlDate,$Q$5,FlShift,"PM",FlCode,"<>")-3)&" more","")) | R10: =IF($Q$5="","",IFERROR(INDEX(FlCode,MATCH($Q$5&"|PM|1",FlKey,0)),"")) | S10: =IF($Q$5="","",IFERROR(INDEX(FlTime,MATCH($Q$5&"|PM|1",FlKey,0))&"","")) | T10: =IF($T$5="","","PM"&IF(COUNTIFS(FlDate,$T$5,FlShift,"PM",FlCode,"<>")>3,CHAR(10)&"+"&(COUNTIFS(FlDate,$T$5,FlShift,"PM",FlCode,"<>")-3)&" more","")) | U10: =IF($T$5="","",IFERROR(INDEX(FlCode,MATCH($T$5&"|PM|1",FlKey,0)),"")) | V10: =IF($T$5="","",IFERROR(INDEX(FlTime,MATCH($T$5&"|PM|1",FlKey,0))&"",""))
C11: =IF($B$5="","",IFERROR(INDEX(FlCode,MATCH($B$5&"|PM|2",FlKey,0)),"")) | D11: =IF($B$5="","",IFERROR(INDEX(FlTime,MATCH($B$5&"|PM|2",FlKey,0))&"","")) | F11: =IF($E$5="","",IFERROR(INDEX(FlCode,MATCH($E$5&"|PM|2",FlKey,0)),"")) | G11: =IF($E$5="","",IFERROR(INDEX(FlTime,MATCH($E$5&"|PM|2",FlKey,0))&"","")) | I11: =IF($H$5="","",IFERROR(INDEX(FlCode,MATCH($H$5&"|PM|2",FlKey,0)),"")) | J11: =IF($H$5="","",IFERROR(INDEX(FlTime,MATCH($H$5&"|PM|2",FlKey,0))&"","")) | L11: =IF($K$5="","",IFERROR(INDEX(FlCode,MATCH($K$5&"|PM|2",FlKey,0)),"")) | M11: =IF($K$5="","",IFERROR(INDEX(FlTime,MATCH($K$5&"|PM|2",FlKey,0))&"","")) | O11: =IF($N$5="","",IFERROR(INDEX(FlCode,MATCH($N$5&"|PM|2",FlKey,0)),"")) | P11: =IF($N$5="","",IFERROR(INDEX(FlTime,MATCH($N$5&"|PM|2",FlKey,0))&"","")) | R11: =IF($Q$5="","",IFERROR(INDEX(FlCode,MATCH($Q$5&"|PM|2",FlKey,0)),"")) | S11: =IF($Q$5="","",IFERROR(INDEX(FlTime,MATCH($Q$5&"|PM|2",FlKey,0))&"","")) | U11: =IF($T$5="","",IFERROR(INDEX(FlCode,MATCH($T$5&"|PM|2",FlKey,0)),"")) | V11: =IF($T$5="","",IFERROR(INDEX(FlTime,MATCH($T$5&"|PM|2",FlKey,0))&"",""))
C12: =IF($B$5="","",IFERROR(INDEX(FlCode,MATCH($B$5&"|PM|3",FlKey,0)),"")) | D12: =IF($B$5="","",IFERROR(INDEX(FlTime,MATCH($B$5&"|PM|3",FlKey,0))&"","")) | F12: =IF($E$5="","",IFERROR(INDEX(FlCode,MATCH($E$5&"|PM|3",FlKey,0)),"")) | G12: =IF($E$5="","",IFERROR(INDEX(FlTime,MATCH($E$5&"|PM|3",FlKey,0))&"","")) | I12: =IF($H$5="","",IFERROR(INDEX(FlCode,MATCH($H$5&"|PM|3",FlKey,0)),"")) | J12: =IF($H$5="","",IFERROR(INDEX(FlTime,MATCH($H$5&"|PM|3",FlKey,0))&"","")) | L12: =IF($K$5="","",IFERROR(INDEX(FlCode,MATCH($K$5&"|PM|3",FlKey,0)),"")) | M12: =IF($K$5="","",IFERROR(INDEX(FlTime,MATCH($K$5&"|PM|3",FlKey,0))&"","")) | O12: =IF($N$5="","",IFERROR(INDEX(FlCode,MATCH($N$5&"|PM|3",FlKey,0)),"")) | P12: =IF($N$5="","",IFERROR(INDEX(FlTime,MATCH($N$5&"|PM|3",FlKey,0))&"","")) | R12: =IF($Q$5="","",IFERROR(INDEX(FlCode,MATCH($Q$5&"|PM|3",FlKey,0)),"")) | S12: =IF($Q$5="","",IFERROR(INDEX(FlTime,MATCH($Q$5&"|PM|3",FlKey,0))&"","")) | U12: =IF($T$5="","",IFERROR(INDEX(FlCode,MATCH($T$5&"|PM|3",FlKey,0)),"")) | V12: =IF($T$5="","",IFERROR(INDEX(FlTime,MATCH($T$5&"|PM|3",FlKey,0))&"",""))
B13: =IF($B$5="","","NIGHT"&IF(COUNTIFS(FlDate,$B$5,FlShift,"NIGHT",FlCode,"<>")>3,CHAR(10)&"+"&(COUNTIFS(FlDate,$B$5,FlShift,"NIGHT",FlCode,"<>")-3)&" more","")) | C13: =IF($B$5="","",IFERROR(INDEX(FlCode,MATCH($B$5&"|NIGHT|1",FlKey,0)),"")) | D13: =IF($B$5="","",IFERROR(INDEX(FlTime,MATCH($B$5&"|NIGHT|1",FlKey,0))&"","")) | E13: =IF($E$5="","","NIGHT"&IF(COUNTIFS(FlDate,$E$5,FlShift,"NIGHT",FlCode,"<>")>3,CHAR(10)&"+"&(COUNTIFS(FlDate,$E$5,FlShift,"NIGHT",FlCode,"<>")-3)&" more","")) | F13: =IF($E$5="","",IFERROR(INDEX(FlCode,MATCH($E$5&"|NIGHT|1",FlKey,0)),"")) | G13: =IF($E$5="","",IFERROR(INDEX(FlTime,MATCH($E$5&"|NIGHT|1",FlKey,0))&"","")) | H13: =IF($H$5="","","NIGHT"&IF(COUNTIFS(FlDate,$H$5,FlShift,"NIGHT",FlCode,"<>")>3,CHAR(10)&"+"&(COUNTIFS(FlDate,$H$5,FlShift,"NIGHT",FlCode,"<>")-3)&" more","")) | I13: =IF($H$5="","",IFERROR(INDEX(FlCode,MATCH($H$5&"|NIGHT|1",FlKey,0)),"")) | J13: =IF($H$5="","",IFERROR(INDEX(FlTime,MATCH($H$5&"|NIGHT|1",FlKey,0))&"","")) | K13: =IF($K$5="","","NIGHT"&IF(COUNTIFS(FlDate,$K$5,FlShift,"NIGHT",FlCode,"<>")>3,CHAR(10)&"+"&(COUNTIFS(FlDate,$K$5,FlShift,"NIGHT",FlCode,"<>")-3)&" more","")) | L13: =IF($K$5="","",IFERROR(INDEX(FlCode,MATCH($K$5&"|NIGHT|1",FlKey,0)),"")) | M13: =IF($K$5="","",IFERROR(INDEX(FlTime,MATCH($K$5&"|NIGHT|1",FlKey,0))&"","")) | N13: =IF($N$5="","","NIGHT"&IF(COUNTIFS(FlDate,$N$5,FlShift,"NIGHT",FlCode,"<>")>3,CHAR(10)&"+"&(COUNTIFS(FlDate,$N$5,FlShift,"NIGHT",FlCode,"<>")-3)&" more","")) | O13: =IF($N$5="","",IFERROR(INDEX(FlCode,MATCH($N$5&"|NIGHT|1",FlKey,0)),"")) | P13: =IF($N$5="","",IFERROR(INDEX(FlTime,MATCH($N$5&"|NIGHT|1",FlKey,0))&"","")) | Q13: =IF($Q$5="","","NIGHT"&IF(COUNTIFS(FlDate,$Q$5,FlShift,"NIGHT",FlCode,"<>")>3,CHAR(10)&"+"&(COUNTIFS(FlDate,$Q$5,FlShift,"NIGHT",FlCode,"<>")-3)&" more","")) | R13: =IF($Q$5="","",IFERROR(INDEX(FlCode,MATCH($Q$5&"|NIGHT|1",FlKey,0)),"")) | S13: =IF($Q$5="","",IFERROR(INDEX(FlTime,MATCH($Q$5&"|NIGHT|1",FlKey,0))&"","")) | T13: =IF($T$5="","","NIGHT"&IF(COUNTIFS(FlDate,$T$5,FlShift,"NIGHT",FlCode,"<>")>3,CHAR(10)&"+"&(COUNTIFS(FlDate,$T$5,FlShift,"NIGHT",FlCode,"<>")-3)&" more","")) | U13: =IF($T$5="","",IFERROR(INDEX(FlCode,MATCH($T$5&"|NIGHT|1",FlKey,0)),"")) | V13: =IF($T$5="","",IFERROR(INDEX(FlTime,MATCH($T$5&"|NIGHT|1",FlKey,0))&"",""))
C14: =IF($B$5="","",IFERROR(INDEX(FlCode,MATCH($B$5&"|NIGHT|2",FlKey,0)),"")) | D14: =IF($B$5="","",IFERROR(INDEX(FlTime,MATCH($B$5&"|NIGHT|2",FlKey,0))&"","")) | F14: =IF($E$5="","",IFERROR(INDEX(FlCode,MATCH($E$5&"|NIGHT|2",FlKey,0)),"")) | G14: =IF($E$5="","",IFERROR(INDEX(FlTime,MATCH($E$5&"|NIGHT|2",FlKey,0))&"","")) | I14: =IF($H$5="","",IFERROR(INDEX(FlCode,MATCH($H$5&"|NIGHT|2",FlKey,0)),"")) | J14: =IF($H$5="","",IFERROR(INDEX(FlTime,MATCH($H$5&"|NIGHT|2",FlKey,0))&"","")) | L14: =IF($K$5="","",IFERROR(INDEX(FlCode,MATCH($K$5&"|NIGHT|2",FlKey,0)),"")) | M14: =IF($K$5="","",IFERROR(INDEX(FlTime,MATCH($K$5&"|NIGHT|2",FlKey,0))&"","")) | O14: =IF($N$5="","",IFERROR(INDEX(FlCode,MATCH($N$5&"|NIGHT|2",FlKey,0)),"")) | P14: =IF($N$5="","",IFERROR(INDEX(FlTime,MATCH($N$5&"|NIGHT|2",FlKey,0))&"","")) | R14: =IF($Q$5="","",IFERROR(INDEX(FlCode,MATCH($Q$5&"|NIGHT|2",FlKey,0)),"")) | S14: =IF($Q$5="","",IFERROR(INDEX(FlTime,MATCH($Q$5&"|NIGHT|2",FlKey,0))&"","")) | U14: =IF($T$5="","",IFERROR(INDEX(FlCode,MATCH($T$5&"|NIGHT|2",FlKey,0)),"")) | V14: =IF($T$5="","",IFERROR(INDEX(FlTime,MATCH($T$5&"|NIGHT|2",FlKey,0))&"",""))
C15: =IF($B$5="","",IFERROR(INDEX(FlCode,MATCH($B$5&"|NIGHT|3",FlKey,0)),"")) | D15: =IF($B$5="","",IFERROR(INDEX(FlTime,MATCH($B$5&"|NIGHT|3",FlKey,0))&"","")) | F15: =IF($E$5="","",IFERROR(INDEX(FlCode,MATCH($E$5&"|NIGHT|3",FlKey,0)),"")) | G15: =IF($E$5="","",IFERROR(INDEX(FlTime,MATCH($E$5&"|NIGHT|3",FlKey,0))&"","")) | I15: =IF($H$5="","",IFERROR(INDEX(FlCode,MATCH($H$5&"|NIGHT|3",FlKey,0)),"")) | J15: =IF($H$5="","",IFERROR(INDEX(FlTime,MATCH($H$5&"|NIGHT|3",FlKey,0))&"","")) | L15: =IF($K$5="","",IFERROR(INDEX(FlCode,MATCH($K$5&"|NIGHT|3",FlKey,0)),"")) | M15: =IF($K$5="","",IFERROR(INDEX(FlTime,MATCH($K$5&"|NIGHT|3",FlKey,0))&"","")) | O15: =IF($N$5="","",IFERROR(INDEX(FlCode,MATCH($N$5&"|NIGHT|3",FlKey,0)),"")) | P15: =IF($N$5="","",IFERROR(INDEX(FlTime,MATCH($N$5&"|NIGHT|3",FlKey,0))&"","")) | R15: =IF($Q$5="","",IFERROR(INDEX(FlCode,MATCH($Q$5&"|NIGHT|3",FlKey,0)),"")) | S15: =IF($Q$5="","",IFERROR(INDEX(FlTime,MATCH($Q$5&"|NIGHT|3",FlKey,0))&"","")) | U15: =IF($T$5="","",IFERROR(INDEX(FlCode,MATCH($T$5&"|NIGHT|3",FlKey,0)),"")) | V15: =IF($T$5="","",IFERROR(INDEX(FlTime,MATCH($T$5&"|NIGHT|3",FlKey,0))&"",""))
B16: =IF(MONTH(DATE(PlanYear,1,1)-WEEKDAY(DATE(PlanYear,1,1),3)+7)=1,DATE(PlanYear,1,1)-WEEKDAY(DATE(PlanYear,1,1),3)+7,"") | D16: =IF($B$16="","",IF(IFERROR(INDEX(DayStat,$B$16-DATE(PlanYear,1,1)+1)&"","")<>"",0,SUMIFS(FlSorties,FlDate,$B$16))) | E16: =IF(MONTH(DATE(PlanYear,1,1)-WEEKDAY(DATE(PlanYear,1,1),3)+8)=1,DATE(PlanYear,1,1)-WEEKDAY(DATE(PlanYear,1,1),3)+8,"") | G16: =IF($E$16="","",IF(IFERROR(INDEX(DayStat,$E$16-DATE(PlanYear,1,1)+1)&"","")<>"",0,SUMIFS(FlSorties,FlDate,$E$16))) | H16: =IF(MONTH(DATE(PlanYear,1,1)-WEEKDAY(DATE(PlanYear,1,1),3)+9)=1,DATE(PlanYear,1,1)-WEEKDAY(DATE(PlanYear,1,1),3)+9,"") | J16: =IF($H$16="","",IF(IFERROR(INDEX(DayStat,$H$16-DATE(PlanYear,1,1)+1)&"","")<>"",0,SUMIFS(FlSorties,FlDate,$H$16))) | K16: =IF(MONTH(DATE(PlanYear,1,1)-WEEKDAY(DATE(PlanYear,1,1),3)+10)=1,DATE(PlanYear,1,1)-WEEKDAY(DATE(PlanYear,1,1),3)+10,"") | M16: =IF($K$16="","",IF(IFERROR(INDEX(DayStat,$K$16-DATE(PlanYear,1,1)+1)&"","")<>"",0,SUMIFS(FlSorties,FlDate,$K$16))) | N16: =IF(MONTH(DATE(PlanYear,1,1)-WEEKDAY(DATE(PlanYear,1,1),3)+11)=1,DATE(PlanYear,1,1)-WEEKDAY(DATE(PlanYear,1,1),3)+11,"") | P16: =IF($N$16="","",IF(IFERROR(INDEX(DayStat,$N$16-DATE(PlanYear,1,1)+1)&"","")<>"",0,SUMIFS(FlSorties,FlDate,$N$16))) | Q16: =IF(MONTH(DATE(PlanYear,1,1)-WEEKDAY(DATE(PlanYear,1,1),3)+12)=1,DATE(PlanYear,1,1)-WEEKDAY(DATE(PlanYear,1,1),3)+12,"") | S16: =IF($Q$16="","",IF(IFERROR(INDEX(DayStat,$Q$16-DATE(PlanYear,1,1)+1)&"","")<>"",0,SUMIFS(FlSorties,FlDate,$Q$16))) | T16: =IF(MONTH(DATE(PlanYear,1,1)-WEEKDAY(DATE(PlanYear,1,1),3)+13)=1,DATE(PlanYear,1,1)-WEEKDAY(DATE(PlanYear,1,1),3)+13,"") | V16: =IF($T$16="","",IF(IFERROR(INDEX(DayStat,$T$16-DATE(PlanYear,1,1)+1)&"","")<>"",0,SUMIFS(FlSorties,FlDate,$T$16)))
B17: =IF($B$16="","",IF(IFERROR(INDEX(DayStat,$B$16-DATE(PlanYear,1,1)+1)&"","")<>"",IFERROR(INDEX(DayStat,$B$16-DATE(PlanYear,1,1)+1)&"",""),IF(COUNTIF(GrDate,$B$16)=0,"","GND: "&INDEX(GrAct,MATCH($B$16,GrDate,0))&IF(COUNTIF(GrDate,$B$16)>1," +"&(COUNTIF(GrDate,$B$16)-1)&" more","")))) | E17: =IF($E$16="","",IF(IFERROR(INDEX(DayStat,$E$16-DATE(PlanYear,1,1)+1)&"","")<>"",IFERROR(INDEX(DayStat,$E$16-DATE(PlanYear,1,1)+1)&"",""),IF(COUNTIF(GrDate,$E$16)=0,"","GND: "&INDEX(GrAct,MATCH($E$16,GrDate,0))&IF(COUNTIF(GrDate,$E$16)>1," +"&(COUNTIF(GrDate,$E$16)-1)&" more","")))) | H17: =IF($H$16="","",IF(IFERROR(INDEX(DayStat,$H$16-DATE(PlanYear,1,1)+1)&"","")<>"",IFERROR(INDEX(DayStat,$H$16-DATE(PlanYear,1,1)+1)&"",""),IF(COUNTIF(GrDate,$H$16)=0,"","GND: "&INDEX(GrAct,MATCH($H$16,GrDate,0))&IF(COUNTIF(GrDate,$H$16)>1," +"&(COUNTIF(GrDate,$H$16)-1)&" more","")))) | K17: =IF($K$16="","",IF(IFERROR(INDEX(DayStat,$K$16-DATE(PlanYear,1,1)+1)&"","")<>"",IFERROR(INDEX(DayStat,$K$16-DATE(PlanYear,1,1)+1)&"",""),IF(COUNTIF(GrDate,$K$16)=0,"","GND: "&INDEX(GrAct,MATCH($K$16,GrDate,0))&IF(COUNTIF(GrDate,$K$16)>1," +"&(COUNTIF(GrDate,$K$16)-1)&" more","")))) | N17: =IF($N$16="","",IF(IFERROR(INDEX(DayStat,$N$16-DATE(PlanYear,1,1)+1)&"","")<>"",IFERROR(INDEX(DayStat,$N$16-DATE(PlanYear,1,1)+1)&"",""),IF(COUNTIF(GrDate,$N$16)=0,"","GND: "&INDEX(GrAct,MATCH($N$16,GrDate,0))&IF(COUNTIF(GrDate,$N$16)>1," +"&(COUNTIF(GrDate,$N$16)-1)&" more","")))) | Q17: =IF($Q$16="","",IF(IFERROR(INDEX(DayStat,$Q$16-DATE(PlanYear,1,1)+1)&"","")<>"",IFERROR(INDEX(DayStat,$Q$16-DATE(PlanYear,1,1)+1)&"",""),IF(COUNTIF(GrDate,$Q$16)=0,"","GND: "&INDEX(GrAct,MATCH($Q$16,GrDate,0))&IF(COUNTIF(GrDate,$Q$16)>1," +"&(COUNTIF(GrDate,$Q$16)-1)&" more","")))) | T17: =IF($T$16="","",IF(IFERROR(INDEX(DayStat,$T$16-DATE(PlanYear,1,1)+1)&"","")<>"",IFERROR(INDEX(DayStat,$T$16-DATE(PlanYear,1,1)+1)&"",""),IF(COUNTIF(GrDate,$T$16)=0,"","GND: "&INDEX(GrAct,MATCH($T$16,GrDate,0))&IF(COUNTIF(GrDate,$T$16)>1," +"&(COUNTIF(GrDate,$T$16)-1)&" more",""))))
B18: =IF($B$16="","","AM"&IF(COUNTIFS(FlDate,$B$16,FlShift,"AM",FlCode,"<>")>3,CHAR(10)&"+"&(COUNTIFS(FlDate,$B$16,FlShift,"AM",FlCode,"<>")-3)&" more","")) | C18: =IF($B$16="","",IFERROR(INDEX(FlCode,MATCH($B$16&"|AM|1",FlKey,0)),"")) | D18: =IF($B$16="","",IFERROR(INDEX(FlTime,MATCH($B$16&"|AM|1",FlKey,0))&"","")) | E18: =IF($E$16="","","AM"&IF(COUNTIFS(FlDate,$E$16,FlShift,"AM",FlCode,"<>")>3,CHAR(10)&"+"&(COUNTIFS(FlDate,$E$16,FlShift,"AM",FlCode,"<>")-3)&" more","")) | F18: =IF($E$16="","",IFERROR(INDEX(FlCode,MATCH($E$16&"|AM|1",FlKey,0)),"")) | G18: =IF($E$16="","",IFERROR(INDEX(FlTime,MATCH($E$16&"|AM|1",FlKey,0))&"","")) | H18: =IF($H$16="","","AM"&IF(COUNTIFS(FlDate,$H$16,FlShift,"AM",FlCode,"<>")>3,CHAR(10)&"+"&(COUNTIFS(FlDate,$H$16,FlShift,"AM",FlCode,"<>")-3)&" more","")) | I18: =IF($H$16="","",IFERROR(INDEX(FlCode,MATCH($H$16&"|AM|1",FlKey,0)),"")) | J18: =IF($H$16="","",IFERROR(INDEX(FlTime,MATCH($H$16&"|AM|1",FlKey,0))&"","")) | K18: =IF($K$16="","","AM"&IF(COUNTIFS(FlDate,$K$16,FlShift,"AM",FlCode,"<>")>3,CHAR(10)&"+"&(COUNTIFS(FlDate,$K$16,FlShift,"AM",FlCode,"<>")-3)&" more","")) | L18: =IF($K$16="","",IFERROR(INDEX(FlCode,MATCH($K$16&"|AM|1",FlKey,0)),"")) | M18: =IF($K$16="","",IFERROR(INDEX(FlTime,MATCH($K$16&"|AM|1",FlKey,0))&"","")) | N18: =IF($N$16="","","AM"&IF(COUNTIFS(FlDate,$N$16,FlShift,"AM",FlCode,"<>")>3,CHAR(10)&"+"&(COUNTIFS(FlDate,$N$16,FlShift,"AM",FlCode,"<>")-3)&" more","")) | O18: =IF($N$16="","",IFERROR(INDEX(FlCode,MATCH($N$16&"|AM|1",FlKey,0)),"")) | P18: =IF($N$16="","",IFERROR(INDEX(FlTime,MATCH($N$16&"|AM|1",FlKey,0))&"","")) | Q18: =IF($Q$16="","","AM"&IF(COUNTIFS(FlDate,$Q$16,FlShift,"AM",FlCode,"<>")>3,CHAR(10)&"+"&(COUNTIFS(FlDate,$Q$16,FlShift,"AM",FlCode,"<>")-3)&" more","")) | R18: =IF($Q$16="","",IFERROR(INDEX(FlCode,MATCH($Q$16&"|AM|1",FlKey,0)),"")) | S18: =IF($Q$16="","",IFERROR(INDEX(FlTime,MATCH($Q$16&"|AM|1",FlKey,0))&"","")) | T18: =IF($T$16="","","AM"&IF(COUNTIFS(FlDate,$T$16,FlShift,"AM",FlCode,"<>")>3,CHAR(10)&"+"&(COUNTIFS(FlDate,$T$16,FlShift,"AM",FlCode,"<>")-3)&" more","")) | U18: =IF($T$16="","",IFERROR(INDEX(FlCode,MATCH($T$16&"|AM|1",FlKey,0)),"")) | V18: =IF($T$16="","",IFERROR(INDEX(FlTime,MATCH($T$16&"|AM|1",FlKey,0))&"",""))
C19: =IF($B$16="","",IFERROR(INDEX(FlCode,MATCH($B$16&"|AM|2",FlKey,0)),"")) | D19: =IF($B$16="","",IFERROR(INDEX(FlTime,MATCH($B$16&"|AM|2",FlKey,0))&"","")) | F19: =IF($E$16="","",IFERROR(INDEX(FlCode,MATCH($E$16&"|AM|2",FlKey,0)),"")) | G19: =IF($E$16="","",IFERROR(INDEX(FlTime,MATCH($E$16&"|AM|2",FlKey,0))&"","")) | I19: =IF($H$16="","",IFERROR(INDEX(FlCode,MATCH($H$16&"|AM|2",FlKey,0)),"")) | J19: =IF($H$16="","",IFERROR(INDEX(FlTime,MATCH($H$16&"|AM|2",FlKey,0))&"","")) | L19: =IF($K$16="","",IFERROR(INDEX(FlCode,MATCH($K$16&"|AM|2",FlKey,0)),"")) | M19: =IF($K$16="","",IFERROR(INDEX(FlTime,MATCH($K$16&"|AM|2",FlKey,0))&"","")) | O19: =IF($N$16="","",IFERROR(INDEX(FlCode,MATCH($N$16&"|AM|2",FlKey,0)),"")) | P19: =IF($N$16="","",IFERROR(INDEX(FlTime,MATCH($N$16&"|AM|2",FlKey,0))&"","")) | R19: =IF($Q$16="","",IFERROR(INDEX(FlCode,MATCH($Q$16&"|AM|2",FlKey,0)),"")) | S19: =IF($Q$16="","",IFERROR(INDEX(FlTime,MATCH($Q$16&"|AM|2",FlKey,0))&"","")) | U19: =IF($T$16="","",IFERROR(INDEX(FlCode,MATCH($T$16&"|AM|2",FlKey,0)),"")) | V19: =IF($T$16="","",IFERROR(INDEX(FlTime,MATCH($T$16&"|AM|2",FlKey,0))&"",""))
C20: =IF($B$16="","",IFERROR(INDEX(FlCode,MATCH($B$16&"|AM|3",FlKey,0)),"")) | D20: =IF($B$16="","",IFERROR(INDEX(FlTime,MATCH($B$16&"|AM|3",FlKey,0))&"","")) | F20: =IF($E$16="","",IFERROR(INDEX(FlCode,MATCH($E$16&"|AM|3",FlKey,0)),"")) | G20: =IF($E$16="","",IFERROR(INDEX(FlTime,MATCH($E$16&"|AM|3",FlKey,0))&"","")) | I20: =IF($H$16="","",IFERROR(INDEX(FlCode,MATCH($H$16&"|AM|3",FlKey,0)),"")) | J20: =IF($H$16="","",IFERROR(INDEX(FlTime,MATCH($H$16&"|AM|3",FlKey,0))&"","")) | L20: =IF($K$16="","",IFERROR(INDEX(FlCode,MATCH($K$16&"|AM|3",FlKey,0)),"")) | M20: =IF($K$16="","",IFERROR(INDEX(FlTime,MATCH($K$16&"|AM|3",FlKey,0))&"","")) | O20: =IF($N$16="","",IFERROR(INDEX(FlCode,MATCH($N$16&"|AM|3",FlKey,0)),"")) | P20: =IF($N$16="","",IFERROR(INDEX(FlTime,MATCH($N$16&"|AM|3",FlKey,0))&"","")) | R20: =IF($Q$16="","",IFERROR(INDEX(FlCode,MATCH($Q$16&"|AM|3",FlKey,0)),"")) | S20: =IF($Q$16="","",IFERROR(INDEX(FlTime,MATCH($Q$16&"|AM|3",FlKey,0))&"","")) | U20: =IF($T$16="","",IFERROR(INDEX(FlCode,MATCH($T$16&"|AM|3",FlKey,0)),"")) | V20: =IF($T$16="","",IFERROR(INDEX(FlTime,MATCH($T$16&"|AM|3",FlKey,0))&"",""))
B21: =IF($B$16="","","PM"&IF(COUNTIFS(FlDate,$B$16,FlShift,"PM",FlCode,"<>")>3,CHAR(10)&"+"&(COUNTIFS(FlDate,$B$16,FlShift,"PM",FlCode,"<>")-3)&" more","")) | C21: =IF($B$16="","",IFERROR(INDEX(FlCode,MATCH($B$16&"|PM|1",FlKey,0)),"")) | D21: =IF($B$16="","",IFERROR(INDEX(FlTime,MATCH($B$16&"|PM|1",FlKey,0))&"","")) | E21: =IF($E$16="","","PM"&IF(COUNTIFS(FlDate,$E$16,FlShift,"PM",FlCode,"<>")>3,CHAR(10)&"+"&(COUNTIFS(FlDate,$E$16,FlShift,"PM",FlCode,"<>")-3)&" more","")) | F21: =IF($E$16="","",IFERROR(INDEX(FlCode,MATCH($E$16&"|PM|1",FlKey,0)),"")) | G21: =IF($E$16="","",IFERROR(INDEX(FlTime,MATCH($E$16&"|PM|1",FlKey,0))&"","")) | H21: =IF($H$16="","","PM"&IF(COUNTIFS(FlDate,$H$16,FlShift,"PM",FlCode,"<>")>3,CHAR(10)&"+"&(COUNTIFS(FlDate,$H$16,FlShift,"PM",FlCode,"<>")-3)&" more","")) | I21: =IF($H$16="","",IFERROR(INDEX(FlCode,MATCH($H$16&"|PM|1",FlKey,0)),"")) | J21: =IF($H$16="","",IFERROR(INDEX(FlTime,MATCH($H$16&"|PM|1",FlKey,0))&"","")) | K21: =IF($K$16="","","PM"&IF(COUNTIFS(FlDate,$K$16,FlShift,"PM",FlCode,"<>")>3,CHAR(10)&"+"&(COUNTIFS(FlDate,$K$16,FlShift,"PM",FlCode,"<>")-3)&" more","")) | L21: =IF($K$16="","",IFERROR(INDEX(FlCode,MATCH($K$16&"|PM|1",FlKey,0)),"")) | M21: =IF($K$16="","",IFERROR(INDEX(FlTime,MATCH($K$16&"|PM|1",FlKey,0))&"","")) | N21: =IF($N$16="","","PM"&IF(COUNTIFS(FlDate,$N$16,FlShift,"PM",FlCode,"<>")>3,CHAR(10)&"+"&(COUNTIFS(FlDate,$N$16,FlShift,"PM",FlCode,"<>")-3)&" more","")) | O21: =IF($N$16="","",IFERROR(INDEX(FlCode,MATCH($N$16&"|PM|1",FlKey,0)),"")) | P21: =IF($N$16="","",IFERROR(INDEX(FlTime,MATCH($N$16&"|PM|1",FlKey,0))&"","")) | Q21: =IF($Q$16="","","PM"&IF(COUNTIFS(FlDate,$Q$16,FlShift,"PM",FlCode,"<>")>3,CHAR(10)&"+"&(COUNTIFS(FlDate,$Q$16,FlShift,"PM",FlCode,"<>")-3)&" more","")) | R21: =IF($Q$16="","",IFERROR(INDEX(FlCode,MATCH($Q$16&"|PM|1",FlKey,0)),"")) | S21: =IF($Q$16="","",IFERROR(INDEX(FlTime,MATCH($Q$16&"|PM|1",FlKey,0))&"","")) | T21: =IF($T$16="","","PM"&IF(COUNTIFS(FlDate,$T$16,FlShift,"PM",FlCode,"<>")>3,CHAR(10)&"+"&(COUNTIFS(FlDate,$T$16,FlShift,"PM",FlCode,"<>")-3)&" more","")) | U21: =IF($T$16="","",IFERROR(INDEX(FlCode,MATCH($T$16&"|PM|1",FlKey,0)),"")) | V21: =IF($T$16="","",IFERROR(INDEX(FlTime,MATCH($T$16&"|PM|1",FlKey,0))&"",""))
C22: =IF($B$16="","",IFERROR(INDEX(FlCode,MATCH($B$16&"|PM|2",FlKey,0)),"")) | D22: =IF($B$16="","",IFERROR(INDEX(FlTime,MATCH($B$16&"|PM|2",FlKey,0))&"","")) | F22: =IF($E$16="","",IFERROR(INDEX(FlCode,MATCH($E$16&"|PM|2",FlKey,0)),"")) | G22: =IF($E$16="","",IFERROR(INDEX(FlTime,MATCH($E$16&"|PM|2",FlKey,0))&"","")) | I22: =IF($H$16="","",IFERROR(INDEX(FlCode,MATCH($H$16&"|PM|2",FlKey,0)),"")) | J22: =IF($H$16="","",IFERROR(INDEX(FlTime,MATCH($H$16&"|PM|2",FlKey,0))&"","")) | L22: =IF($K$16="","",IFERROR(INDEX(FlCode,MATCH($K$16&"|PM|2",FlKey,0)),"")) | M22: =IF($K$16="","",IFERROR(INDEX(FlTime,MATCH($K$16&"|PM|2",FlKey,0))&"","")) | O22: =IF($N$16="","",IFERROR(INDEX(FlCode,MATCH($N$16&"|PM|2",FlKey,0)),"")) | P22: =IF($N$16="","",IFERROR(INDEX(FlTime,MATCH($N$16&"|PM|2",FlKey,0))&"","")) | R22: =IF($Q$16="","",IFERROR(INDEX(FlCode,MATCH($Q$16&"|PM|2",FlKey,0)),"")) | S22: =IF($Q$16="","",IFERROR(INDEX(FlTime,MATCH($Q$16&"|PM|2",FlKey,0))&"","")) | U22: =IF($T$16="","",IFERROR(INDEX(FlCode,MATCH($T$16&"|PM|2",FlKey,0)),"")) | V22: =IF($T$16="","",IFERROR(INDEX(FlTime,MATCH($T$16&"|PM|2",FlKey,0))&"",""))
C23: =IF($B$16="","",IFERROR(INDEX(FlCode,MATCH($B$16&"|PM|3",FlKey,0)),"")) | D23: =IF($B$16="","",IFERROR(INDEX(FlTime,MATCH($B$16&"|PM|3",FlKey,0))&"","")) | F23: =IF($E$16="","",IFERROR(INDEX(FlCode,MATCH($E$16&"|PM|3",FlKey,0)),"")) | G23: =IF($E$16="","",IFERROR(INDEX(FlTime,MATCH($E$16&"|PM|3",FlKey,0))&"","")) | I23: =IF($H$16="","",IFERROR(INDEX(FlCode,MATCH($H$16&"|PM|3",FlKey,0)),"")) | J23: =IF($H$16="","",IFERROR(INDEX(FlTime,MATCH($H$16&"|PM|3",FlKey,0))&"","")) | L23: =IF($K$16="","",IFERROR(INDEX(FlCode,MATCH($K$16&"|PM|3",FlKey,0)),"")) | M23: =IF($K$16="","",IFERROR(INDEX(FlTime,MATCH($K$16&"|PM|3",FlKey,0))&"","")) | O23: =IF($N$16="","",IFERROR(INDEX(FlCode,MATCH($N$16&"|PM|3",FlKey,0)),"")) | P23: =IF($N$16="","",IFERROR(INDEX(FlTime,MATCH($N$16&"|PM|3",FlKey,0))&"","")) | R23: =IF($Q$16="","",IFERROR(INDEX(FlCode,MATCH($Q$16&"|PM|3",FlKey,0)),"")) | S23: =IF($Q$16="","",IFERROR(INDEX(FlTime,MATCH($Q$16&"|PM|3",FlKey,0))&"","")) | U23: =IF($T$16="","",IFERROR(INDEX(FlCode,MATCH($T$16&"|PM|3",FlKey,0)),"")) | V23: =IF($T$16="","",IFERROR(INDEX(FlTime,MATCH($T$16&"|PM|3",FlKey,0))&"",""))
B24: =IF($B$16="","","NIGHT"&IF(COUNTIFS(FlDate,$B$16,FlShift,"NIGHT",FlCode,"<>")>3,CHAR(10)&"+"&(COUNTIFS(FlDate,$B$16,FlShift,"NIGHT",FlCode,"<>")-3)&" more","")) | C24: =IF($B$16="","",IFERROR(INDEX(FlCode,MATCH($B$16&"|NIGHT|1",FlKey,0)),"")) | D24: =IF($B$16="","",IFERROR(INDEX(FlTime,MATCH($B$16&"|NIGHT|1",FlKey,0))&"","")) | E24: =IF($E$16="","","NIGHT"&IF(COUNTIFS(FlDate,$E$16,FlShift,"NIGHT",FlCode,"<>")>3,CHAR(10)&"+"&(COUNTIFS(FlDate,$E$16,FlShift,"NIGHT",FlCode,"<>")-3)&" more","")) | F24: =IF($E$16="","",IFERROR(INDEX(FlCode,MATCH($E$16&"|NIGHT|1",FlKey,0)),"")) | G24: =IF($E$16="","",IFERROR(INDEX(FlTime,MATCH($E$16&"|NIGHT|1",FlKey,0))&"","")) | H24: =IF($H$16="","","NIGHT"&IF(COUNTIFS(FlDate,$H$16,FlShift,"NIGHT",FlCode,"<>")>3,CHAR(10)&"+"&(COUNTIFS(FlDate,$H$16,FlShift,"NIGHT",FlCode,"<>")-3)&" more","")) | I24: =IF($H$16="","",IFERROR(INDEX(FlCode,MATCH($H$16&"|NIGHT|1",FlKey,0)),"")) | J24: =IF($H$16="","",IFERROR(INDEX(FlTime,MATCH($H$16&"|NIGHT|1",FlKey,0))&"","")) | K24: =IF($K$16="","","NIGHT"&IF(COUNTIFS(FlDate,$K$16,FlShift,"NIGHT",FlCode,"<>")>3,CHAR(10)&"+"&(COUNTIFS(FlDate,$K$16,FlShift,"NIGHT",FlCode,"<>")-3)&" more","")) | L24: =IF($K$16="","",IFERROR(INDEX(FlCode,MATCH($K$16&"|NIGHT|1",FlKey,0)),"")) | M24: =IF($K$16="","",IFERROR(INDEX(FlTime,MATCH($K$16&"|NIGHT|1",FlKey,0))&"","")) | N24: =IF($N$16="","","NIGHT"&IF(COUNTIFS(FlDate,$N$16,FlShift,"NIGHT",FlCode,"<>")>3,CHAR(10)&"+"&(COUNTIFS(FlDate,$N$16,FlShift,"NIGHT",FlCode,"<>")-3)&" more","")) | O24: =IF($N$16="","",IFERROR(INDEX(FlCode,MATCH($N$16&"|NIGHT|1",FlKey,0)),"")) | P24: =IF($N$16="","",IFERROR(INDEX(FlTime,MATCH($N$16&"|NIGHT|1",FlKey,0))&"","")) | Q24: =IF($Q$16="","","NIGHT"&IF(COUNTIFS(FlDate,$Q$16,FlShift,"NIGHT",FlCode,"<>")>3,CHAR(10)&"+"&(COUNTIFS(FlDate,$Q$16,FlShift,"NIGHT",FlCode,"<>")-3)&" more","")) | R24: =IF($Q$16="","",IFERROR(INDEX(FlCode,MATCH($Q$16&"|NIGHT|1",FlKey,0)),"")) | S24: =IF($Q$16="","",IFERROR(INDEX(FlTime,MATCH($Q$16&"|NIGHT|1",FlKey,0))&"","")) | T24: =IF($T$16="","","NIGHT"&IF(COUNTIFS(FlDate,$T$16,FlShift,"NIGHT",FlCode,"<>")>3,CHAR(10)&"+"&(COUNTIFS(FlDate,$T$16,FlShift,"NIGHT",FlCode,"<>")-3)&" more","")) | U24: =IF($T$16="","",IFERROR(INDEX(FlCode,MATCH($T$16&"|NIGHT|1",FlKey,0)),"")) | V24: =IF($T$16="","",IFERROR(INDEX(FlTime,MATCH($T$16&"|NIGHT|1",FlKey,0))&"",""))
C25: =IF($B$16="","",IFERROR(INDEX(FlCode,MATCH($B$16&"|NIGHT|2",FlKey,0)),"")) | D25: =IF($B$16="","",IFERROR(INDEX(FlTime,MATCH($B$16&"|NIGHT|2",FlKey,0))&"","")) | F25: =IF($E$16="","",IFERROR(INDEX(FlCode,MATCH($E$16&"|NIGHT|2",FlKey,0)),"")) | G25: =IF($E$16="","",IFERROR(INDEX(FlTime,MATCH($E$16&"|NIGHT|2",FlKey,0))&"","")) | I25: =IF($H$16="","",IFERROR(INDEX(FlCode,MATCH($H$16&"|NIGHT|2",FlKey,0)),"")) | J25: =IF($H$16="","",IFERROR(INDEX(FlTime,MATCH($H$16&"|NIGHT|2",FlKey,0))&"","")) | L25: =IF($K$16="","",IFERROR(INDEX(FlCode,MATCH($K$16&"|NIGHT|2",FlKey,0)),"")) | M25: =IF($K$16="","",IFERROR(INDEX(FlTime,MATCH($K$16&"|NIGHT|2",FlKey,0))&"","")) | O25: =IF($N$16="","",IFERROR(INDEX(FlCode,MATCH($N$16&"|NIGHT|2",FlKey,0)),"")) | P25: =IF($N$16="","",IFERROR(INDEX(FlTime,MATCH($N$16&"|NIGHT|2",FlKey,0))&"","")) | R25: =IF($Q$16="","",IFERROR(INDEX(FlCode,MATCH($Q$16&"|NIGHT|2",FlKey,0)),"")) | S25: =IF($Q$16="","",IFERROR(INDEX(FlTime,MATCH($Q$16&"|NIGHT|2",FlKey,0))&"","")) | U25: =IF($T$16="","",IFERROR(INDEX(FlCode,MATCH($T$16&"|NIGHT|2",FlKey,0)),"")) | V25: =IF($T$16="","",IFERROR(INDEX(FlTime,MATCH($T$16&"|NIGHT|2",FlKey,0))&"",""))
C26: =IF($B$16="","",IFERROR(INDEX(FlCode,MATCH($B$16&"|NIGHT|3",FlKey,0)),"")) | D26: =IF($B$16="","",IFERROR(INDEX(FlTime,MATCH($B$16&"|NIGHT|3",FlKey,0))&"","")) | F26: =IF($E$16="","",IFERROR(INDEX(FlCode,MATCH($E$16&"|NIGHT|3",FlKey,0)),"")) | G26: =IF($E$16="","",IFERROR(INDEX(FlTime,MATCH($E$16&"|NIGHT|3",FlKey,0))&"","")) | I26: =IF($H$16="","",IFERROR(INDEX(FlCode,MATCH($H$16&"|NIGHT|3",FlKey,0)),"")) | J26: =IF($H$16="","",IFERROR(INDEX(FlTime,MATCH($H$16&"|NIGHT|3",FlKey,0))&"","")) | L26: =IF($K$16="","",IFERROR(INDEX(FlCode,MATCH($K$16&"|NIGHT|3",FlKey,0)),"")) | M26: =IF($K$16="","",IFERROR(INDEX(FlTime,MATCH($K$16&"|NIGHT|3",FlKey,0))&"","")) | O26: =IF($N$16="","",IFERROR(INDEX(FlCode,MATCH($N$16&"|NIGHT|3",FlKey,0)),"")) | P26: =IF($N$16="","",IFERROR(INDEX(FlTime,MATCH($N$16&"|NIGHT|3",FlKey,0))&"","")) | R26: =IF($Q$16="","",IFERROR(INDEX(FlCode,MATCH($Q$16&"|NIGHT|3",FlKey,0)),"")) | S26: =IF($Q$16="","",IFERROR(INDEX(FlTime,MATCH($Q$16&"|NIGHT|3",FlKey,0))&"","")) | U26: =IF($T$16="","",IFERROR(INDEX(FlCode,MATCH($T$16&"|NIGHT|3",FlKey,0)),"")) | V26: =IF($T$16="","",IFERROR(INDEX(FlTime,MATCH($T$16&"|NIGHT|3",FlKey,0))&"",""))
B27: =IF(MONTH(DATE(PlanYear,1,1)-WEEKDAY(DATE(PlanYear,1,1),3)+14)=1,DATE(PlanYear,1,1)-WEEKDAY(DATE(PlanYear,1,1),3)+14,"") | D27: =IF($B$27="","",IF(IFERROR(INDEX(DayStat,$B$27-DATE(PlanYear,1,1)+1)&"","")<>"",0,SUMIFS(FlSorties,FlDate,$B$27))) | E27: =IF(MONTH(DATE(PlanYear,1,1)-WEEKDAY(DATE(PlanYear,1,1),3)+15)=1,DATE(PlanYear,1,1)-WEEKDAY(DATE(PlanYear,1,1),3)+15,"") | G27: =IF($E$27="","",IF(IFERROR(INDEX(DayStat,$E$27-DATE(PlanYear,1,1)+1)&"","")<>"",0,SUMIFS(FlSorties,FlDate,$E$27))) | H27: =IF(MONTH(DATE(PlanYear,1,1)-WEEKDAY(DATE(PlanYear,1,1),3)+16)=1,DATE(PlanYear,1,1)-WEEKDAY(DATE(PlanYear,1,1),3)+16,"") | J27: =IF($H$27="","",IF(IFERROR(INDEX(DayStat,$H$27-DATE(PlanYear,1,1)+1)&"","")<>"",0,SUMIFS(FlSorties,FlDate,$H$27))) | K27: =IF(MONTH(DATE(PlanYear,1,1)-WEEKDAY(DATE(PlanYear,1,1),3)+17)=1,DATE(PlanYear,1,1)-WEEKDAY(DATE(PlanYear,1,1),3)+17,"") | M27: =IF($K$27="","",IF(IFERROR(INDEX(DayStat,$K$27-DATE(PlanYear,1,1)+1)&"","")<>"",0,SUMIFS(FlSorties,FlDate,$K$27))) | N27: =IF(MONTH(DATE(PlanYear,1,1)-WEEKDAY(DATE(PlanYear,1,1),3)+18)=1,DATE(PlanYear,1,1)-WEEKDAY(DATE(PlanYear,1,1),3)+18,"") | P27: =IF($N$27="","",IF(IFERROR(INDEX(DayStat,$N$27-DATE(PlanYear,1,1)+1)&"","")<>"",0,SUMIFS(FlSorties,FlDate,$N$27))) | Q27: =IF(MONTH(DATE(PlanYear,1,1)-WEEKDAY(DATE(PlanYear,1,1),3)+19)=1,DATE(PlanYear,1,1)-WEEKDAY(DATE(PlanYear,1,1),3)+19,"") | S27: =IF($Q$27="","",IF(IFERROR(INDEX(DayStat,$Q$27-DATE(PlanYear,1,1)+1)&"","")<>"",0,SUMIFS(FlSorties,FlDate,$Q$27))) | T27: =IF(MONTH(DATE(PlanYear,1,1)-WEEKDAY(DATE(PlanYear,1,1),3)+20)=1,DATE(PlanYear,1,1)-WEEKDAY(DATE(PlanYear,1,1),3)+20,"") | V27: =IF($T$27="","",IF(IFERROR(INDEX(DayStat,$T$27-DATE(PlanYear,1,1)+1)&"","")<>"",0,SUMIFS(FlSorties,FlDate,$T$27)))
B28: =IF($B$27="","",IF(IFERROR(INDEX(DayStat,$B$27-DATE(PlanYear,1,1)+1)&"","")<>"",IFERROR(INDEX(DayStat,$B$27-DATE(PlanYear,1,1)+1)&"",""),IF(COUNTIF(GrDate,$B$27)=0,"","GND: "&INDEX(GrAct,MATCH($B$27,GrDate,0))&IF(COUNTIF(GrDate,$B$27)>1," +"&(COUNTIF(GrDate,$B$27)-1)&" more","")))) | E28: =IF($E$27="","",IF(IFERROR(INDEX(DayStat,$E$27-DATE(PlanYear,1,1)+1)&"","")<>"",IFERROR(INDEX(DayStat,$E$27-DATE(PlanYear,1,1)+1)&"",""),IF(COUNTIF(GrDate,$E$27)=0,"","GND: "&INDEX(GrAct,MATCH($E$27,GrDate,0))&IF(COUNTIF(GrDate,$E$27)>1," +"&(COUNTIF(GrDate,$E$27)-1)&" more","")))) | H28: =IF($H$27="","",IF(IFERROR(INDEX(DayStat,$H$27-DATE(PlanYear,1,1)+1)&"","")<>"",IFERROR(INDEX(DayStat,$H$27-DATE(PlanYear,1,1)+1)&"",""),IF(COUNTIF(GrDate,$H$27)=0,"","GND: "&INDEX(GrAct,MATCH($H$27,GrDate,0))&IF(COUNTIF(GrDate,$H$27)>1," +"&(COUNTIF(GrDate,$H$27)-1)&" more","")))) | K28: =IF($K$27="","",IF(IFERROR(INDEX(DayStat,$K$27-DATE(PlanYear,1,1)+1)&"","")<>"",IFERROR(INDEX(DayStat,$K$27-DATE(PlanYear,1,1)+1)&"",""),IF(COUNTIF(GrDate,$K$27)=0,"","GND: "&INDEX(GrAct,MATCH($K$27,GrDate,0))&IF(COUNTIF(GrDate,$K$27)>1," +"&(COUNTIF(GrDate,$K$27)-1)&" more","")))) | N28: =IF($N$27="","",IF(IFERROR(INDEX(DayStat,$N$27-DATE(PlanYear,1,1)+1)&"","")<>"",IFERROR(INDEX(DayStat,$N$27-DATE(PlanYear,1,1)+1)&"",""),IF(COUNTIF(GrDate,$N$27)=0,"","GND: "&INDEX(GrAct,MATCH($N$27,GrDate,0))&IF(COUNTIF(GrDate,$N$27)>1," +"&(COUNTIF(GrDate,$N$27)-1)&" more","")))) | Q28: =IF($Q$27="","",IF(IFERROR(INDEX(DayStat,$Q$27-DATE(PlanYear,1,1)+1)&"","")<>"",IFERROR(INDEX(DayStat,$Q$27-DATE(PlanYear,1,1)+1)&"",""),IF(COUNTIF(GrDate,$Q$27)=0,"","GND: "&INDEX(GrAct,MATCH($Q$27,GrDate,0))&IF(COUNTIF(GrDate,$Q$27)>1," +"&(COUNTIF(GrDate,$Q$27)-1)&" more","")))) | T28: =IF($T$27="","",IF(IFERROR(INDEX(DayStat,$T$27-DATE(PlanYear,1,1)+1)&"","")<>"",IFERROR(INDEX(DayStat,$T$27-DATE(PlanYear,1,1)+1)&"",""),IF(COUNTIF(GrDate,$T$27)=0,"","GND: "&INDEX(GrAct,MATCH($T$27,GrDate,0))&IF(COUNTIF(GrDate,$T$27)>1," +"&(COUNTIF(GrDate,$T$27)-1)&" more",""))))
B29: =IF($B$27="","","AM"&IF(COUNTIFS(FlDate,$B$27,FlShift,"AM",FlCode,"<>")>3,CHAR(10)&"+"&(COUNTIFS(FlDate,$B$27,FlShift,"AM",FlCode,"<>")-3)&" more","")) | C29: =IF($B$27="","",IFERROR(INDEX(FlCode,MATCH($B$27&"|AM|1",FlKey,0)),"")) | D29: =IF($B$27="","",IFERROR(INDEX(FlTime,MATCH($B$27&"|AM|1",FlKey,0))&"","")) | E29: =IF($E$27="","","AM"&IF(COUNTIFS(FlDate,$E$27,FlShift,"AM",FlCode,"<>")>3,CHAR(10)&"+"&(COUNTIFS(FlDate,$E$27,FlShift,"AM",FlCode,"<>")-3)&" more","")) | F29: =IF($E$27="","",IFERROR(INDEX(FlCode,MATCH($E$27&"|AM|1",FlKey,0)),"")) | G29: =IF($E$27="","",IFERROR(INDEX(FlTime,MATCH($E$27&"|AM|1",FlKey,0))&"","")) | H29: =IF($H$27="","","AM"&IF(COUNTIFS(FlDate,$H$27,FlShift,"AM",FlCode,"<>")>3,CHAR(10)&"+"&(COUNTIFS(FlDate,$H$27,FlShift,"AM",FlCode,"<>")-3)&" more","")) | I29: =IF($H$27="","",IFERROR(INDEX(FlCode,MATCH($H$27&"|AM|1",FlKey,0)),"")) | J29: =IF($H$27="","",IFERROR(INDEX(FlTime,MATCH($H$27&"|AM|1",FlKey,0))&"","")) | K29: =IF($K$27="","","AM"&IF(COUNTIFS(FlDate,$K$27,FlShift,"AM",FlCode,"<>")>3,CHAR(10)&"+"&(COUNTIFS(FlDate,$K$27,FlShift,"AM",FlCode,"<>")-3)&" more","")) | L29: =IF($K$27="","",IFERROR(INDEX(FlCode,MATCH($K$27&"|AM|1",FlKey,0)),"")) | M29: =IF($K$27="","",IFERROR(INDEX(FlTime,MATCH($K$27&"|AM|1",FlKey,0))&"","")) | N29: =IF($N$27="","","AM"&IF(COUNTIFS(FlDate,$N$27,FlShift,"AM",FlCode,"<>")>3,CHAR(10)&"+"&(COUNTIFS(FlDate,$N$27,FlShift,"AM",FlCode,"<>")-3)&" more","")) | O29: =IF($N$27="","",IFERROR(INDEX(FlCode,MATCH($N$27&"|AM|1",FlKey,0)),"")) | P29: =IF($N$27="","",IFERROR(INDEX(FlTime,MATCH($N$27&"|AM|1",FlKey,0))&"","")) | Q29: =IF($Q$27="","","AM"&IF(COUNTIFS(FlDate,$Q$27,FlShift,"AM",FlCode,"<>")>3,CHAR(10)&"+"&(COUNTIFS(FlDate,$Q$27,FlShift,"AM",FlCode,"<>")-3)&" more","")) | R29: =IF($Q$27="","",IFERROR(INDEX(FlCode,MATCH($Q$27&"|AM|1",FlKey,0)),"")) | S29: =IF($Q$27="","",IFERROR(INDEX(FlTime,MATCH($Q$27&"|AM|1",FlKey,0))&"","")) | T29: =IF($T$27="","","AM"&IF(COUNTIFS(FlDate,$T$27,FlShift,"AM",FlCode,"<>")>3,CHAR(10)&"+"&(COUNTIFS(FlDate,$T$27,FlShift,"AM",FlCode,"<>")-3)&" more","")) | U29: =IF($T$27="","",IFERROR(INDEX(FlCode,MATCH($T$27&"|AM|1",FlKey,0)),"")) | V29: =IF($T$27="","",IFERROR(INDEX(FlTime,MATCH($T$27&"|AM|1",FlKey,0))&"",""))
C30: =IF($B$27="","",IFERROR(INDEX(FlCode,MATCH($B$27&"|AM|2",FlKey,0)),"")) | D30: =IF($B$27="","",IFERROR(INDEX(FlTime,MATCH($B$27&"|AM|2",FlKey,0))&"","")) | F30: =IF($E$27="","",IFERROR(INDEX(FlCode,MATCH($E$27&"|AM|2",FlKey,0)),"")) | G30: =IF($E$27="","",IFERROR(INDEX(FlTime,MATCH($E$27&"|AM|2",FlKey,0))&"","")) | I30: =IF($H$27="","",IFERROR(INDEX(FlCode,MATCH($H$27&"|AM|2",FlKey,0)),"")) | J30: =IF($H$27="","",IFERROR(INDEX(FlTime,MATCH($H$27&"|AM|2",FlKey,0))&"","")) | L30: =IF($K$27="","",IFERROR(INDEX(FlCode,MATCH($K$27&"|AM|2",FlKey,0)),"")) | M30: =IF($K$27="","",IFERROR(INDEX(FlTime,MATCH($K$27&"|AM|2",FlKey,0))&"","")) | O30: =IF($N$27="","",IFERROR(INDEX(FlCode,MATCH($N$27&"|AM|2",FlKey,0)),"")) | P30: =IF($N$27="","",IFERROR(INDEX(FlTime,MATCH($N$27&"|AM|2",FlKey,0))&"","")) | R30: =IF($Q$27="","",IFERROR(INDEX(FlCode,MATCH($Q$27&"|AM|2",FlKey,0)),"")) | S30: =IF($Q$27="","",IFERROR(INDEX(FlTime,MATCH($Q$27&"|AM|2",FlKey,0))&"","")) | U30: =IF($T$27="","",IFERROR(INDEX(FlCode,MATCH($T$27&"|AM|2",FlKey,0)),"")) | V30: =IF($T$27="","",IFERROR(INDEX(FlTime,MATCH($T$27&"|AM|2",FlKey,0))&"",""))
C31: =IF($B$27="","",IFERROR(INDEX(FlCode,MATCH($B$27&"|AM|3",FlKey,0)),"")) | D31: =IF($B$27="","",IFERROR(INDEX(FlTime,MATCH($B$27&"|AM|3",FlKey,0))&"","")) | F31: =IF($E$27="","",IFERROR(INDEX(FlCode,MATCH($E$27&"|AM|3",FlKey,0)),"")) | G31: =IF($E$27="","",IFERROR(INDEX(FlTime,MATCH($E$27&"|AM|3",FlKey,0))&"","")) | I31: =IF($H$27="","",IFERROR(INDEX(FlCode,MATCH($H$27&"|AM|3",FlKey,0)),"")) | J31: =IF($H$27="","",IFERROR(INDEX(FlTime,MATCH($H$27&"|AM|3",FlKey,0))&"","")) | L31: =IF($K$27="","",IFERROR(INDEX(FlCode,MATCH($K$27&"|AM|3",FlKey,0)),"")) | M31: =IF($K$27="","",IFERROR(INDEX(FlTime,MATCH($K$27&"|AM|3",FlKey,0))&"","")) | O31: =IF($N$27="","",IFERROR(INDEX(FlCode,MATCH($N$27&"|AM|3",FlKey,0)),"")) | P31: =IF($N$27="","",IFERROR(INDEX(FlTime,MATCH($N$27&"|AM|3",FlKey,0))&"","")) | R31: =IF($Q$27="","",IFERROR(INDEX(FlCode,MATCH($Q$27&"|AM|3",FlKey,0)),"")) | S31: =IF($Q$27="","",IFERROR(INDEX(FlTime,MATCH($Q$27&"|AM|3",FlKey,0))&"","")) | U31: =IF($T$27="","",IFERROR(INDEX(FlCode,MATCH($T$27&"|AM|3",FlKey,0)),"")) | V31: =IF($T$27="","",IFERROR(INDEX(FlTime,MATCH($T$27&"|AM|3",FlKey,0))&"",""))
B32: =IF($B$27="","","PM"&IF(COUNTIFS(FlDate,$B$27,FlShift,"PM",FlCode,"<>")>3,CHAR(10)&"+"&(COUNTIFS(FlDate,$B$27,FlShift,"PM",FlCode,"<>")-3)&" more","")) | C32: =IF($B$27="","",IFERROR(INDEX(FlCode,MATCH($B$27&"|PM|1",FlKey,0)),"")) | D32: =IF($B$27="","",IFERROR(INDEX(FlTime,MATCH($B$27&"|PM|1",FlKey,0))&"","")) | E32: =IF($E$27="","","PM"&IF(COUNTIFS(FlDate,$E$27,FlShift,"PM",FlCode,"<>")>3,CHAR(10)&"+"&(COUNTIFS(FlDate,$E$27,FlShift,"PM",FlCode,"<>")-3)&" more","")) | F32: =IF($E$27="","",IFERROR(INDEX(FlCode,MATCH($E$27&"|PM|1",FlKey,0)),"")) | G32: =IF($E$27="","",IFERROR(INDEX(FlTime,MATCH($E$27&"|PM|1",FlKey,0))&"","")) | H32: =IF($H$27="","","PM"&IF(COUNTIFS(FlDate,$H$27,FlShift,"PM",FlCode,"<>")>3,CHAR(10)&"+"&(COUNTIFS(FlDate,$H$27,FlShift,"PM",FlCode,"<>")-3)&" more","")) | I32: =IF($H$27="","",IFERROR(INDEX(FlCode,MATCH($H$27&"|PM|1",FlKey,0)),"")) | J32: =IF($H$27="","",IFERROR(INDEX(FlTime,MATCH($H$27&"|PM|1",FlKey,0))&"","")) | K32: =IF($K$27="","","PM"&IF(COUNTIFS(FlDate,$K$27,FlShift,"PM",FlCode,"<>")>3,CHAR(10)&"+"&(COUNTIFS(FlDate,$K$27,FlShift,"PM",FlCode,"<>")-3)&" more","")) | L32: =IF($K$27="","",IFERROR(INDEX(FlCode,MATCH($K$27&"|PM|1",FlKey,0)),"")) | M32: =IF($K$27="","",IFERROR(INDEX(FlTime,MATCH($K$27&"|PM|1",FlKey,0))&"","")) | N32: =IF($N$27="","","PM"&IF(COUNTIFS(FlDate,$N$27,FlShift,"PM",FlCode,"<>")>3,CHAR(10)&"+"&(COUNTIFS(FlDate,$N$27,FlShift,"PM",FlCode,"<>")-3)&" more","")) | O32: =IF($N$27="","",IFERROR(INDEX(FlCode,MATCH($N$27&"|PM|1",FlKey,0)),"")) | P32: =IF($N$27="","",IFERROR(INDEX(FlTime,MATCH($N$27&"|PM|1",FlKey,0))&"","")) | Q32: =IF($Q$27="","","PM"&IF(COUNTIFS(FlDate,$Q$27,FlShift,"PM",FlCode,"<>")>3,CHAR(10)&"+"&(COUNTIFS(FlDate,$Q$27,FlShift,"PM",FlCode,"<>")-3)&" more","")) | R32: =IF($Q$27="","",IFERROR(INDEX(FlCode,MATCH($Q$27&"|PM|1",FlKey,0)),"")) | S32: =IF($Q$27="","",IFERROR(INDEX(FlTime,MATCH($Q$27&"|PM|1",FlKey,0))&"","")) | T32: =IF($T$27="","","PM"&IF(COUNTIFS(FlDate,$T$27,FlShift,"PM",FlCode,"<>")>3,CHAR(10)&"+"&(COUNTIFS(FlDate,$T$27,FlShift,"PM",FlCode,"<>")-3)&" more","")) | U32: =IF($T$27="","",IFERROR(INDEX(FlCode,MATCH($T$27&"|PM|1",FlKey,0)),"")) | V32: =IF($T$27="","",IFERROR(INDEX(FlTime,MATCH($T$27&"|PM|1",FlKey,0))&"",""))
C33: =IF($B$27="","",IFERROR(INDEX(FlCode,MATCH($B$27&"|PM|2",FlKey,0)),"")) | D33: =IF($B$27="","",IFERROR(INDEX(FlTime,MATCH($B$27&"|PM|2",FlKey,0))&"","")) | F33: =IF($E$27="","",IFERROR(INDEX(FlCode,MATCH($E$27&"|PM|2",FlKey,0)),"")) | G33: =IF($E$27="","",IFERROR(INDEX(FlTime,MATCH($E$27&"|PM|2",FlKey,0))&"","")) | I33: =IF($H$27="","",IFERROR(INDEX(FlCode,MATCH($H$27&"|PM|2",FlKey,0)),"")) | J33: =IF($H$27="","",IFERROR(INDEX(FlTime,MATCH($H$27&"|PM|2",FlKey,0))&"","")) | L33: =IF($K$27="","",IFERROR(INDEX(FlCode,MATCH($K$27&"|PM|2",FlKey,0)),"")) | M33: =IF($K$27="","",IFERROR(INDEX(FlTime,MATCH($K$27&"|PM|2",FlKey,0))&"","")) | O33: =IF($N$27="","",IFERROR(INDEX(FlCode,MATCH($N$27&"|PM|2",FlKey,0)),"")) | P33: =IF($N$27="","",IFERROR(INDEX(FlTime,MATCH($N$27&"|PM|2",FlKey,0))&"","")) | R33: =IF($Q$27="","",IFERROR(INDEX(FlCode,MATCH($Q$27&"|PM|2",FlKey,0)),"")) | S33: =IF($Q$27="","",IFERROR(INDEX(FlTime,MATCH($Q$27&"|PM|2",FlKey,0))&"","")) | U33: =IF($T$27="","",IFERROR(INDEX(FlCode,MATCH($T$27&"|PM|2",FlKey,0)),"")) | V33: =IF($T$27="","",IFERROR(INDEX(FlTime,MATCH($T$27&"|PM|2",FlKey,0))&"",""))
C34: =IF($B$27="","",IFERROR(INDEX(FlCode,MATCH($B$27&"|PM|3",FlKey,0)),"")) | D34: =IF($B$27="","",IFERROR(INDEX(FlTime,MATCH($B$27&"|PM|3",FlKey,0))&"","")) | F34: =IF($E$27="","",IFERROR(INDEX(FlCode,MATCH($E$27&"|PM|3",FlKey,0)),"")) | G34: =IF($E$27="","",IFERROR(INDEX(FlTime,MATCH($E$27&"|PM|3",FlKey,0))&"","")) | I34: =IF($H$27="","",IFERROR(INDEX(FlCode,MATCH($H$27&"|PM|3",FlKey,0)),"")) | J34: =IF($H$27="","",IFERROR(INDEX(FlTime,MATCH($H$27&"|PM|3",FlKey,0))&"","")) | L34: =IF($K$27="","",IFERROR(INDEX(FlCode,MATCH($K$27&"|PM|3",FlKey,0)),"")) | M34: =IF($K$27="","",IFERROR(INDEX(FlTime,MATCH($K$27&"|PM|3",FlKey,0))&"","")) | O34: =IF($N$27="","",IFERROR(INDEX(FlCode,MATCH($N$27&"|PM|3",FlKey,0)),"")) | P34: =IF($N$27="","",IFERROR(INDEX(FlTime,MATCH($N$27&"|PM|3",FlKey,0))&"","")) | R34: =IF($Q$27="","",IFERROR(INDEX(FlCode,MATCH($Q$27&"|PM|3",FlKey,0)),"")) | S34: =IF($Q$27="","",IFERROR(INDEX(FlTime,MATCH($Q$27&"|PM|3",FlKey,0))&"","")) | U34: =IF($T$27="","",IFERROR(INDEX(FlCode,MATCH($T$27&"|PM|3",FlKey,0)),"")) | V34: =IF($T$27="","",IFERROR(INDEX(FlTime,MATCH($T$27&"|PM|3",FlKey,0))&"",""))
B35: =IF($B$27="","","NIGHT"&IF(COUNTIFS(FlDate,$B$27,FlShift,"NIGHT",FlCode,"<>")>3,CHAR(10)&"+"&(COUNTIFS(FlDate,$B$27,FlShift,"NIGHT",FlCode,"<>")-3)&" more","")) | C35: =IF($B$27="","",IFERROR(INDEX(FlCode,MATCH($B$27&"|NIGHT|1",FlKey,0)),"")) | D35: =IF($B$27="","",IFERROR(INDEX(FlTime,MATCH($B$27&"|NIGHT|1",FlKey,0))&"","")) | E35: =IF($E$27="","","NIGHT"&IF(COUNTIFS(FlDate,$E$27,FlShift,"NIGHT",FlCode,"<>")>3,CHAR(10)&"+"&(COUNTIFS(FlDate,$E$27,FlShift,"NIGHT",FlCode,"<>")-3)&" more","")) | F35: =IF($E$27="","",IFERROR(INDEX(FlCode,MATCH($E$27&"|NIGHT|1",FlKey,0)),"")) | G35: =IF($E$27="","",IFERROR(INDEX(FlTime,MATCH($E$27&"|NIGHT|1",FlKey,0))&"","")) | H35: =IF($H$27="","","NIGHT"&IF(COUNTIFS(FlDate,$H$27,FlShift,"NIGHT",FlCode,"<>")>3,CHAR(10)&"+"&(COUNTIFS(FlDate,$H$27,FlShift,"NIGHT",FlCode,"<>")-3)&" more","")) | I35: =IF($H$27="","",IFERROR(INDEX(FlCode,MATCH($H$27&"|NIGHT|1",FlKey,0)),"")) | J35: =IF($H$27="","",IFERROR(INDEX(FlTime,MATCH($H$27&"|NIGHT|1",FlKey,0))&"","")) | K35: =IF($K$27="","","NIGHT"&IF(COUNTIFS(FlDate,$K$27,FlShift,"NIGHT",FlCode,"<>")>3,CHAR(10)&"+"&(COUNTIFS(FlDate,$K$27,FlShift,"NIGHT",FlCode,"<>")-3)&" more","")) | L35: =IF($K$27="","",IFERROR(INDEX(FlCode,MATCH($K$27&"|NIGHT|1",FlKey,0)),"")) | M35: =IF($K$27="","",IFERROR(INDEX(FlTime,MATCH($K$27&"|NIGHT|1",FlKey,0))&"","")) | N35: =IF($N$27="","","NIGHT"&IF(COUNTIFS(FlDate,$N$27,FlShift,"NIGHT",FlCode,"<>")>3,CHAR(10)&"+"&(COUNTIFS(FlDate,$N$27,FlShift,"NIGHT",FlCode,"<>")-3)&" more","")) | O35: =IF($N$27="","",IFERROR(INDEX(FlCode,MATCH($N$27&"|NIGHT|1",FlKey,0)),"")) | P35: =IF($N$27="","",IFERROR(INDEX(FlTime,MATCH($N$27&"|NIGHT|1",FlKey,0))&"","")) | Q35: =IF($Q$27="","","NIGHT"&IF(COUNTIFS(FlDate,$Q$27,FlShift,"NIGHT",FlCode,"<>")>3,CHAR(10)&"+"&(COUNTIFS(FlDate,$Q$27,FlShift,"NIGHT",FlCode,"<>")-3)&" more","")) | R35: =IF($Q$27="","",IFERROR(INDEX(FlCode,MATCH($Q$27&"|NIGHT|1",FlKey,0)),"")) | S35: =IF($Q$27="","",IFERROR(INDEX(FlTime,MATCH($Q$27&"|NIGHT|1",FlKey,0))&"","")) | T35: =IF($T$27="","","NIGHT"&IF(COUNTIFS(FlDate,$T$27,FlShift,"NIGHT",FlCode,"<>")>3,CHAR(10)&"+"&(COUNTIFS(FlDate,$T$27,FlShift,"NIGHT",FlCode,"<>")-3)&" more","")) | U35: =IF($T$27="","",IFERROR(INDEX(FlCode,MATCH($T$27&"|NIGHT|1",FlKey,0)),"")) | V35: =IF($T$27="","",IFERROR(INDEX(FlTime,MATCH($T$27&"|NIGHT|1",FlKey,0))&"",""))
C36: =IF($B$27="","",IFERROR(INDEX(FlCode,MATCH($B$27&"|NIGHT|2",FlKey,0)),"")) | D36: =IF($B$27="","",IFERROR(INDEX(FlTime,MATCH($B$27&"|NIGHT|2",FlKey,0))&"","")) | F36: =IF($E$27="","",IFERROR(INDEX(FlCode,MATCH($E$27&"|NIGHT|2",FlKey,0)),"")) | G36: =IF($E$27="","",IFERROR(INDEX(FlTime,MATCH($E$27&"|NIGHT|2",FlKey,0))&"","")) | I36: =IF($H$27="","",IFERROR(INDEX(FlCode,MATCH($H$27&"|NIGHT|2",FlKey,0)),"")) | J36: =IF($H$27="","",IFERROR(INDEX(FlTime,MATCH($H$27&"|NIGHT|2",FlKey,0))&"","")) | L36: =IF($K$27="","",IFERROR(INDEX(FlCode,MATCH($K$27&"|NIGHT|2",FlKey,0)),"")) | M36: =IF($K$27="","",IFERROR(INDEX(FlTime,MATCH($K$27&"|NIGHT|2",FlKey,0))&"","")) | O36: =IF($N$27="","",IFERROR(INDEX(FlCode,MATCH($N$27&"|NIGHT|2",FlKey,0)),"")) | P36: =IF($N$27="","",IFERROR(INDEX(FlTime,MATCH($N$27&"|NIGHT|2",FlKey,0))&"","")) | R36: =IF($Q$27="","",IFERROR(INDEX(FlCode,MATCH($Q$27&"|NIGHT|2",FlKey,0)),"")) | S36: =IF($Q$27="","",IFERROR(INDEX(FlTime,MATCH($Q$27&"|NIGHT|2",FlKey,0))&"","")) | U36: =IF($T$27="","",IFERROR(INDEX(FlCode,MATCH($T$27&"|NIGHT|2",FlKey,0)),"")) | V36: =IF($T$27="","",IFERROR(INDEX(FlTime,MATCH($T$27&"|NIGHT|2",FlKey,0))&"",""))
C37: =IF($B$27="","",IFERROR(INDEX(FlCode,MATCH($B$27&"|NIGHT|3",FlKey,0)),"")) | D37: =IF($B$27="","",IFERROR(INDEX(FlTime,MATCH($B$27&"|NIGHT|3",FlKey,0))&"","")) | F37: =IF($E$27="","",IFERROR(INDEX(FlCode,MATCH($E$27&"|NIGHT|3",FlKey,0)),"")) | G37: =IF($E$27="","",IFERROR(INDEX(FlTime,MATCH($E$27&"|NIGHT|3",FlKey,0))&"","")) | I37: =IF($H$27="","",IFERROR(INDEX(FlCode,MATCH($H$27&"|NIGHT|3",FlKey,0)),"")) | J37: =IF($H$27="","",IFERROR(INDEX(FlTime,MATCH($H$27&"|NIGHT|3",FlKey,0))&"","")) | L37: =IF($K$27="","",IFERROR(INDEX(FlCode,MATCH($K$27&"|NIGHT|3",FlKey,0)),"")) | M37: =IF($K$27="","",IFERROR(INDEX(FlTime,MATCH($K$27&"|NIGHT|3",FlKey,0))&"","")) | O37: =IF($N$27="","",IFERROR(INDEX(FlCode,MATCH($N$27&"|NIGHT|3",FlKey,0)),"")) | P37: =IF($N$27="","",IFERROR(INDEX(FlTime,MATCH($N$27&"|NIGHT|3",FlKey,0))&"","")) | R37: =IF($Q$27="","",IFERROR(INDEX(FlCode,MATCH($Q$27&"|NIGHT|3",FlKey,0)),"")) | S37: =IF($Q$27="","",IFERROR(INDEX(FlTime,MATCH($Q$27&"|NIGHT|3",FlKey,0))&"","")) | U37: =IF($T$27="","",IFERROR(INDEX(FlCode,MATCH($T$27&"|NIGHT|3",FlKey,0)),"")) | V37: =IF($T$27="","",IFERROR(INDEX(FlTime,MATCH($T$27&"|NIGHT|3",FlKey,0))&"",""))
B38: =IF(MONTH(DATE(PlanYear,1,1)-WEEKDAY(DATE(PlanYear,1,1),3)+21)=1,DATE(PlanYear,1,1)-WEEKDAY(DATE(PlanYear,1,1),3)+21,"") | D38: =IF($B$38="","",IF(IFERROR(INDEX(DayStat,$B$38-DATE(PlanYear,1,1)+1)&"","")<>"",0,SUMIFS(FlSorties,FlDate,$B$38))) | E38: =IF(MONTH(DATE(PlanYear,1,1)-WEEKDAY(DATE(PlanYear,1,1),3)+22)=1,DATE(PlanYear,1,1)-WEEKDAY(DATE(PlanYear,1,1),3)+22,"") | G38: =IF($E$38="","",IF(IFERROR(INDEX(DayStat,$E$38-DATE(PlanYear,1,1)+1)&"","")<>"",0,SUMIFS(FlSorties,FlDate,$E$38))) | H38: =IF(MONTH(DATE(PlanYear,1,1)-WEEKDAY(DATE(PlanYear,1,1),3)+23)=1,DATE(PlanYear,1,1)-WEEKDAY(DATE(PlanYear,1,1),3)+23,"") | J38: =IF($H$38="","",IF(IFERROR(INDEX(DayStat,$H$38-DATE(PlanYear,1,1)+1)&"","")<>"",0,SUMIFS(FlSorties,FlDate,$H$38))) | K38: =IF(MONTH(DATE(PlanYear,1,1)-WEEKDAY(DATE(PlanYear,1,1),3)+24)=1,DATE(PlanYear,1,1)-WEEKDAY(DATE(PlanYear,1,1),3)+24,"") | M38: =IF($K$38="","",IF(IFERROR(INDEX(DayStat,$K$38-DATE(PlanYear,1,1)+1)&"","")<>"",0,SUMIFS(FlSorties,FlDate,$K$38))) | N38: =IF(MONTH(DATE(PlanYear,1,1)-WEEKDAY(DATE(PlanYear,1,1),3)+25)=1,DATE(PlanYear,1,1)-WEEKDAY(DATE(PlanYear,1,1),3)+25,"") | P38: =IF($N$38="","",IF(IFERROR(INDEX(DayStat,$N$38-DATE(PlanYear,1,1)+1)&"","")<>"",0,SUMIFS(FlSorties,FlDate,$N$38))) | Q38: =IF(MONTH(DATE(PlanYear,1,1)-WEEKDAY(DATE(PlanYear,1,1),3)+26)=1,DATE(PlanYear,1,1)-WEEKDAY(DATE(PlanYear,1,1),3)+26,"") | S38: =IF($Q$38="","",IF(IFERROR(INDEX(DayStat,$Q$38-DATE(PlanYear,1,1)+1)&"","")<>"",0,SUMIFS(FlSorties,FlDate,$Q$38))) | T38: =IF(MONTH(DATE(PlanYear,1,1)-WEEKDAY(DATE(PlanYear,1,1),3)+27)=1,DATE(PlanYear,1,1)-WEEKDAY(DATE(PlanYear,1,1),3)+27,"") | V38: =IF($T$38="","",IF(IFERROR(INDEX(DayStat,$T$38-DATE(PlanYear,1,1)+1)&"","")<>"",0,SUMIFS(FlSorties,FlDate,$T$38)))
B39: =IF($B$38="","",IF(IFERROR(INDEX(DayStat,$B$38-DATE(PlanYear,1,1)+1)&"","")<>"",IFERROR(INDEX(DayStat,$B$38-DATE(PlanYear,1,1)+1)&"",""),IF(COUNTIF(GrDate,$B$38)=0,"","GND: "&INDEX(GrAct,MATCH($B$38,GrDate,0))&IF(COUNTIF(GrDate,$B$38)>1," +"&(COUNTIF(GrDate,$B$38)-1)&" more","")))) | E39: =IF($E$38="","",IF(IFERROR(INDEX(DayStat,$E$38-DATE(PlanYear,1,1)+1)&"","")<>"",IFERROR(INDEX(DayStat,$E$38-DATE(PlanYear,1,1)+1)&"",""),IF(COUNTIF(GrDate,$E$38)=0,"","GND: "&INDEX(GrAct,MATCH($E$38,GrDate,0))&IF(COUNTIF(GrDate,$E$38)>1," +"&(COUNTIF(GrDate,$E$38)-1)&" more","")))) | H39: =IF($H$38="","",IF(IFERROR(INDEX(DayStat,$H$38-DATE(PlanYear,1,1)+1)&"","")<>"",IFERROR(INDEX(DayStat,$H$38-DATE(PlanYear,1,1)+1)&"",""),IF(COUNTIF(GrDate,$H$38)=0,"","GND: "&INDEX(GrAct,MATCH($H$38,GrDate,0))&IF(COUNTIF(GrDate,$H$38)>1," +"&(COUNTIF(GrDate,$H$38)-1)&" more","")))) | K39: =IF($K$38="","",IF(IFERROR(INDEX(DayStat,$K$38-DATE(PlanYear,1,1)+1)&"","")<>"",IFERROR(INDEX(DayStat,$K$38-DATE(PlanYear,1,1)+1)&"",""),IF(COUNTIF(GrDate,$K$38)=0,"","GND: "&INDEX(GrAct,MATCH($K$38,GrDate,0))&IF(COUNTIF(GrDate,$K$38)>1," +"&(COUNTIF(GrDate,$K$38)-1)&" more","")))) | N39: =IF($N$38="","",IF(IFERROR(INDEX(DayStat,$N$38-DATE(PlanYear,1,1)+1)&"","")<>"",IFERROR(INDEX(DayStat,$N$38-DATE(PlanYear,1,1)+1)&"",""),IF(COUNTIF(GrDate,$N$38)=0,"","GND: "&INDEX(GrAct,MATCH($N$38,GrDate,0))&IF(COUNTIF(GrDate,$N$38)>1," +"&(COUNTIF(GrDate,$N$38)-1)&" more","")))) | Q39: =IF($Q$38="","",IF(IFERROR(INDEX(DayStat,$Q$38-DATE(PlanYear,1,1)+1)&"","")<>"",IFERROR(INDEX(DayStat,$Q$38-DATE(PlanYear,1,1)+1)&"",""),IF(COUNTIF(GrDate,$Q$38)=0,"","GND: "&INDEX(GrAct,MATCH($Q$38,GrDate,0))&IF(COUNTIF(GrDate,$Q$38)>1," +"&(COUNTIF(GrDate,$Q$38)-1)&" more","")))) | T39: =IF($T$38="","",IF(IFERROR(INDEX(DayStat,$T$38-DATE(PlanYear,1,1)+1)&"","")<>"",IFERROR(INDEX(DayStat,$T$38-DATE(PlanYear,1,1)+1)&"",""),IF(COUNTIF(GrDate,$T$38)=0,"","GND: "&INDEX(GrAct,MATCH($T$38,GrDate,0))&IF(COUNTIF(GrDate,$T$38)>1," +"&(COUNTIF(GrDate,$T$38)-1)&" more",""))))
B40: =IF($B$38="","","AM"&IF(COUNTIFS(FlDate,$B$38,FlShift,"AM",FlCode,"<>")>3,CHAR(10)&"+"&(COUNTIFS(FlDate,$B$38,FlShift,"AM",FlCode,"<>")-3)&" more","")) | C40: =IF($B$38="","",IFERROR(INDEX(FlCode,MATCH($B$38&"|AM|1",FlKey,0)),"")) | D40: =IF($B$38="","",IFERROR(INDEX(FlTime,MATCH($B$38&"|AM|1",FlKey,0))&"","")) | E40: =IF($E$38="","","AM"&IF(COUNTIFS(FlDate,$E$38,FlShift,"AM",FlCode,"<>")>3,CHAR(10)&"+"&(COUNTIFS(FlDate,$E$38,FlShift,"AM",FlCode,"<>")-3)&" more","")) | F40: =IF($E$38="","",IFERROR(INDEX(FlCode,MATCH($E$38&"|AM|1",FlKey,0)),"")) | G40: =IF($E$38="","",IFERROR(INDEX(FlTime,MATCH($E$38&"|AM|1",FlKey,0))&"","")) | H40: =IF($H$38="","","AM"&IF(COUNTIFS(FlDate,$H$38,FlShift,"AM",FlCode,"<>")>3,CHAR(10)&"+"&(COUNTIFS(FlDate,$H$38,FlShift,"AM",FlCode,"<>")-3)&" more","")) | I40: =IF($H$38="","",IFERROR(INDEX(FlCode,MATCH($H$38&"|AM|1",FlKey,0)),"")) | J40: =IF($H$38="","",IFERROR(INDEX(FlTime,MATCH($H$38&"|AM|1",FlKey,0))&"","")) | K40: =IF($K$38="","","AM"&IF(COUNTIFS(FlDate,$K$38,FlShift,"AM",FlCode,"<>")>3,CHAR(10)&"+"&(COUNTIFS(FlDate,$K$38,FlShift,"AM",FlCode,"<>")-3)&" more","")) | L40: =IF($K$38="","",IFERROR(INDEX(FlCode,MATCH($K$38&"|AM|1",FlKey,0)),"")) | M40: =IF($K$38="","",IFERROR(INDEX(FlTime,MATCH($K$38&"|AM|1",FlKey,0))&"","")) | N40: =IF($N$38="","","AM"&IF(COUNTIFS(FlDate,$N$38,FlShift,"AM",FlCode,"<>")>3,CHAR(10)&"+"&(COUNTIFS(FlDate,$N$38,FlShift,"AM",FlCode,"<>")-3)&" more","")) | O40: =IF($N$38="","",IFERROR(INDEX(FlCode,MATCH($N$38&"|AM|1",FlKey,0)),"")) | P40: =IF($N$38="","",IFERROR(INDEX(FlTime,MATCH($N$38&"|AM|1",FlKey,0))&"","")) | Q40: =IF($Q$38="","","AM"&IF(COUNTIFS(FlDate,$Q$38,FlShift,"AM",FlCode,"<>")>3,CHAR(10)&"+"&(COUNTIFS(FlDate,$Q$38,FlShift,"AM",FlCode,"<>")-3)&" more","")) | R40: =IF($Q$38="","",IFERROR(INDEX(FlCode,MATCH($Q$38&"|AM|1",FlKey,0)),"")) | S40: =IF($Q$38="","",IFERROR(INDEX(FlTime,MATCH($Q$38&"|AM|1",FlKey,0))&"","")) | T40: =IF($T$38="","","AM"&IF(COUNTIFS(FlDate,$T$38,FlShift,"AM",FlCode,"<>")>3,CHAR(10)&"+"&(COUNTIFS(FlDate,$T$38,FlShift,"AM",FlCode,"<>")-3)&" more","")) | U40: =IF($T$38="","",IFERROR(INDEX(FlCode,MATCH($T$38&"|AM|1",FlKey,0)),"")) | V40: =IF($T$38="","",IFERROR(INDEX(FlTime,MATCH($T$38&"|AM|1",FlKey,0))&"",""))
C41: =IF($B$38="","",IFERROR(INDEX(FlCode,MATCH($B$38&"|AM|2",FlKey,0)),"")) | D41: =IF($B$38="","",IFERROR(INDEX(FlTime,MATCH($B$38&"|AM|2",FlKey,0))&"","")) | F41: =IF($E$38="","",IFERROR(INDEX(FlCode,MATCH($E$38&"|AM|2",FlKey,0)),"")) | G41: =IF($E$38="","",IFERROR(INDEX(FlTime,MATCH($E$38&"|AM|2",FlKey,0))&"","")) | I41: =IF($H$38="","",IFERROR(INDEX(FlCode,MATCH($H$38&"|AM|2",FlKey,0)),"")) | J41: =IF($H$38="","",IFERROR(INDEX(FlTime,MATCH($H$38&"|AM|2",FlKey,0))&"","")) | L41: =IF($K$38="","",IFERROR(INDEX(FlCode,MATCH($K$38&"|AM|2",FlKey,0)),"")) | M41: =IF($K$38="","",IFERROR(INDEX(FlTime,MATCH($K$38&"|AM|2",FlKey,0))&"","")) | O41: =IF($N$38="","",IFERROR(INDEX(FlCode,MATCH($N$38&"|AM|2",FlKey,0)),"")) | P41: =IF($N$38="","",IFERROR(INDEX(FlTime,MATCH($N$38&"|AM|2",FlKey,0))&"","")) | R41: =IF($Q$38="","",IFERROR(INDEX(FlCode,MATCH($Q$38&"|AM|2",FlKey,0)),"")) | S41: =IF($Q$38="","",IFERROR(INDEX(FlTime,MATCH($Q$38&"|AM|2",FlKey,0))&"","")) | U41: =IF($T$38="","",IFERROR(INDEX(FlCode,MATCH($T$38&"|AM|2",FlKey,0)),"")) | V41: =IF($T$38="","",IFERROR(INDEX(FlTime,MATCH($T$38&"|AM|2",FlKey,0))&"",""))
C42: =IF($B$38="","",IFERROR(INDEX(FlCode,MATCH($B$38&"|AM|3",FlKey,0)),"")) | D42: =IF($B$38="","",IFERROR(INDEX(FlTime,MATCH($B$38&"|AM|3",FlKey,0))&"","")) | F42: =IF($E$38="","",IFERROR(INDEX(FlCode,MATCH($E$38&"|AM|3",FlKey,0)),"")) | G42: =IF($E$38="","",IFERROR(INDEX(FlTime,MATCH($E$38&"|AM|3",FlKey,0))&"","")) | I42: =IF($H$38="","",IFERROR(INDEX(FlCode,MATCH($H$38&"|AM|3",FlKey,0)),"")) | J42: =IF($H$38="","",IFERROR(INDEX(FlTime,MATCH($H$38&"|AM|3",FlKey,0))&"","")) | L42: =IF($K$38="","",IFERROR(INDEX(FlCode,MATCH($K$38&"|AM|3",FlKey,0)),"")) | M42: =IF($K$38="","",IFERROR(INDEX(FlTime,MATCH($K$38&"|AM|3",FlKey,0))&"","")) | O42: =IF($N$38="","",IFERROR(INDEX(FlCode,MATCH($N$38&"|AM|3",FlKey,0)),"")) | P42: =IF($N$38="","",IFERROR(INDEX(FlTime,MATCH($N$38&"|AM|3",FlKey,0))&"","")) | R42: =IF($Q$38="","",IFERROR(INDEX(FlCode,MATCH($Q$38&"|AM|3",FlKey,0)),"")) | S42: =IF($Q$38="","",IFERROR(INDEX(FlTime,MATCH($Q$38&"|AM|3",FlKey,0))&"","")) | U42: =IF($T$38="","",IFERROR(INDEX(FlCode,MATCH($T$38&"|AM|3",FlKey,0)),"")) | V42: =IF($T$38="","",IFERROR(INDEX(FlTime,MATCH($T$38&"|AM|3",FlKey,0))&"",""))
B43: =IF($B$38="","","PM"&IF(COUNTIFS(FlDate,$B$38,FlShift,"PM",FlCode,"<>")>3,CHAR(10)&"+"&(COUNTIFS(FlDate,$B$38,FlShift,"PM",FlCode,"<>")-3)&" more","")) | C43: =IF($B$38="","",IFERROR(INDEX(FlCode,MATCH($B$38&"|PM|1",FlKey,0)),"")) | D43: =IF($B$38="","",IFERROR(INDEX(FlTime,MATCH($B$38&"|PM|1",FlKey,0))&"","")) | E43: =IF($E$38="","","PM"&IF(COUNTIFS(FlDate,$E$38,FlShift,"PM",FlCode,"<>")>3,CHAR(10)&"+"&(COUNTIFS(FlDate,$E$38,FlShift,"PM",FlCode,"<>")-3)&" more","")) | F43: =IF($E$38="","",IFERROR(INDEX(FlCode,MATCH($E$38&"|PM|1",FlKey,0)),"")) | G43: =IF($E$38="","",IFERROR(INDEX(FlTime,MATCH($E$38&"|PM|1",FlKey,0))&"","")) | H43: =IF($H$38="","","PM"&IF(COUNTIFS(FlDate,$H$38,FlShift,"PM",FlCode,"<>")>3,CHAR(10)&"+"&(COUNTIFS(FlDate,$H$38,FlShift,"PM",FlCode,"<>")-3)&" more","")) | I43: =IF($H$38="","",IFERROR(INDEX(FlCode,MATCH($H$38&"|PM|1",FlKey,0)),"")) | J43: =IF($H$38="","",IFERROR(INDEX(FlTime,MATCH($H$38&"|PM|1",FlKey,0))&"","")) | K43: =IF($K$38="","","PM"&IF(COUNTIFS(FlDate,$K$38,FlShift,"PM",FlCode,"<>")>3,CHAR(10)&"+"&(COUNTIFS(FlDate,$K$38,FlShift,"PM",FlCode,"<>")-3)&" more","")) | L43: =IF($K$38="","",IFERROR(INDEX(FlCode,MATCH($K$38&"|PM|1",FlKey,0)),"")) | M43: =IF($K$38="","",IFERROR(INDEX(FlTime,MATCH($K$38&"|PM|1",FlKey,0))&"","")) | N43: =IF($N$38="","","PM"&IF(COUNTIFS(FlDate,$N$38,FlShift,"PM",FlCode,"<>")>3,CHAR(10)&"+"&(COUNTIFS(FlDate,$N$38,FlShift,"PM",FlCode,"<>")-3)&" more","")) | O43: =IF($N$38="","",IFERROR(INDEX(FlCode,MATCH($N$38&"|PM|1",FlKey,0)),"")) | P43: =IF($N$38="","",IFERROR(INDEX(FlTime,MATCH($N$38&"|PM|1",FlKey,0))&"","")) | Q43: =IF($Q$38="","","PM"&IF(COUNTIFS(FlDate,$Q$38,FlShift,"PM",FlCode,"<>")>3,CHAR(10)&"+"&(COUNTIFS(FlDate,$Q$38,FlShift,"PM",FlCode,"<>")-3)&" more","")) | R43: =IF($Q$38="","",IFERROR(INDEX(FlCode,MATCH($Q$38&"|PM|1",FlKey,0)),"")) | S43: =IF($Q$38="","",IFERROR(INDEX(FlTime,MATCH($Q$38&"|PM|1",FlKey,0))&"","")) | T43: =IF($T$38="","","PM"&IF(COUNTIFS(FlDate,$T$38,FlShift,"PM",FlCode,"<>")>3,CHAR(10)&"+"&(COUNTIFS(FlDate,$T$38,FlShift,"PM",FlCode,"<>")-3)&" more","")) | U43: =IF($T$38="","",IFERROR(INDEX(FlCode,MATCH($T$38&"|PM|1",FlKey,0)),"")) | V43: =IF($T$38="","",IFERROR(INDEX(FlTime,MATCH($T$38&"|PM|1",FlKey,0))&"",""))
C44: =IF($B$38="","",IFERROR(INDEX(FlCode,MATCH($B$38&"|PM|2",FlKey,0)),"")) | D44: =IF($B$38="","",IFERROR(INDEX(FlTime,MATCH($B$38&"|PM|2",FlKey,0))&"","")) | F44: =IF($E$38="","",IFERROR(INDEX(FlCode,MATCH($E$38&"|PM|2",FlKey,0)),"")) | G44: =IF($E$38="","",IFERROR(INDEX(FlTime,MATCH($E$38&"|PM|2",FlKey,0))&"","")) | I44: =IF($H$38="","",IFERROR(INDEX(FlCode,MATCH($H$38&"|PM|2",FlKey,0)),"")) | J44: =IF($H$38="","",IFERROR(INDEX(FlTime,MATCH($H$38&"|PM|2",FlKey,0))&"","")) | L44: =IF($K$38="","",IFERROR(INDEX(FlCode,MATCH($K$38&"|PM|2",FlKey,0)),"")) | M44: =IF($K$38="","",IFERROR(INDEX(FlTime,MATCH($K$38&"|PM|2",FlKey,0))&"","")) | O44: =IF($N$38="","",IFERROR(INDEX(FlCode,MATCH($N$38&"|PM|2",FlKey,0)),"")) | P44: =IF($N$38="","",IFERROR(INDEX(FlTime,MATCH($N$38&"|PM|2",FlKey,0))&"","")) | R44: =IF($Q$38="","",IFERROR(INDEX(FlCode,MATCH($Q$38&"|PM|2",FlKey,0)),"")) | S44: =IF($Q$38="","",IFERROR(INDEX(FlTime,MATCH($Q$38&"|PM|2",FlKey,0))&"","")) | U44: =IF($T$38="","",IFERROR(INDEX(FlCode,MATCH($T$38&"|PM|2",FlKey,0)),"")) | V44: =IF($T$38="","",IFERROR(INDEX(FlTime,MATCH($T$38&"|PM|2",FlKey,0))&"",""))
C45: =IF($B$38="","",IFERROR(INDEX(FlCode,MATCH($B$38&"|PM|3",FlKey,0)),"")) | D45: =IF($B$38="","",IFERROR(INDEX(FlTime,MATCH($B$38&"|PM|3",FlKey,0))&"","")) | F45: =IF($E$38="","",IFERROR(INDEX(FlCode,MATCH($E$38&"|PM|3",FlKey,0)),"")) | G45: =IF($E$38="","",IFERROR(INDEX(FlTime,MATCH($E$38&"|PM|3",FlKey,0))&"","")) | I45: =IF($H$38="","",IFERROR(INDEX(FlCode,MATCH($H$38&"|PM|3",FlKey,0)),"")) | J45: =IF($H$38="","",IFERROR(INDEX(FlTime,MATCH($H$38&"|PM|3",FlKey,0))&"","")) | L45: =IF($K$38="","",IFERROR(INDEX(FlCode,MATCH($K$38&"|PM|3",FlKey,0)),"")) | M45: =IF($K$38="","",IFERROR(INDEX(FlTime,MATCH($K$38&"|PM|3",FlKey,0))&"","")) | O45: =IF($N$38="","",IFERROR(INDEX(FlCode,MATCH($N$38&"|PM|3",FlKey,0)),"")) | P45: =IF($N$38="","",IFERROR(INDEX(FlTime,MATCH($N$38&"|PM|3",FlKey,0))&"","")) | R45: =IF($Q$38="","",IFERROR(INDEX(FlCode,MATCH($Q$38&"|PM|3",FlKey,0)),"")) | S45: =IF($Q$38="","",IFERROR(INDEX(FlTime,MATCH($Q$38&"|PM|3",FlKey,0))&"","")) | U45: =IF($T$38="","",IFERROR(INDEX(FlCode,MATCH($T$38&"|PM|3",FlKey,0)),"")) | V45: =IF($T$38="","",IFERROR(INDEX(FlTime,MATCH($T$38&"|PM|3",FlKey,0))&"",""))
B46: =IF($B$38="","","NIGHT"&IF(COUNTIFS(FlDate,$B$38,FlShift,"NIGHT",FlCode,"<>")>3,CHAR(10)&"+"&(COUNTIFS(FlDate,$B$38,FlShift,"NIGHT",FlCode,"<>")-3)&" more","")) | C46: =IF($B$38="","",IFERROR(INDEX(FlCode,MATCH($B$38&"|NIGHT|1",FlKey,0)),"")) | D46: =IF($B$38="","",IFERROR(INDEX(FlTime,MATCH($B$38&"|NIGHT|1",FlKey,0))&"","")) | E46: =IF($E$38="","","NIGHT"&IF(COUNTIFS(FlDate,$E$38,FlShift,"NIGHT",FlCode,"<>")>3,CHAR(10)&"+"&(COUNTIFS(FlDate,$E$38,FlShift,"NIGHT",FlCode,"<>")-3)&" more","")) | F46: =IF($E$38="","",IFERROR(INDEX(FlCode,MATCH($E$38&"|NIGHT|1",FlKey,0)),"")) | G46: =IF($E$38="","",IFERROR(INDEX(FlTime,MATCH($E$38&"|NIGHT|1",FlKey,0))&"","")) | H46: =IF($H$38="","","NIGHT"&IF(COUNTIFS(FlDate,$H$38,FlShift,"NIGHT",FlCode,"<>")>3,CHAR(10)&"+"&(COUNTIFS(FlDate,$H$38,FlShift,"NIGHT",FlCode,"<>")-3)&" more","")) | I46: =IF($H$38="","",IFERROR(INDEX(FlCode,MATCH($H$38&"|NIGHT|1",FlKey,0)),"")) | J46: =IF($H$38="","",IFERROR(INDEX(FlTime,MATCH($H$38&"|NIGHT|1",FlKey,0))&"","")) | K46: =IF($K$38="","","NIGHT"&IF(COUNTIFS(FlDate,$K$38,FlShift,"NIGHT",FlCode,"<>")>3,CHAR(10)&"+"&(COUNTIFS(FlDate,$K$38,FlShift,"NIGHT",FlCode,"<>")-3)&" more","")) | L46: =IF($K$38="","",IFERROR(INDEX(FlCode,MATCH($K$38&"|NIGHT|1",FlKey,0)),"")) | M46: =IF($K$38="","",IFERROR(INDEX(FlTime,MATCH($K$38&"|NIGHT|1",FlKey,0))&"","")) | N46: =IF($N$38="","","NIGHT"&IF(COUNTIFS(FlDate,$N$38,FlShift,"NIGHT",FlCode,"<>")>3,CHAR(10)&"+"&(COUNTIFS(FlDate,$N$38,FlShift,"NIGHT",FlCode,"<>")-3)&" more","")) | O46: =IF($N$38="","",IFERROR(INDEX(FlCode,MATCH($N$38&"|NIGHT|1",FlKey,0)),"")) | P46: =IF($N$38="","",IFERROR(INDEX(FlTime,MATCH($N$38&"|NIGHT|1",FlKey,0))&"","")) | Q46: =IF($Q$38="","","NIGHT"&IF(COUNTIFS(FlDate,$Q$38,FlShift,"NIGHT",FlCode,"<>")>3,CHAR(10)&"+"&(COUNTIFS(FlDate,$Q$38,FlShift,"NIGHT",FlCode,"<>")-3)&" more","")) | R46: =IF($Q$38="","",IFERROR(INDEX(FlCode,MATCH($Q$38&"|NIGHT|1",FlKey,0)),"")) | S46: =IF($Q$38="","",IFERROR(INDEX(FlTime,MATCH($Q$38&"|NIGHT|1",FlKey,0))&"","")) | T46: =IF($T$38="","","NIGHT"&IF(COUNTIFS(FlDate,$T$38,FlShift,"NIGHT",FlCode,"<>")>3,CHAR(10)&"+"&(COUNTIFS(FlDate,$T$38,FlShift,"NIGHT",FlCode,"<>")-3)&" more","")) | U46: =IF($T$38="","",IFERROR(INDEX(FlCode,MATCH($T$38&"|NIGHT|1",FlKey,0)),"")) | V46: =IF($T$38="","",IFERROR(INDEX(FlTime,MATCH($T$38&"|NIGHT|1",FlKey,0))&"",""))
C47: =IF($B$38="","",IFERROR(INDEX(FlCode,MATCH($B$38&"|NIGHT|2",FlKey,0)),"")) | D47: =IF($B$38="","",IFERROR(INDEX(FlTime,MATCH($B$38&"|NIGHT|2",FlKey,0))&"","")) | F47: =IF($E$38="","",IFERROR(INDEX(FlCode,MATCH($E$38&"|NIGHT|2",FlKey,0)),"")) | G47: =IF($E$38="","",IFERROR(INDEX(FlTime,MATCH($E$38&"|NIGHT|2",FlKey,0))&"","")) | I47: =IF($H$38="","",IFERROR(INDEX(FlCode,MATCH($H$38&"|NIGHT|2",FlKey,0)),"")) | J47: =IF($H$38="","",IFERROR(INDEX(FlTime,MATCH($H$38&"|NIGHT|2",FlKey,0))&"","")) | L47: =IF($K$38="","",IFERROR(INDEX(FlCode,MATCH($K$38&"|NIGHT|2",FlKey,0)),"")) | M47: =IF($K$38="","",IFERROR(INDEX(FlTime,MATCH($K$38&"|NIGHT|2",FlKey,0))&"","")) | O47: =IF($N$38="","",IFERROR(INDEX(FlCode,MATCH($N$38&"|NIGHT|2",FlKey,0)),"")) | P47: =IF($N$38="","",IFERROR(INDEX(FlTime,MATCH($N$38&"|NIGHT|2",FlKey,0))&"","")) | R47: =IF($Q$38="","",IFERROR(INDEX(FlCode,MATCH($Q$38&"|NIGHT|2",FlKey,0)),"")) | S47: =IF($Q$38="","",IFERROR(INDEX(FlTime,MATCH($Q$38&"|NIGHT|2",FlKey,0))&"","")) | U47: =IF($T$38="","",IFERROR(INDEX(FlCode,MATCH($T$38&"|NIGHT|2",FlKey,0)),"")) | V47: =IF($T$38="","",IFERROR(INDEX(FlTime,MATCH($T$38&"|NIGHT|2",FlKey,0))&"",""))
C48: =IF($B$38="","",IFERROR(INDEX(FlCode,MATCH($B$38&"|NIGHT|3",FlKey,0)),"")) | D48: =IF($B$38="","",IFERROR(INDEX(FlTime,MATCH($B$38&"|NIGHT|3",FlKey,0))&"","")) | F48: =IF($E$38="","",IFERROR(INDEX(FlCode,MATCH($E$38&"|NIGHT|3",FlKey,0)),"")) | G48: =IF($E$38="","",IFERROR(INDEX(FlTime,MATCH($E$38&"|NIGHT|3",FlKey,0))&"","")) | I48: =IF($H$38="","",IFERROR(INDEX(FlCode,MATCH($H$38&"|NIGHT|3",FlKey,0)),"")) | J48: =IF($H$38="","",IFERROR(INDEX(FlTime,MATCH($H$38&"|NIGHT|3",FlKey,0))&"","")) | L48: =IF($K$38="","",IFERROR(INDEX(FlCode,MATCH($K$38&"|NIGHT|3",FlKey,0)),"")) | M48: =IF($K$38="","",IFERROR(INDEX(FlTime,MATCH($K$38&"|NIGHT|3",FlKey,0))&"","")) | O48: =IF($N$38="","",IFERROR(INDEX(FlCode,MATCH($N$38&"|NIGHT|3",FlKey,0)),"")) | P48: =IF($N$38="","",IFERROR(INDEX(FlTime,MATCH($N$38&"|NIGHT|3",FlKey,0))&"","")) | R48: =IF($Q$38="","",IFERROR(INDEX(FlCode,MATCH($Q$38&"|NIGHT|3",FlKey,0)),"")) | S48: =IF($Q$38="","",IFERROR(INDEX(FlTime,MATCH($Q$38&"|NIGHT|3",FlKey,0))&"","")) | U48: =IF($T$38="","",IFERROR(INDEX(FlCode,MATCH($T$38&"|NIGHT|3",FlKey,0)),"")) | V48: =IF($T$38="","",IFERROR(INDEX(FlTime,MATCH($T$38&"|NIGHT|3",FlKey,0))&"",""))
B49: =IF(MONTH(DATE(PlanYear,1,1)-WEEKDAY(DATE(PlanYear,1,1),3)+28)=1,DATE(PlanYear,1,1)-WEEKDAY(DATE(PlanYear,1,1),3)+28,"") | D49: =IF($B$49="","",IF(IFERROR(INDEX(DayStat,$B$49-DATE(PlanYear,1,1)+1)&"","")<>"",0,SUMIFS(FlSorties,FlDate,$B$49))) | E49: =IF(MONTH(DATE(PlanYear,1,1)-WEEKDAY(DATE(PlanYear,1,1),3)+29)=1,DATE(PlanYear,1,1)-WEEKDAY(DATE(PlanYear,1,1),3)+29,"") | G49: =IF($E$49="","",IF(IFERROR(INDEX(DayStat,$E$49-DATE(PlanYear,1,1)+1)&"","")<>"",0,SUMIFS(FlSorties,FlDate,$E$49))) | H49: =IF(MONTH(DATE(PlanYear,1,1)-WEEKDAY(DATE(PlanYear,1,1),3)+30)=1,DATE(PlanYear,1,1)-WEEKDAY(DATE(PlanYear,1,1),3)+30,"") | J49: =IF($H$49="","",IF(IFERROR(INDEX(DayStat,$H$49-DATE(PlanYear,1,1)+1)&"","")<>"",0,SUMIFS(FlSorties,FlDate,$H$49))) | K49: =IF(MONTH(DATE(PlanYear,1,1)-WEEKDAY(DATE(PlanYear,1,1),3)+31)=1,DATE(PlanYear,1,1)-WEEKDAY(DATE(PlanYear,1,1),3)+31,"") | M49: =IF($K$49="","",IF(IFERROR(INDEX(DayStat,$K$49-DATE(PlanYear,1,1)+1)&"","")<>"",0,SUMIFS(FlSorties,FlDate,$K$49))) | N49: =IF(MONTH(DATE(PlanYear,1,1)-WEEKDAY(DATE(PlanYear,1,1),3)+32)=1,DATE(PlanYear,1,1)-WEEKDAY(DATE(PlanYear,1,1),3)+32,"") | P49: =IF($N$49="","",IF(IFERROR(INDEX(DayStat,$N$49-DATE(PlanYear,1,1)+1)&"","")<>"",0,SUMIFS(FlSorties,FlDate,$N$49))) | Q49: =IF(MONTH(DATE(PlanYear,1,1)-WEEKDAY(DATE(PlanYear,1,1),3)+33)=1,DATE(PlanYear,1,1)-WEEKDAY(DATE(PlanYear,1,1),3)+33,"") | S49: =IF($Q$49="","",IF(IFERROR(INDEX(DayStat,$Q$49-DATE(PlanYear,1,1)+1)&"","")<>"",0,SUMIFS(FlSorties,FlDate,$Q$49))) | T49: =IF(MONTH(DATE(PlanYear,1,1)-WEEKDAY(DATE(PlanYear,1,1),3)+34)=1,DATE(PlanYear,1,1)-WEEKDAY(DATE(PlanYear,1,1),3)+34,"") | V49: =IF($T$49="","",IF(IFERROR(INDEX(DayStat,$T$49-DATE(PlanYear,1,1)+1)&"","")<>"",0,SUMIFS(FlSorties,FlDate,$T$49)))
B50: =IF($B$49="","",IF(IFERROR(INDEX(DayStat,$B$49-DATE(PlanYear,1,1)+1)&"","")<>"",IFERROR(INDEX(DayStat,$B$49-DATE(PlanYear,1,1)+1)&"",""),IF(COUNTIF(GrDate,$B$49)=0,"","GND: "&INDEX(GrAct,MATCH($B$49,GrDate,0))&IF(COUNTIF(GrDate,$B$49)>1," +"&(COUNTIF(GrDate,$B$49)-1)&" more","")))) | E50: =IF($E$49="","",IF(IFERROR(INDEX(DayStat,$E$49-DATE(PlanYear,1,1)+1)&"","")<>"",IFERROR(INDEX(DayStat,$E$49-DATE(PlanYear,1,1)+1)&"",""),IF(COUNTIF(GrDate,$E$49)=0,"","GND: "&INDEX(GrAct,MATCH($E$49,GrDate,0))&IF(COUNTIF(GrDate,$E$49)>1," +"&(COUNTIF(GrDate,$E$49)-1)&" more","")))) | H50: =IF($H$49="","",IF(IFERROR(INDEX(DayStat,$H$49-DATE(PlanYear,1,1)+1)&"","")<>"",IFERROR(INDEX(DayStat,$H$49-DATE(PlanYear,1,1)+1)&"",""),IF(COUNTIF(GrDate,$H$49)=0,"","GND: "&INDEX(GrAct,MATCH($H$49,GrDate,0))&IF(COUNTIF(GrDate,$H$49)>1," +"&(COUNTIF(GrDate,$H$49)-1)&" more","")))) | K50: =IF($K$49="","",IF(IFERROR(INDEX(DayStat,$K$49-DATE(PlanYear,1,1)+1)&"","")<>"",IFERROR(INDEX(DayStat,$K$49-DATE(PlanYear,1,1)+1)&"",""),IF(COUNTIF(GrDate,$K$49)=0,"","GND: "&INDEX(GrAct,MATCH($K$49,GrDate,0))&IF(COUNTIF(GrDate,$K$49)>1," +"&(COUNTIF(GrDate,$K$49)-1)&" more","")))) | N50: =IF($N$49="","",IF(IFERROR(INDEX(DayStat,$N$49-DATE(PlanYear,1,1)+1)&"","")<>"",IFERROR(INDEX(DayStat,$N$49-DATE(PlanYear,1,1)+1)&"",""),IF(COUNTIF(GrDate,$N$49)=0,"","GND: "&INDEX(GrAct,MATCH($N$49,GrDate,0))&IF(COUNTIF(GrDate,$N$49)>1," +"&(COUNTIF(GrDate,$N$49)-1)&" more","")))) | Q50: =IF($Q$49="","",IF(IFERROR(INDEX(DayStat,$Q$49-DATE(PlanYear,1,1)+1)&"","")<>"",IFERROR(INDEX(DayStat,$Q$49-DATE(PlanYear,1,1)+1)&"",""),IF(COUNTIF(GrDate,$Q$49)=0,"","GND: "&INDEX(GrAct,MATCH($Q$49,GrDate,0))&IF(COUNTIF(GrDate,$Q$49)>1," +"&(COUNTIF(GrDate,$Q$49)-1)&" more","")))) | T50: =IF($T$49="","",IF(IFERROR(INDEX(DayStat,$T$49-DATE(PlanYear,1,1)+1)&"","")<>"",IFERROR(INDEX(DayStat,$T$49-DATE(PlanYear,1,1)+1)&"",""),IF(COUNTIF(GrDate,$T$49)=0,"","GND: "&INDEX(GrAct,MATCH($T$49,GrDate,0))&IF(COUNTIF(GrDate,$T$49)>1," +"&(COUNTIF(GrDate,$T$49)-1)&" more",""))))
B51: =IF($B$49="","","AM"&IF(COUNTIFS(FlDate,$B$49,FlShift,"AM",FlCode,"<>")>3,CHAR(10)&"+"&(COUNTIFS(FlDate,$B$49,FlShift,"AM",FlCode,"<>")-3)&" more","")) | C51: =IF($B$49="","",IFERROR(INDEX(FlCode,MATCH($B$49&"|AM|1",FlKey,0)),"")) | D51: =IF($B$49="","",IFERROR(INDEX(FlTime,MATCH($B$49&"|AM|1",FlKey,0))&"","")) | E51: =IF($E$49="","","AM"&IF(COUNTIFS(FlDate,$E$49,FlShift,"AM",FlCode,"<>")>3,CHAR(10)&"+"&(COUNTIFS(FlDate,$E$49,FlShift,"AM",FlCode,"<>")-3)&" more","")) | F51: =IF($E$49="","",IFERROR(INDEX(FlCode,MATCH($E$49&"|AM|1",FlKey,0)),"")) | G51: =IF($E$49="","",IFERROR(INDEX(FlTime,MATCH($E$49&"|AM|1",FlKey,0))&"","")) | H51: =IF($H$49="","","AM"&IF(COUNTIFS(FlDate,$H$49,FlShift,"AM",FlCode,"<>")>3,CHAR(10)&"+"&(COUNTIFS(FlDate,$H$49,FlShift,"AM",FlCode,"<>")-3)&" more","")) | I51: =IF($H$49="","",IFERROR(INDEX(FlCode,MATCH($H$49&"|AM|1",FlKey,0)),"")) | J51: =IF($H$49="","",IFERROR(INDEX(FlTime,MATCH($H$49&"|AM|1",FlKey,0))&"","")) | K51: =IF($K$49="","","AM"&IF(COUNTIFS(FlDate,$K$49,FlShift,"AM",FlCode,"<>")>3,CHAR(10)&"+"&(COUNTIFS(FlDate,$K$49,FlShift,"AM",FlCode,"<>")-3)&" more","")) | L51: =IF($K$49="","",IFERROR(INDEX(FlCode,MATCH($K$49&"|AM|1",FlKey,0)),"")) | M51: =IF($K$49="","",IFERROR(INDEX(FlTime,MATCH($K$49&"|AM|1",FlKey,0))&"","")) | N51: =IF($N$49="","","AM"&IF(COUNTIFS(FlDate,$N$49,FlShift,"AM",FlCode,"<>")>3,CHAR(10)&"+"&(COUNTIFS(FlDate,$N$49,FlShift,"AM",FlCode,"<>")-3)&" more","")) | O51: =IF($N$49="","",IFERROR(INDEX(FlCode,MATCH($N$49&"|AM|1",FlKey,0)),"")) | P51: =IF($N$49="","",IFERROR(INDEX(FlTime,MATCH($N$49&"|AM|1",FlKey,0))&"","")) | Q51: =IF($Q$49="","","AM"&IF(COUNTIFS(FlDate,$Q$49,FlShift,"AM",FlCode,"<>")>3,CHAR(10)&"+"&(COUNTIFS(FlDate,$Q$49,FlShift,"AM",FlCode,"<>")-3)&" more","")) | R51: =IF($Q$49="","",IFERROR(INDEX(FlCode,MATCH($Q$49&"|AM|1",FlKey,0)),"")) | S51: =IF($Q$49="","",IFERROR(INDEX(FlTime,MATCH($Q$49&"|AM|1",FlKey,0))&"","")) | T51: =IF($T$49="","","AM"&IF(COUNTIFS(FlDate,$T$49,FlShift,"AM",FlCode,"<>")>3,CHAR(10)&"+"&(COUNTIFS(FlDate,$T$49,FlShift,"AM",FlCode,"<>")-3)&" more","")) | U51: =IF($T$49="","",IFERROR(INDEX(FlCode,MATCH($T$49&"|AM|1",FlKey,0)),"")) | V51: =IF($T$49="","",IFERROR(INDEX(FlTime,MATCH($T$49&"|AM|1",FlKey,0))&"",""))
C52: =IF($B$49="","",IFERROR(INDEX(FlCode,MATCH($B$49&"|AM|2",FlKey,0)),"")) | D52: =IF($B$49="","",IFERROR(INDEX(FlTime,MATCH($B$49&"|AM|2",FlKey,0))&"","")) | F52: =IF($E$49="","",IFERROR(INDEX(FlCode,MATCH($E$49&"|AM|2",FlKey,0)),"")) | G52: =IF($E$49="","",IFERROR(INDEX(FlTime,MATCH($E$49&"|AM|2",FlKey,0))&"","")) | I52: =IF($H$49="","",IFERROR(INDEX(FlCode,MATCH($H$49&"|AM|2",FlKey,0)),"")) | J52: =IF($H$49="","",IFERROR(INDEX(FlTime,MATCH($H$49&"|AM|2",FlKey,0))&"","")) | L52: =IF($K$49="","",IFERROR(INDEX(FlCode,MATCH($K$49&"|AM|2",FlKey,0)),"")) | M52: =IF($K$49="","",IFERROR(INDEX(FlTime,MATCH($K$49&"|AM|2",FlKey,0))&"","")) | O52: =IF($N$49="","",IFERROR(INDEX(FlCode,MATCH($N$49&"|AM|2",FlKey,0)),"")) | P52: =IF($N$49="","",IFERROR(INDEX(FlTime,MATCH($N$49&"|AM|2",FlKey,0))&"","")) | R52: =IF($Q$49="","",IFERROR(INDEX(FlCode,MATCH($Q$49&"|AM|2",FlKey,0)),"")) | S52: =IF($Q$49="","",IFERROR(INDEX(FlTime,MATCH($Q$49&"|AM|2",FlKey,0))&"","")) | U52: =IF($T$49="","",IFERROR(INDEX(FlCode,MATCH($T$49&"|AM|2",FlKey,0)),"")) | V52: =IF($T$49="","",IFERROR(INDEX(FlTime,MATCH($T$49&"|AM|2",FlKey,0))&"",""))
C53: =IF($B$49="","",IFERROR(INDEX(FlCode,MATCH($B$49&"|AM|3",FlKey,0)),"")) | D53: =IF($B$49="","",IFERROR(INDEX(FlTime,MATCH($B$49&"|AM|3",FlKey,0))&"","")) | F53: =IF($E$49="","",IFERROR(INDEX(FlCode,MATCH($E$49&"|AM|3",FlKey,0)),"")) | G53: =IF($E$49="","",IFERROR(INDEX(FlTime,MATCH($E$49&"|AM|3",FlKey,0))&"","")) | I53: =IF($H$49="","",IFERROR(INDEX(FlCode,MATCH($H$49&"|AM|3",FlKey,0)),"")) | J53: =IF($H$49="","",IFERROR(INDEX(FlTime,MATCH($H$49&"|AM|3",FlKey,0))&"","")) | L53: =IF($K$49="","",IFERROR(INDEX(FlCode,MATCH($K$49&"|AM|3",FlKey,0)),"")) | M53: =IF($K$49="","",IFERROR(INDEX(FlTime,MATCH($K$49&"|AM|3",FlKey,0))&"","")) | O53: =IF($N$49="","",IFERROR(INDEX(FlCode,MATCH($N$49&"|AM|3",FlKey,0)),"")) | P53: =IF($N$49="","",IFERROR(INDEX(FlTime,MATCH($N$49&"|AM|3",FlKey,0))&"","")) | R53: =IF($Q$49="","",IFERROR(INDEX(FlCode,MATCH($Q$49&"|AM|3",FlKey,0)),"")) | S53: =IF($Q$49="","",IFERROR(INDEX(FlTime,MATCH($Q$49&"|AM|3",FlKey,0))&"","")) | U53: =IF($T$49="","",IFERROR(INDEX(FlCode,MATCH($T$49&"|AM|3",FlKey,0)),"")) | V53: =IF($T$49="","",IFERROR(INDEX(FlTime,MATCH($T$49&"|AM|3",FlKey,0))&"",""))
B54: =IF($B$49="","","PM"&IF(COUNTIFS(FlDate,$B$49,FlShift,"PM",FlCode,"<>")>3,CHAR(10)&"+"&(COUNTIFS(FlDate,$B$49,FlShift,"PM",FlCode,"<>")-3)&" more","")) | C54: =IF($B$49="","",IFERROR(INDEX(FlCode,MATCH($B$49&"|PM|1",FlKey,0)),"")) | D54: =IF($B$49="","",IFERROR(INDEX(FlTime,MATCH($B$49&"|PM|1",FlKey,0))&"","")) | E54: =IF($E$49="","","PM"&IF(COUNTIFS(FlDate,$E$49,FlShift,"PM",FlCode,"<>")>3,CHAR(10)&"+"&(COUNTIFS(FlDate,$E$49,FlShift,"PM",FlCode,"<>")-3)&" more","")) | F54: =IF($E$49="","",IFERROR(INDEX(FlCode,MATCH($E$49&"|PM|1",FlKey,0)),"")) | G54: =IF($E$49="","",IFERROR(INDEX(FlTime,MATCH($E$49&"|PM|1",FlKey,0))&"","")) | H54: =IF($H$49="","","PM"&IF(COUNTIFS(FlDate,$H$49,FlShift,"PM",FlCode,"<>")>3,CHAR(10)&"+"&(COUNTIFS(FlDate,$H$49,FlShift,"PM",FlCode,"<>")-3)&" more","")) | I54: =IF($H$49="","",IFERROR(INDEX(FlCode,MATCH($H$49&"|PM|1",FlKey,0)),"")) | J54: =IF($H$49="","",IFERROR(INDEX(FlTime,MATCH($H$49&"|PM|1",FlKey,0))&"","")) | K54: =IF($K$49="","","PM"&IF(COUNTIFS(FlDate,$K$49,FlShift,"PM",FlCode,"<>")>3,CHAR(10)&"+"&(COUNTIFS(FlDate,$K$49,FlShift,"PM",FlCode,"<>")-3)&" more","")) | L54: =IF($K$49="","",IFERROR(INDEX(FlCode,MATCH($K$49&"|PM|1",FlKey,0)),"")) | M54: =IF($K$49="","",IFERROR(INDEX(FlTime,MATCH($K$49&"|PM|1",FlKey,0))&"","")) | N54: =IF($N$49="","","PM"&IF(COUNTIFS(FlDate,$N$49,FlShift,"PM",FlCode,"<>")>3,CHAR(10)&"+"&(COUNTIFS(FlDate,$N$49,FlShift,"PM",FlCode,"<>")-3)&" more","")) | O54: =IF($N$49="","",IFERROR(INDEX(FlCode,MATCH($N$49&"|PM|1",FlKey,0)),"")) | P54: =IF($N$49="","",IFERROR(INDEX(FlTime,MATCH($N$49&"|PM|1",FlKey,0))&"","")) | Q54: =IF($Q$49="","","PM"&IF(COUNTIFS(FlDate,$Q$49,FlShift,"PM",FlCode,"<>")>3,CHAR(10)&"+"&(COUNTIFS(FlDate,$Q$49,FlShift,"PM",FlCode,"<>")-3)&" more","")) | R54: =IF($Q$49="","",IFERROR(INDEX(FlCode,MATCH($Q$49&"|PM|1",FlKey,0)),"")) | S54: =IF($Q$49="","",IFERROR(INDEX(FlTime,MATCH($Q$49&"|PM|1",FlKey,0))&"","")) | T54: =IF($T$49="","","PM"&IF(COUNTIFS(FlDate,$T$49,FlShift,"PM",FlCode,"<>")>3,CHAR(10)&"+"&(COUNTIFS(FlDate,$T$49,FlShift,"PM",FlCode,"<>")-3)&" more","")) | U54: =IF($T$49="","",IFERROR(INDEX(FlCode,MATCH($T$49&"|PM|1",FlKey,0)),"")) | V54: =IF($T$49="","",IFERROR(INDEX(FlTime,MATCH($T$49&"|PM|1",FlKey,0))&"",""))
C55: =IF($B$49="","",IFERROR(INDEX(FlCode,MATCH($B$49&"|PM|2",FlKey,0)),"")) | D55: =IF($B$49="","",IFERROR(INDEX(FlTime,MATCH($B$49&"|PM|2",FlKey,0))&"","")) | F55: =IF($E$49="","",IFERROR(INDEX(FlCode,MATCH($E$49&"|PM|2",FlKey,0)),"")) | G55: =IF($E$49="","",IFERROR(INDEX(FlTime,MATCH($E$49&"|PM|2",FlKey,0))&"","")) | I55: =IF($H$49="","",IFERROR(INDEX(FlCode,MATCH($H$49&"|PM|2",FlKey,0)),"")) | J55: =IF($H$49="","",IFERROR(INDEX(FlTime,MATCH($H$49&"|PM|2",FlKey,0))&"","")) | L55: =IF($K$49="","",IFERROR(INDEX(FlCode,MATCH($K$49&"|PM|2",FlKey,0)),"")) | M55: =IF($K$49="","",IFERROR(INDEX(FlTime,MATCH($K$49&"|PM|2",FlKey,0))&"","")) | O55: =IF($N$49="","",IFERROR(INDEX(FlCode,MATCH($N$49&"|PM|2",FlKey,0)),"")) | P55: =IF($N$49="","",IFERROR(INDEX(FlTime,MATCH($N$49&"|PM|2",FlKey,0))&"","")) | R55: =IF($Q$49="","",IFERROR(INDEX(FlCode,MATCH($Q$49&"|PM|2",FlKey,0)),"")) | S55: =IF($Q$49="","",IFERROR(INDEX(FlTime,MATCH($Q$49&"|PM|2",FlKey,0))&"","")) | U55: =IF($T$49="","",IFERROR(INDEX(FlCode,MATCH($T$49&"|PM|2",FlKey,0)),"")) | V55: =IF($T$49="","",IFERROR(INDEX(FlTime,MATCH($T$49&"|PM|2",FlKey,0))&"",""))
C56: =IF($B$49="","",IFERROR(INDEX(FlCode,MATCH($B$49&"|PM|3",FlKey,0)),"")) | D56: =IF($B$49="","",IFERROR(INDEX(FlTime,MATCH($B$49&"|PM|3",FlKey,0))&"","")) | F56: =IF($E$49="","",IFERROR(INDEX(FlCode,MATCH($E$49&"|PM|3",FlKey,0)),"")) | G56: =IF($E$49="","",IFERROR(INDEX(FlTime,MATCH($E$49&"|PM|3",FlKey,0))&"","")) | I56: =IF($H$49="","",IFERROR(INDEX(FlCode,MATCH($H$49&"|PM|3",FlKey,0)),"")) | J56: =IF($H$49="","",IFERROR(INDEX(FlTime,MATCH($H$49&"|PM|3",FlKey,0))&"","")) | L56: =IF($K$49="","",IFERROR(INDEX(FlCode,MATCH($K$49&"|PM|3",FlKey,0)),"")) | M56: =IF($K$49="","",IFERROR(INDEX(FlTime,MATCH($K$49&"|PM|3",FlKey,0))&"","")) | O56: =IF($N$49="","",IFERROR(INDEX(FlCode,MATCH($N$49&"|PM|3",FlKey,0)),"")) | P56: =IF($N$49="","",IFERROR(INDEX(FlTime,MATCH($N$49&"|PM|3",FlKey,0))&"","")) | R56: =IF($Q$49="","",IFERROR(INDEX(FlCode,MATCH($Q$49&"|PM|3",FlKey,0)),"")) | S56: =IF($Q$49="","",IFERROR(INDEX(FlTime,MATCH($Q$49&"|PM|3",FlKey,0))&"","")) | U56: =IF($T$49="","",IFERROR(INDEX(FlCode,MATCH($T$49&"|PM|3",FlKey,0)),"")) | V56: =IF($T$49="","",IFERROR(INDEX(FlTime,MATCH($T$49&"|PM|3",FlKey,0))&"",""))
B57: =IF($B$49="","","NIGHT"&IF(COUNTIFS(FlDate,$B$49,FlShift,"NIGHT",FlCode,"<>")>3,CHAR(10)&"+"&(COUNTIFS(FlDate,$B$49,FlShift,"NIGHT",FlCode,"<>")-3)&" more","")) | C57: =IF($B$49="","",IFERROR(INDEX(FlCode,MATCH($B$49&"|NIGHT|1",FlKey,0)),"")) | D57: =IF($B$49="","",IFERROR(INDEX(FlTime,MATCH($B$49&"|NIGHT|1",FlKey,0))&"","")) | E57: =IF($E$49="","","NIGHT"&IF(COUNTIFS(FlDate,$E$49,FlShift,"NIGHT",FlCode,"<>")>3,CHAR(10)&"+"&(COUNTIFS(FlDate,$E$49,FlShift,"NIGHT",FlCode,"<>")-3)&" more","")) | F57: =IF($E$49="","",IFERROR(INDEX(FlCode,MATCH($E$49&"|NIGHT|1",FlKey,0)),"")) | G57: =IF($E$49="","",IFERROR(INDEX(FlTime,MATCH($E$49&"|NIGHT|1",FlKey,0))&"","")) | H57: =IF($H$49="","","NIGHT"&IF(COUNTIFS(FlDate,$H$49,FlShift,"NIGHT",FlCode,"<>")>3,CHAR(10)&"+"&(COUNTIFS(FlDate,$H$49,FlShift,"NIGHT",FlCode,"<>")-3)&" more","")) | I57: =IF($H$49="","",IFERROR(INDEX(FlCode,MATCH($H$49&"|NIGHT|1",FlKey,0)),"")) | J57: =IF($H$49="","",IFERROR(INDEX(FlTime,MATCH($H$49&"|NIGHT|1",FlKey,0))&"","")) | K57: =IF($K$49="","","NIGHT"&IF(COUNTIFS(FlDate,$K$49,FlShift,"NIGHT",FlCode,"<>")>3,CHAR(10)&"+"&(COUNTIFS(FlDate,$K$49,FlShift,"NIGHT",FlCode,"<>")-3)&" more","")) | L57: =IF($K$49="","",IFERROR(INDEX(FlCode,MATCH($K$49&"|NIGHT|1",FlKey,0)),"")) | M57: =IF($K$49="","",IFERROR(INDEX(FlTime,MATCH($K$49&"|NIGHT|1",FlKey,0))&"","")) | N57: =IF($N$49="","","NIGHT"&IF(COUNTIFS(FlDate,$N$49,FlShift,"NIGHT",FlCode,"<>")>3,CHAR(10)&"+"&(COUNTIFS(FlDate,$N$49,FlShift,"NIGHT",FlCode,"<>")-3)&" more","")) | O57: =IF($N$49="","",IFERROR(INDEX(FlCode,MATCH($N$49&"|NIGHT|1",FlKey,0)),"")) | P57: =IF($N$49="","",IFERROR(INDEX(FlTime,MATCH($N$49&"|NIGHT|1",FlKey,0))&"","")) | Q57: =IF($Q$49="","","NIGHT"&IF(COUNTIFS(FlDate,$Q$49,FlShift,"NIGHT",FlCode,"<>")>3,CHAR(10)&"+"&(COUNTIFS(FlDate,$Q$49,FlShift,"NIGHT",FlCode,"<>")-3)&" more","")) | R57: =IF($Q$49="","",IFERROR(INDEX(FlCode,MATCH($Q$49&"|NIGHT|1",FlKey,0)),"")) | S57: =IF($Q$49="","",IFERROR(INDEX(FlTime,MATCH($Q$49&"|NIGHT|1",FlKey,0))&"","")) | T57: =IF($T$49="","","NIGHT"&IF(COUNTIFS(FlDate,$T$49,FlShift,"NIGHT",FlCode,"<>")>3,CHAR(10)&"+"&(COUNTIFS(FlDate,$T$49,FlShift,"NIGHT",FlCode,"<>")-3)&" more","")) | U57: =IF($T$49="","",IFERROR(INDEX(FlCode,MATCH($T$49&"|NIGHT|1",FlKey,0)),"")) | V57: =IF($T$49="","",IFERROR(INDEX(FlTime,MATCH($T$49&"|NIGHT|1",FlKey,0))&"",""))
C58: =IF($B$49="","",IFERROR(INDEX(FlCode,MATCH($B$49&"|NIGHT|2",FlKey,0)),"")) | D58: =IF($B$49="","",IFERROR(INDEX(FlTime,MATCH($B$49&"|NIGHT|2",FlKey,0))&"","")) | F58: =IF($E$49="","",IFERROR(INDEX(FlCode,MATCH($E$49&"|NIGHT|2",FlKey,0)),"")) | G58: =IF($E$49="","",IFERROR(INDEX(FlTime,MATCH($E$49&"|NIGHT|2",FlKey,0))&"","")) | I58: =IF($H$49="","",IFERROR(INDEX(FlCode,MATCH($H$49&"|NIGHT|2",FlKey,0)),"")) | J58: =IF($H$49="","",IFERROR(INDEX(FlTime,MATCH($H$49&"|NIGHT|2",FlKey,0))&"","")) | L58: =IF($K$49="","",IFERROR(INDEX(FlCode,MATCH($K$49&"|NIGHT|2",FlKey,0)),"")) | M58: =IF($K$49="","",IFERROR(INDEX(FlTime,MATCH($K$49&"|NIGHT|2",FlKey,0))&"","")) | O58: =IF($N$49="","",IFERROR(INDEX(FlCode,MATCH($N$49&"|NIGHT|2",FlKey,0)),"")) | P58: =IF($N$49="","",IFERROR(INDEX(FlTime,MATCH($N$49&"|NIGHT|2",FlKey,0))&"","")) | R58: =IF($Q$49="","",IFERROR(INDEX(FlCode,MATCH($Q$49&"|NIGHT|2",FlKey,0)),"")) | S58: =IF($Q$49="","",IFERROR(INDEX(FlTime,MATCH($Q$49&"|NIGHT|2",FlKey,0))&"","")) | U58: =IF($T$49="","",IFERROR(INDEX(FlCode,MATCH($T$49&"|NIGHT|2",FlKey,0)),"")) | V58: =IF($T$49="","",IFERROR(INDEX(FlTime,MATCH($T$49&"|NIGHT|2",FlKey,0))&"",""))
C59: =IF($B$49="","",IFERROR(INDEX(FlCode,MATCH($B$49&"|NIGHT|3",FlKey,0)),"")) | D59: =IF($B$49="","",IFERROR(INDEX(FlTime,MATCH($B$49&"|NIGHT|3",FlKey,0))&"","")) | F59: =IF($E$49="","",IFERROR(INDEX(FlCode,MATCH($E$49&"|NIGHT|3",FlKey,0)),"")) | G59: =IF($E$49="","",IFERROR(INDEX(FlTime,MATCH($E$49&"|NIGHT|3",FlKey,0))&"","")) | I59: =IF($H$49="","",IFERROR(INDEX(FlCode,MATCH($H$49&"|NIGHT|3",FlKey,0)),"")) | J59: =IF($H$49="","",IFERROR(INDEX(FlTime,MATCH($H$49&"|NIGHT|3",FlKey,0))&"","")) | L59: =IF($K$49="","",IFERROR(INDEX(FlCode,MATCH($K$49&"|NIGHT|3",FlKey,0)),"")) | M59: =IF($K$49="","",IFERROR(INDEX(FlTime,MATCH($K$49&"|NIGHT|3",FlKey,0))&"","")) | O59: =IF($N$49="","",IFERROR(INDEX(FlCode,MATCH($N$49&"|NIGHT|3",FlKey,0)),"")) | P59: =IF($N$49="","",IFERROR(INDEX(FlTime,MATCH($N$49&"|NIGHT|3",FlKey,0))&"","")) | R59: =IF($Q$49="","",IFERROR(INDEX(FlCode,MATCH($Q$49&"|NIGHT|3",FlKey,0)),"")) | S59: =IF($Q$49="","",IFERROR(INDEX(FlTime,MATCH($Q$49&"|NIGHT|3",FlKey,0))&"","")) | U59: =IF($T$49="","",IFERROR(INDEX(FlCode,MATCH($T$49&"|NIGHT|3",FlKey,0)),"")) | V59: =IF($T$49="","",IFERROR(INDEX(FlTime,MATCH($T$49&"|NIGHT|3",FlKey,0))&"",""))
B60: =IF(MONTH(DATE(PlanYear,1,1)-WEEKDAY(DATE(PlanYear,1,1),3)+35)=1,DATE(PlanYear,1,1)-WEEKDAY(DATE(PlanYear,1,1),3)+35,"") | D60: =IF($B$60="","",IF(IFERROR(INDEX(DayStat,$B$60-DATE(PlanYear,1,1)+1)&"","")<>"",0,SUMIFS(FlSorties,FlDate,$B$60))) | E60: =IF(MONTH(DATE(PlanYear,1,1)-WEEKDAY(DATE(PlanYear,1,1),3)+36)=1,DATE(PlanYear,1,1)-WEEKDAY(DATE(PlanYear,1,1),3)+36,"") | G60: =IF($E$60="","",IF(IFERROR(INDEX(DayStat,$E$60-DATE(PlanYear,1,1)+1)&"","")<>"",0,SUMIFS(FlSorties,FlDate,$E$60))) | H60: =IF(MONTH(DATE(PlanYear,1,1)-WEEKDAY(DATE(PlanYear,1,1),3)+37)=1,DATE(PlanYear,1,1)-WEEKDAY(DATE(PlanYear,1,1),3)+37,"") | J60: =IF($H$60="","",IF(IFERROR(INDEX(DayStat,$H$60-DATE(PlanYear,1,1)+1)&"","")<>"",0,SUMIFS(FlSorties,FlDate,$H$60))) | K60: =IF(MONTH(DATE(PlanYear,1,1)-WEEKDAY(DATE(PlanYear,1,1),3)+38)=1,DATE(PlanYear,1,1)-WEEKDAY(DATE(PlanYear,1,1),3)+38,"") | M60: =IF($K$60="","",IF(IFERROR(INDEX(DayStat,$K$60-DATE(PlanYear,1,1)+1)&"","")<>"",0,SUMIFS(FlSorties,FlDate,$K$60))) | N60: =IF(MONTH(DATE(PlanYear,1,1)-WEEKDAY(DATE(PlanYear,1,1),3)+39)=1,DATE(PlanYear,1,1)-WEEKDAY(DATE(PlanYear,1,1),3)+39,"") | P60: =IF($N$60="","",IF(IFERROR(INDEX(DayStat,$N$60-DATE(PlanYear,1,1)+1)&"","")<>"",0,SUMIFS(FlSorties,FlDate,$N$60))) | Q60: =IF(MONTH(DATE(PlanYear,1,1)-WEEKDAY(DATE(PlanYear,1,1),3)+40)=1,DATE(PlanYear,1,1)-WEEKDAY(DATE(PlanYear,1,1),3)+40,"") | S60: =IF($Q$60="","",IF(IFERROR(INDEX(DayStat,$Q$60-DATE(PlanYear,1,1)+1)&"","")<>"",0,SUMIFS(FlSorties,FlDate,$Q$60))) | T60: =IF(MONTH(DATE(PlanYear,1,1)-WEEKDAY(DATE(PlanYear,1,1),3)+41)=1,DATE(PlanYear,1,1)-WEEKDAY(DATE(PlanYear,1,1),3)+41,"") | V60: =IF($T$60="","",IF(IFERROR(INDEX(DayStat,$T$60-DATE(PlanYear,1,1)+1)&"","")<>"",0,SUMIFS(FlSorties,FlDate,$T$60)))
B61: =IF($B$60="","",IF(IFERROR(INDEX(DayStat,$B$60-DATE(PlanYear,1,1)+1)&"","")<>"",IFERROR(INDEX(DayStat,$B$60-DATE(PlanYear,1,1)+1)&"",""),IF(COUNTIF(GrDate,$B$60)=0,"","GND: "&INDEX(GrAct,MATCH($B$60,GrDate,0))&IF(COUNTIF(GrDate,$B$60)>1," +"&(COUNTIF(GrDate,$B$60)-1)&" more","")))) | E61: =IF($E$60="","",IF(IFERROR(INDEX(DayStat,$E$60-DATE(PlanYear,1,1)+1)&"","")<>"",IFERROR(INDEX(DayStat,$E$60-DATE(PlanYear,1,1)+1)&"",""),IF(COUNTIF(GrDate,$E$60)=0,"","GND: "&INDEX(GrAct,MATCH($E$60,GrDate,0))&IF(COUNTIF(GrDate,$E$60)>1," +"&(COUNTIF(GrDate,$E$60)-1)&" more","")))) | H61: =IF($H$60="","",IF(IFERROR(INDEX(DayStat,$H$60-DATE(PlanYear,1,1)+1)&"","")<>"",IFERROR(INDEX(DayStat,$H$60-DATE(PlanYear,1,1)+1)&"",""),IF(COUNTIF(GrDate,$H$60)=0,"","GND: "&INDEX(GrAct,MATCH($H$60,GrDate,0))&IF(COUNTIF(GrDate,$H$60)>1," +"&(COUNTIF(GrDate,$H$60)-1)&" more","")))) | K61: =IF($K$60="","",IF(IFERROR(INDEX(DayStat,$K$60-DATE(PlanYear,1,1)+1)&"","")<>"",IFERROR(INDEX(DayStat,$K$60-DATE(PlanYear,1,1)+1)&"",""),IF(COUNTIF(GrDate,$K$60)=0,"","GND: "&INDEX(GrAct,MATCH($K$60,GrDate,0))&IF(COUNTIF(GrDate,$K$60)>1," +"&(COUNTIF(GrDate,$K$60)-1)&" more","")))) | N61: =IF($N$60="","",IF(IFERROR(INDEX(DayStat,$N$60-DATE(PlanYear,1,1)+1)&"","")<>"",IFERROR(INDEX(DayStat,$N$60-DATE(PlanYear,1,1)+1)&"",""),IF(COUNTIF(GrDate,$N$60)=0,"","GND: "&INDEX(GrAct,MATCH($N$60,GrDate,0))&IF(COUNTIF(GrDate,$N$60)>1," +"&(COUNTIF(GrDate,$N$60)-1)&" more","")))) | Q61: =IF($Q$60="","",IF(IFERROR(INDEX(DayStat,$Q$60-DATE(PlanYear,1,1)+1)&"","")<>"",IFERROR(INDEX(DayStat,$Q$60-DATE(PlanYear,1,1)+1)&"",""),IF(COUNTIF(GrDate,$Q$60)=0,"","GND: "&INDEX(GrAct,MATCH($Q$60,GrDate,0))&IF(COUNTIF(GrDate,$Q$60)>1," +"&(COUNTIF(GrDate,$Q$60)-1)&" more","")))) | T61: =IF($T$60="","",IF(IFERROR(INDEX(DayStat,$T$60-DATE(PlanYear,1,1)+1)&"","")<>"",IFERROR(INDEX(DayStat,$T$60-DATE(PlanYear,1,1)+1)&"",""),IF(COUNTIF(GrDate,$T$60)=0,"","GND: "&INDEX(GrAct,MATCH($T$60,GrDate,0))&IF(COUNTIF(GrDate,$T$60)>1," +"&(COUNTIF(GrDate,$T$60)-1)&" more",""))))
B62: =IF($B$60="","","AM"&IF(COUNTIFS(FlDate,$B$60,FlShift,"AM",FlCode,"<>")>3,CHAR(10)&"+"&(COUNTIFS(FlDate,$B$60,FlShift,"AM",FlCode,"<>")-3)&" more","")) | C62: =IF($B$60="","",IFERROR(INDEX(FlCode,MATCH($B$60&"|AM|1",FlKey,0)),"")) | D62: =IF($B$60="","",IFERROR(INDEX(FlTime,MATCH($B$60&"|AM|1",FlKey,0))&"","")) | E62: =IF($E$60="","","AM"&IF(COUNTIFS(FlDate,$E$60,FlShift,"AM",FlCode,"<>")>3,CHAR(10)&"+"&(COUNTIFS(FlDate,$E$60,FlShift,"AM",FlCode,"<>")-3)&" more","")) | F62: =IF($E$60="","",IFERROR(INDEX(FlCode,MATCH($E$60&"|AM|1",FlKey,0)),"")) | G62: =IF($E$60="","",IFERROR(INDEX(FlTime,MATCH($E$60&"|AM|1",FlKey,0))&"","")) | H62: =IF($H$60="","","AM"&IF(COUNTIFS(FlDate,$H$60,FlShift,"AM",FlCode,"<>")>3,CHAR(10)&"+"&(COUNTIFS(FlDate,$H$60,FlShift,"AM",FlCode,"<>")-3)&" more","")) | I62: =IF($H$60="","",IFERROR(INDEX(FlCode,MATCH($H$60&"|AM|1",FlKey,0)),"")) | J62: =IF($H$60="","",IFERROR(INDEX(FlTime,MATCH($H$60&"|AM|1",FlKey,0))&"","")) | K62: =IF($K$60="","","AM"&IF(COUNTIFS(FlDate,$K$60,FlShift,"AM",FlCode,"<>")>3,CHAR(10)&"+"&(COUNTIFS(FlDate,$K$60,FlShift,"AM",FlCode,"<>")-3)&" more","")) | L62: =IF($K$60="","",IFERROR(INDEX(FlCode,MATCH($K$60&"|AM|1",FlKey,0)),"")) | M62: =IF($K$60="","",IFERROR(INDEX(FlTime,MATCH($K$60&"|AM|1",FlKey,0))&"","")) | N62: =IF($N$60="","","AM"&IF(COUNTIFS(FlDate,$N$60,FlShift,"AM",FlCode,"<>")>3,CHAR(10)&"+"&(COUNTIFS(FlDate,$N$60,FlShift,"AM",FlCode,"<>")-3)&" more","")) | O62: =IF($N$60="","",IFERROR(INDEX(FlCode,MATCH($N$60&"|AM|1",FlKey,0)),"")) | P62: =IF($N$60="","",IFERROR(INDEX(FlTime,MATCH($N$60&"|AM|1",FlKey,0))&"","")) | Q62: =IF($Q$60="","","AM"&IF(COUNTIFS(FlDate,$Q$60,FlShift,"AM",FlCode,"<>")>3,CHAR(10)&"+"&(COUNTIFS(FlDate,$Q$60,FlShift,"AM",FlCode,"<>")-3)&" more","")) | R62: =IF($Q$60="","",IFERROR(INDEX(FlCode,MATCH($Q$60&"|AM|1",FlKey,0)),"")) | S62: =IF($Q$60="","",IFERROR(INDEX(FlTime,MATCH($Q$60&"|AM|1",FlKey,0))&"","")) | T62: =IF($T$60="","","AM"&IF(COUNTIFS(FlDate,$T$60,FlShift,"AM",FlCode,"<>")>3,CHAR(10)&"+"&(COUNTIFS(FlDate,$T$60,FlShift,"AM",FlCode,"<>")-3)&" more","")) | U62: =IF($T$60="","",IFERROR(INDEX(FlCode,MATCH($T$60&"|AM|1",FlKey,0)),"")) | V62: =IF($T$60="","",IFERROR(INDEX(FlTime,MATCH($T$60&"|AM|1",FlKey,0))&"",""))
C63: =IF($B$60="","",IFERROR(INDEX(FlCode,MATCH($B$60&"|AM|2",FlKey,0)),"")) | D63: =IF($B$60="","",IFERROR(INDEX(FlTime,MATCH($B$60&"|AM|2",FlKey,0))&"","")) | F63: =IF($E$60="","",IFERROR(INDEX(FlCode,MATCH($E$60&"|AM|2",FlKey,0)),"")) | G63: =IF($E$60="","",IFERROR(INDEX(FlTime,MATCH($E$60&"|AM|2",FlKey,0))&"","")) | I63: =IF($H$60="","",IFERROR(INDEX(FlCode,MATCH($H$60&"|AM|2",FlKey,0)),"")) | J63: =IF($H$60="","",IFERROR(INDEX(FlTime,MATCH($H$60&"|AM|2",FlKey,0))&"","")) | L63: =IF($K$60="","",IFERROR(INDEX(FlCode,MATCH($K$60&"|AM|2",FlKey,0)),"")) | M63: =IF($K$60="","",IFERROR(INDEX(FlTime,MATCH($K$60&"|AM|2",FlKey,0))&"","")) | O63: =IF($N$60="","",IFERROR(INDEX(FlCode,MATCH($N$60&"|AM|2",FlKey,0)),"")) | P63: =IF($N$60="","",IFERROR(INDEX(FlTime,MATCH($N$60&"|AM|2",FlKey,0))&"","")) | R63: =IF($Q$60="","",IFERROR(INDEX(FlCode,MATCH($Q$60&"|AM|2",FlKey,0)),"")) | S63: =IF($Q$60="","",IFERROR(INDEX(FlTime,MATCH($Q$60&"|AM|2",FlKey,0))&"","")) | U63: =IF($T$60="","",IFERROR(INDEX(FlCode,MATCH($T$60&"|AM|2",FlKey,0)),"")) | V63: =IF($T$60="","",IFERROR(INDEX(FlTime,MATCH($T$60&"|AM|2",FlKey,0))&"",""))
C64: =IF($B$60="","",IFERROR(INDEX(FlCode,MATCH($B$60&"|AM|3",FlKey,0)),"")) | D64: =IF($B$60="","",IFERROR(INDEX(FlTime,MATCH($B$60&"|AM|3",FlKey,0))&"","")) | F64: =IF($E$60="","",IFERROR(INDEX(FlCode,MATCH($E$60&"|AM|3",FlKey,0)),"")) | G64: =IF($E$60="","",IFERROR(INDEX(FlTime,MATCH($E$60&"|AM|3",FlKey,0))&"","")) | I64: =IF($H$60="","",IFERROR(INDEX(FlCode,MATCH($H$60&"|AM|3",FlKey,0)),"")) | J64: =IF($H$60="","",IFERROR(INDEX(FlTime,MATCH($H$60&"|AM|3",FlKey,0))&"","")) | L64: =IF($K$60="","",IFERROR(INDEX(FlCode,MATCH($K$60&"|AM|3",FlKey,0)),"")) | M64: =IF($K$60="","",IFERROR(INDEX(FlTime,MATCH($K$60&"|AM|3",FlKey,0))&"","")) | O64: =IF($N$60="","",IFERROR(INDEX(FlCode,MATCH($N$60&"|AM|3",FlKey,0)),"")) | P64: =IF($N$60="","",IFERROR(INDEX(FlTime,MATCH($N$60&"|AM|3",FlKey,0))&"","")) | R64: =IF($Q$60="","",IFERROR(INDEX(FlCode,MATCH($Q$60&"|AM|3",FlKey,0)),"")) | S64: =IF($Q$60="","",IFERROR(INDEX(FlTime,MATCH($Q$60&"|AM|3",FlKey,0))&"","")) | U64: =IF($T$60="","",IFERROR(INDEX(FlCode,MATCH($T$60&"|AM|3",FlKey,0)),"")) | V64: =IF($T$60="","",IFERROR(INDEX(FlTime,MATCH($T$60&"|AM|3",FlKey,0))&"",""))
B65: =IF($B$60="","","PM"&IF(COUNTIFS(FlDate,$B$60,FlShift,"PM",FlCode,"<>")>3,CHAR(10)&"+"&(COUNTIFS(FlDate,$B$60,FlShift,"PM",FlCode,"<>")-3)&" more","")) | C65: =IF($B$60="","",IFERROR(INDEX(FlCode,MATCH($B$60&"|PM|1",FlKey,0)),"")) | D65: =IF($B$60="","",IFERROR(INDEX(FlTime,MATCH($B$60&"|PM|1",FlKey,0))&"","")) | E65: =IF($E$60="","","PM"&IF(COUNTIFS(FlDate,$E$60,FlShift,"PM",FlCode,"<>")>3,CHAR(10)&"+"&(COUNTIFS(FlDate,$E$60,FlShift,"PM",FlCode,"<>")-3)&" more","")) | F65: =IF($E$60="","",IFERROR(INDEX(FlCode,MATCH($E$60&"|PM|1",FlKey,0)),"")) | G65: =IF($E$60="","",IFERROR(INDEX(FlTime,MATCH($E$60&"|PM|1",FlKey,0))&"","")) | H65: =IF($H$60="","","PM"&IF(COUNTIFS(FlDate,$H$60,FlShift,"PM",FlCode,"<>")>3,CHAR(10)&"+"&(COUNTIFS(FlDate,$H$60,FlShift,"PM",FlCode,"<>")-3)&" more","")) | I65: =IF($H$60="","",IFERROR(INDEX(FlCode,MATCH($H$60&"|PM|1",FlKey,0)),"")) | J65: =IF($H$60="","",IFERROR(INDEX(FlTime,MATCH($H$60&"|PM|1",FlKey,0))&"","")) | K65: =IF($K$60="","","PM"&IF(COUNTIFS(FlDate,$K$60,FlShift,"PM",FlCode,"<>")>3,CHAR(10)&"+"&(COUNTIFS(FlDate,$K$60,FlShift,"PM",FlCode,"<>")-3)&" more","")) | L65: =IF($K$60="","",IFERROR(INDEX(FlCode,MATCH($K$60&"|PM|1",FlKey,0)),"")) | M65: =IF($K$60="","",IFERROR(INDEX(FlTime,MATCH($K$60&"|PM|1",FlKey,0))&"","")) | N65: =IF($N$60="","","PM"&IF(COUNTIFS(FlDate,$N$60,FlShift,"PM",FlCode,"<>")>3,CHAR(10)&"+"&(COUNTIFS(FlDate,$N$60,FlShift,"PM",FlCode,"<>")-3)&" more","")) | O65: =IF($N$60="","",IFERROR(INDEX(FlCode,MATCH($N$60&"|PM|1",FlKey,0)),"")) | P65: =IF($N$60="","",IFERROR(INDEX(FlTime,MATCH($N$60&"|PM|1",FlKey,0))&"","")) | Q65: =IF($Q$60="","","PM"&IF(COUNTIFS(FlDate,$Q$60,FlShift,"PM",FlCode,"<>")>3,CHAR(10)&"+"&(COUNTIFS(FlDate,$Q$60,FlShift,"PM",FlCode,"<>")-3)&" more","")) | R65: =IF($Q$60="","",IFERROR(INDEX(FlCode,MATCH($Q$60&"|PM|1",FlKey,0)),"")) | S65: =IF($Q$60="","",IFERROR(INDEX(FlTime,MATCH($Q$60&"|PM|1",FlKey,0))&"","")) | T65: =IF($T$60="","","PM"&IF(COUNTIFS(FlDate,$T$60,FlShift,"PM",FlCode,"<>")>3,CHAR(10)&"+"&(COUNTIFS(FlDate,$T$60,FlShift,"PM",FlCode,"<>")-3)&" more","")) | U65: =IF($T$60="","",IFERROR(INDEX(FlCode,MATCH($T$60&"|PM|1",FlKey,0)),"")) | V65: =IF($T$60="","",IFERROR(INDEX(FlTime,MATCH($T$60&"|PM|1",FlKey,0))&"",""))
C66: =IF($B$60="","",IFERROR(INDEX(FlCode,MATCH($B$60&"|PM|2",FlKey,0)),"")) | D66: =IF($B$60="","",IFERROR(INDEX(FlTime,MATCH($B$60&"|PM|2",FlKey,0))&"","")) | F66: =IF($E$60="","",IFERROR(INDEX(FlCode,MATCH($E$60&"|PM|2",FlKey,0)),"")) | G66: =IF($E$60="","",IFERROR(INDEX(FlTime,MATCH($E$60&"|PM|2",FlKey,0))&"","")) | I66: =IF($H$60="","",IFERROR(INDEX(FlCode,MATCH($H$60&"|PM|2",FlKey,0)),"")) | J66: =IF($H$60="","",IFERROR(INDEX(FlTime,MATCH($H$60&"|PM|2",FlKey,0))&"","")) | L66: =IF($K$60="","",IFERROR(INDEX(FlCode,MATCH($K$60&"|PM|2",FlKey,0)),"")) | M66: =IF($K$60="","",IFERROR(INDEX(FlTime,MATCH($K$60&"|PM|2",FlKey,0))&"","")) | O66: =IF($N$60="","",IFERROR(INDEX(FlCode,MATCH($N$60&"|PM|2",FlKey,0)),"")) | P66: =IF($N$60="","",IFERROR(INDEX(FlTime,MATCH($N$60&"|PM|2",FlKey,0))&"","")) | R66: =IF($Q$60="","",IFERROR(INDEX(FlCode,MATCH($Q$60&"|PM|2",FlKey,0)),"")) | S66: =IF($Q$60="","",IFERROR(INDEX(FlTime,MATCH($Q$60&"|PM|2",FlKey,0))&"","")) | U66: =IF($T$60="","",IFERROR(INDEX(FlCode,MATCH($T$60&"|PM|2",FlKey,0)),"")) | V66: =IF($T$60="","",IFERROR(INDEX(FlTime,MATCH($T$60&"|PM|2",FlKey,0))&"",""))
C67: =IF($B$60="","",IFERROR(INDEX(FlCode,MATCH($B$60&"|PM|3",FlKey,0)),"")) | D67: =IF($B$60="","",IFERROR(INDEX(FlTime,MATCH($B$60&"|PM|3",FlKey,0))&"","")) | F67: =IF($E$60="","",IFERROR(INDEX(FlCode,MATCH($E$60&"|PM|3",FlKey,0)),"")) | G67: =IF($E$60="","",IFERROR(INDEX(FlTime,MATCH($E$60&"|PM|3",FlKey,0))&"","")) | I67: =IF($H$60="","",IFERROR(INDEX(FlCode,MATCH($H$60&"|PM|3",FlKey,0)),"")) | J67: =IF($H$60="","",IFERROR(INDEX(FlTime,MATCH($H$60&"|PM|3",FlKey,0))&"","")) | L67: =IF($K$60="","",IFERROR(INDEX(FlCode,MATCH($K$60&"|PM|3",FlKey,0)),"")) | M67: =IF($K$60="","",IFERROR(INDEX(FlTime,MATCH($K$60&"|PM|3",FlKey,0))&"","")) | O67: =IF($N$60="","",IFERROR(INDEX(FlCode,MATCH($N$60&"|PM|3",FlKey,0)),"")) | P67: =IF($N$60="","",IFERROR(INDEX(FlTime,MATCH($N$60&"|PM|3",FlKey,0))&"","")) | R67: =IF($Q$60="","",IFERROR(INDEX(FlCode,MATCH($Q$60&"|PM|3",FlKey,0)),"")) | S67: =IF($Q$60="","",IFERROR(INDEX(FlTime,MATCH($Q$60&"|PM|3",FlKey,0))&"","")) | U67: =IF($T$60="","",IFERROR(INDEX(FlCode,MATCH($T$60&"|PM|3",FlKey,0)),"")) | V67: =IF($T$60="","",IFERROR(INDEX(FlTime,MATCH($T$60&"|PM|3",FlKey,0))&"",""))
B68: =IF($B$60="","","NIGHT"&IF(COUNTIFS(FlDate,$B$60,FlShift,"NIGHT",FlCode,"<>")>3,CHAR(10)&"+"&(COUNTIFS(FlDate,$B$60,FlShift,"NIGHT",FlCode,"<>")-3)&" more","")) | C68: =IF($B$60="","",IFERROR(INDEX(FlCode,MATCH($B$60&"|NIGHT|1",FlKey,0)),"")) | D68: =IF($B$60="","",IFERROR(INDEX(FlTime,MATCH($B$60&"|NIGHT|1",FlKey,0))&"","")) | E68: =IF($E$60="","","NIGHT"&IF(COUNTIFS(FlDate,$E$60,FlShift,"NIGHT",FlCode,"<>")>3,CHAR(10)&"+"&(COUNTIFS(FlDate,$E$60,FlShift,"NIGHT",FlCode,"<>")-3)&" more","")) | F68: =IF($E$60="","",IFERROR(INDEX(FlCode,MATCH($E$60&"|NIGHT|1",FlKey,0)),"")) | G68: =IF($E$60="","",IFERROR(INDEX(FlTime,MATCH($E$60&"|NIGHT|1",FlKey,0))&"","")) | H68: =IF($H$60="","","NIGHT"&IF(COUNTIFS(FlDate,$H$60,FlShift,"NIGHT",FlCode,"<>")>3,CHAR(10)&"+"&(COUNTIFS(FlDate,$H$60,FlShift,"NIGHT",FlCode,"<>")-3)&" more","")) | I68: =IF($H$60="","",IFERROR(INDEX(FlCode,MATCH($H$60&"|NIGHT|1",FlKey,0)),"")) | J68: =IF($H$60="","",IFERROR(INDEX(FlTime,MATCH($H$60&"|NIGHT|1",FlKey,0))&"","")) | K68: =IF($K$60="","","NIGHT"&IF(COUNTIFS(FlDate,$K$60,FlShift,"NIGHT",FlCode,"<>")>3,CHAR(10)&"+"&(COUNTIFS(FlDate,$K$60,FlShift,"NIGHT",FlCode,"<>")-3)&" more","")) | L68: =IF($K$60="","",IFERROR(INDEX(FlCode,MATCH($K$60&"|NIGHT|1",FlKey,0)),"")) | M68: =IF($K$60="","",IFERROR(INDEX(FlTime,MATCH($K$60&"|NIGHT|1",FlKey,0))&"","")) | N68: =IF($N$60="","","NIGHT"&IF(COUNTIFS(FlDate,$N$60,FlShift,"NIGHT",FlCode,"<>")>3,CHAR(10)&"+"&(COUNTIFS(FlDate,$N$60,FlShift,"NIGHT",FlCode,"<>")-3)&" more","")) | O68: =IF($N$60="","",IFERROR(INDEX(FlCode,MATCH($N$60&"|NIGHT|1",FlKey,0)),"")) | P68: =IF($N$60="","",IFERROR(INDEX(FlTime,MATCH($N$60&"|NIGHT|1",FlKey,0))&"","")) | Q68: =IF($Q$60="","","NIGHT"&IF(COUNTIFS(FlDate,$Q$60,FlShift,"NIGHT",FlCode,"<>")>3,CHAR(10)&"+"&(COUNTIFS(FlDate,$Q$60,FlShift,"NIGHT",FlCode,"<>")-3)&" more","")) | R68: =IF($Q$60="","",IFERROR(INDEX(FlCode,MATCH($Q$60&"|NIGHT|1",FlKey,0)),"")) | S68: =IF($Q$60="","",IFERROR(INDEX(FlTime,MATCH($Q$60&"|NIGHT|1",FlKey,0))&"","")) | T68: =IF($T$60="","","NIGHT"&IF(COUNTIFS(FlDate,$T$60,FlShift,"NIGHT",FlCode,"<>")>3,CHAR(10)&"+"&(COUNTIFS(FlDate,$T$60,FlShift,"NIGHT",FlCode,"<>")-3)&" more","")) | U68: =IF($T$60="","",IFERROR(INDEX(FlCode,MATCH($T$60&"|NIGHT|1",FlKey,0)),"")) | V68: =IF($T$60="","",IFERROR(INDEX(FlTime,MATCH($T$60&"|NIGHT|1",FlKey,0))&"",""))
C69: =IF($B$60="","",IFERROR(INDEX(FlCode,MATCH($B$60&"|NIGHT|2",FlKey,0)),"")) | D69: =IF($B$60="","",IFERROR(INDEX(FlTime,MATCH($B$60&"|NIGHT|2",FlKey,0))&"","")) | F69: =IF($E$60="","",IFERROR(INDEX(FlCode,MATCH($E$60&"|NIGHT|2",FlKey,0)),"")) | G69: =IF($E$60="","",IFERROR(INDEX(FlTime,MATCH($E$60&"|NIGHT|2",FlKey,0))&"","")) | I69: =IF($H$60="","",IFERROR(INDEX(FlCode,MATCH($H$60&"|NIGHT|2",FlKey,0)),"")) | J69: =IF($H$60="","",IFERROR(INDEX(FlTime,MATCH($H$60&"|NIGHT|2",FlKey,0))&"","")) | L69: =IF($K$60="","",IFERROR(INDEX(FlCode,MATCH($K$60&"|NIGHT|2",FlKey,0)),"")) | M69: =IF($K$60="","",IFERROR(INDEX(FlTime,MATCH($K$60&"|NIGHT|2",FlKey,0))&"","")) | O69: =IF($N$60="","",IFERROR(INDEX(FlCode,MATCH($N$60&"|NIGHT|2",FlKey,0)),"")) | P69: =IF($N$60="","",IFERROR(INDEX(FlTime,MATCH($N$60&"|NIGHT|2",FlKey,0))&"","")) | R69: =IF($Q$60="","",IFERROR(INDEX(FlCode,MATCH($Q$60&"|NIGHT|2",FlKey,0)),"")) | S69: =IF($Q$60="","",IFERROR(INDEX(FlTime,MATCH($Q$60&"|NIGHT|2",FlKey,0))&"","")) | U69: =IF($T$60="","",IFERROR(INDEX(FlCode,MATCH($T$60&"|NIGHT|2",FlKey,0)),"")) | V69: =IF($T$60="","",IFERROR(INDEX(FlTime,MATCH($T$60&"|NIGHT|2",FlKey,0))&"",""))
C70: =IF($B$60="","",IFERROR(INDEX(FlCode,MATCH($B$60&"|NIGHT|3",FlKey,0)),"")) | D70: =IF($B$60="","",IFERROR(INDEX(FlTime,MATCH($B$60&"|NIGHT|3",FlKey,0))&"","")) | F70: =IF($E$60="","",IFERROR(INDEX(FlCode,MATCH($E$60&"|NIGHT|3",FlKey,0)),"")) | G70: =IF($E$60="","",IFERROR(INDEX(FlTime,MATCH($E$60&"|NIGHT|3",FlKey,0))&"","")) | I70: =IF($H$60="","",IFERROR(INDEX(FlCode,MATCH($H$60&"|NIGHT|3",FlKey,0)),"")) | J70: =IF($H$60="","",IFERROR(INDEX(FlTime,MATCH($H$60&"|NIGHT|3",FlKey,0))&"","")) | L70: =IF($K$60="","",IFERROR(INDEX(FlCode,MATCH($K$60&"|NIGHT|3",FlKey,0)),"")) | M70: =IF($K$60="","",IFERROR(INDEX(FlTime,MATCH($K$60&"|NIGHT|3",FlKey,0))&"","")) | O70: =IF($N$60="","",IFERROR(INDEX(FlCode,MATCH($N$60&"|NIGHT|3",FlKey,0)),"")) | P70: =IF($N$60="","",IFERROR(INDEX(FlTime,MATCH($N$60&"|NIGHT|3",FlKey,0))&"","")) | R70: =IF($Q$60="","",IFERROR(INDEX(FlCode,MATCH($Q$60&"|NIGHT|3",FlKey,0)),"")) | S70: =IF($Q$60="","",IFERROR(INDEX(FlTime,MATCH($Q$60&"|NIGHT|3",FlKey,0))&"","")) | U70: =IF($T$60="","",IFERROR(INDEX(FlCode,MATCH($T$60&"|NIGHT|3",FlKey,0)),"")) | V70: =IF($T$60="","",IFERROR(INDEX(FlTime,MATCH($T$60&"|NIGHT|3",FlKey,0))&"",""))

Sheet Feb
A1: ="MASTER PLANNER | FEBRUARY "&(PlanYear+0)
A2: View only: built from the Flights and Day Status sheets. Shows up to 3 flights per shift; more show as '+n more'. Plan on the Flights sheet or in the planner dashboard.
B3: Planned sorties this month | E3: =N(D5)+N(G5)+N(J5)+N(M5)+N(P5)+N(S5)+N(V5)+N(D16)+N(G16)+N(J16)+N(M16)+N(P16)+N(S16)+N(V16)+N(D27)+N(G27)+N(J27)+N(M27)+N(P27)+N(S27)+N(V27)+N(D38)+N(G38)+N(J38)+N(M38)+N(P38)+N(S38)+N(V38)+N(D49)+N(G49)+N(J49)+N(M49)+N(P49)+N(S49)+N(V49)+N(D60)+N(G60)+N(J60)+N(M60)+N(P60)+N(S60)+N(V60) | G3: Flights | I3: =SUMIFS(FlCount,FlDate,">="&DATE(PlanYear,2,1),FlDate,"<="&EOMONTH(DATE(PlanYear,2,1),0)) | J3: Planned flying hrs | L3: =SUMIFS(FlHrs,FlDate,">="&DATE(PlanYear,2,1),FlDate,"<="&EOMONTH(DATE(PlanYear,2,1),0)) | N3: To add, change or remove a flight: use the Flights sheet, or the Master Planning tab in the planner dashboard.
B4: MON | E4: TUE | H4: WED | K4: THU | N4: FRI | Q4: SAT | T4: SUN
B5: =IF(MONTH(DATE(PlanYear,2,1)-WEEKDAY(DATE(PlanYear,2,1),3)+0)=2,DATE(PlanYear,2,1)-WEEKDAY(DATE(PlanYear,2,1),3)+0,"") | D5: =IF($B$5="","",IF(IFERROR(INDEX(DayStat,$B$5-DATE(PlanYear,1,1)+1)&"","")<>"",0,SUMIFS(FlSorties,FlDate,$B$5))) | E5: =IF(MONTH(DATE(PlanYear,2,1)-WEEKDAY(DATE(PlanYear,2,1),3)+1)=2,DATE(PlanYear,2,1)-WEEKDAY(DATE(PlanYear,2,1),3)+1,"") | G5: =IF($E$5="","",IF(IFERROR(INDEX(DayStat,$E$5-DATE(PlanYear,1,1)+1)&"","")<>"",0,SUMIFS(FlSorties,FlDate,$E$5))) | H5: =IF(MONTH(DATE(PlanYear,2,1)-WEEKDAY(DATE(PlanYear,2,1),3)+2)=2,DATE(PlanYear,2,1)-WEEKDAY(DATE(PlanYear,2,1),3)+2,"") | J5: =IF($H$5="","",IF(IFERROR(INDEX(DayStat,$H$5-DATE(PlanYear,1,1)+1)&"","")<>"",0,SUMIFS(FlSorties,FlDate,$H$5))) | K5: =IF(MONTH(DATE(PlanYear,2,1)-WEEKDAY(DATE(PlanYear,2,1),3)+3)=2,DATE(PlanYear,2,1)-WEEKDAY(DATE(PlanYear,2,1),3)+3,"") | M5: =IF($K$5="","",IF(IFERROR(INDEX(DayStat,$K$5-DATE(PlanYear,1,1)+1)&"","")<>"",0,SUMIFS(FlSorties,FlDate,$K$5))) | N5: =IF(MONTH(DATE(PlanYear,2,1)-WEEKDAY(DATE(PlanYear,2,1),3)+4)=2,DATE(PlanYear,2,1)-WEEKDAY(DATE(PlanYear,2,1),3)+4,"") | P5: =IF($N$5="","",IF(IFERROR(INDEX(DayStat,$N$5-DATE(PlanYear,1,1)+1)&"","")<>"",0,SUMIFS(FlSorties,FlDate,$N$5))) | Q5: =IF(MONTH(DATE(PlanYear,2,1)-WEEKDAY(DATE(PlanYear,2,1),3)+5)=2,DATE(PlanYear,2,1)-WEEKDAY(DATE(PlanYear,2,1),3)+5,"") | S5: =IF($Q$5="","",IF(IFERROR(INDEX(DayStat,$Q$5-DATE(PlanYear,1,1)+1)&"","")<>"",0,SUMIFS(FlSorties,FlDate,$Q$5))) | T5: =IF(MONTH(DATE(PlanYear,2,1)-WEEKDAY(DATE(PlanYear,2,1),3)+6)=2,DATE(PlanYear,2,1)-WEEKDAY(DATE(PlanYear,2,1),3)+6,"") | V5: =IF($T$5="","",IF(IFERROR(INDEX(DayStat,$T$5-DATE(PlanYear,1,1)+1)&"","")<>"",0,SUMIFS(FlSorties,FlDate,$T$5)))
B6: =IF($B$5="","",IF(IFERROR(INDEX(DayStat,$B$5-DATE(PlanYear,1,1)+1)&"","")<>"",IFERROR(INDEX(DayStat,$B$5-DATE(PlanYear,1,1)+1)&"",""),IF(COUNTIF(GrDate,$B$5)=0,"","GND: "&INDEX(GrAct,MATCH($B$5,GrDate,0))&IF(COUNTIF(GrDate,$B$5)>1," +"&(COUNTIF(GrDate,$B$5)-1)&" more","")))) | E6: =IF($E$5="","",IF(IFERROR(INDEX(DayStat,$E$5-DATE(PlanYear,1,1)+1)&"","")<>"",IFERROR(INDEX(DayStat,$E$5-DATE(PlanYear,1,1)+1)&"",""),IF(COUNTIF(GrDate,$E$5)=0,"","GND: "&INDEX(GrAct,MATCH($E$5,GrDate,0))&IF(COUNTIF(GrDate,$E$5)>1," +"&(COUNTIF(GrDate,$E$5)-1)&" more","")))) | H6: =IF($H$5="","",IF(IFERROR(INDEX(DayStat,$H$5-DATE(PlanYear,1,1)+1)&"","")<>"",IFERROR(INDEX(DayStat,$H$5-DATE(PlanYear,1,1)+1)&"",""),IF(COUNTIF(GrDate,$H$5)=0,"","GND: "&INDEX(GrAct,MATCH($H$5,GrDate,0))&IF(COUNTIF(GrDate,$H$5)>1," +"&(COUNTIF(GrDate,$H$5)-1)&" more","")))) | K6: =IF($K$5="","",IF(IFERROR(INDEX(DayStat,$K$5-DATE(PlanYear,1,1)+1)&"","")<>"",IFERROR(INDEX(DayStat,$K$5-DATE(PlanYear,1,1)+1)&"",""),IF(COUNTIF(GrDate,$K$5)=0,"","GND: "&INDEX(GrAct,MATCH($K$5,GrDate,0))&IF(COUNTIF(GrDate,$K$5)>1," +"&(COUNTIF(GrDate,$K$5)-1)&" more","")))) | N6: =IF($N$5="","",IF(IFERROR(INDEX(DayStat,$N$5-DATE(PlanYear,1,1)+1)&"","")<>"",IFERROR(INDEX(DayStat,$N$5-DATE(PlanYear,1,1)+1)&"",""),IF(COUNTIF(GrDate,$N$5)=0,"","GND: "&INDEX(GrAct,MATCH($N$5,GrDate,0))&IF(COUNTIF(GrDate,$N$5)>1," +"&(COUNTIF(GrDate,$N$5)-1)&" more","")))) | Q6: =IF($Q$5="","",IF(IFERROR(INDEX(DayStat,$Q$5-DATE(PlanYear,1,1)+1)&"","")<>"",IFERROR(INDEX(DayStat,$Q$5-DATE(PlanYear,1,1)+1)&"",""),IF(COUNTIF(GrDate,$Q$5)=0,"","GND: "&INDEX(GrAct,MATCH($Q$5,GrDate,0))&IF(COUNTIF(GrDate,$Q$5)>1," +"&(COUNTIF(GrDate,$Q$5)-1)&" more","")))) | T6: =IF($T$5="","",IF(IFERROR(INDEX(DayStat,$T$5-DATE(PlanYear,1,1)+1)&"","")<>"",IFERROR(INDEX(DayStat,$T$5-DATE(PlanYear,1,1)+1)&"",""),IF(COUNTIF(GrDate,$T$5)=0,"","GND: "&INDEX(GrAct,MATCH($T$5,GrDate,0))&IF(COUNTIF(GrDate,$T$5)>1," +"&(COUNTIF(GrDate,$T$5)-1)&" more",""))))
B7: =IF($B$5="","","AM"&IF(COUNTIFS(FlDate,$B$5,FlShift,"AM",FlCode,"<>")>3,CHAR(10)&"+"&(COUNTIFS(FlDate,$B$5,FlShift,"AM",FlCode,"<>")-3)&" more","")) | C7: =IF($B$5="","",IFERROR(INDEX(FlCode,MATCH($B$5&"|AM|1",FlKey,0)),"")) | D7: =IF($B$5="","",IFERROR(INDEX(FlTime,MATCH($B$5&"|AM|1",FlKey,0))&"","")) | E7: =IF($E$5="","","AM"&IF(COUNTIFS(FlDate,$E$5,FlShift,"AM",FlCode,"<>")>3,CHAR(10)&"+"&(COUNTIFS(FlDate,$E$5,FlShift,"AM",FlCode,"<>")-3)&" more","")) | F7: =IF($E$5="","",IFERROR(INDEX(FlCode,MATCH($E$5&"|AM|1",FlKey,0)),"")) | G7: =IF($E$5="","",IFERROR(INDEX(FlTime,MATCH($E$5&"|AM|1",FlKey,0))&"","")) | H7: =IF($H$5="","","AM"&IF(COUNTIFS(FlDate,$H$5,FlShift,"AM",FlCode,"<>")>3,CHAR(10)&"+"&(COUNTIFS(FlDate,$H$5,FlShift,"AM",FlCode,"<>")-3)&" more","")) | I7: =IF($H$5="","",IFERROR(INDEX(FlCode,MATCH($H$5&"|AM|1",FlKey,0)),"")) | J7: =IF($H$5="","",IFERROR(INDEX(FlTime,MATCH($H$5&"|AM|1",FlKey,0))&"","")) | K7: =IF($K$5="","","AM"&IF(COUNTIFS(FlDate,$K$5,FlShift,"AM",FlCode,"<>")>3,CHAR(10)&"+"&(COUNTIFS(FlDate,$K$5,FlShift,"AM",FlCode,"<>")-3)&" more","")) | L7: =IF($K$5="","",IFERROR(INDEX(FlCode,MATCH($K$5&"|AM|1",FlKey,0)),"")) | M7: =IF($K$5="","",IFERROR(INDEX(FlTime,MATCH($K$5&"|AM|1",FlKey,0))&"","")) | N7: =IF($N$5="","","AM"&IF(COUNTIFS(FlDate,$N$5,FlShift,"AM",FlCode,"<>")>3,CHAR(10)&"+"&(COUNTIFS(FlDate,$N$5,FlShift,"AM",FlCode,"<>")-3)&" more","")) | O7: =IF($N$5="","",IFERROR(INDEX(FlCode,MATCH($N$5&"|AM|1",FlKey,0)),"")) | P7: =IF($N$5="","",IFERROR(INDEX(FlTime,MATCH($N$5&"|AM|1",FlKey,0))&"","")) | Q7: =IF($Q$5="","","AM"&IF(COUNTIFS(FlDate,$Q$5,FlShift,"AM",FlCode,"<>")>3,CHAR(10)&"+"&(COUNTIFS(FlDate,$Q$5,FlShift,"AM",FlCode,"<>")-3)&" more","")) | R7: =IF($Q$5="","",IFERROR(INDEX(FlCode,MATCH($Q$5&"|AM|1",FlKey,0)),"")) | S7: =IF($Q$5="","",IFERROR(INDEX(FlTime,MATCH($Q$5&"|AM|1",FlKey,0))&"","")) | T7: =IF($T$5="","","AM"&IF(COUNTIFS(FlDate,$T$5,FlShift,"AM",FlCode,"<>")>3,CHAR(10)&"+"&(COUNTIFS(FlDate,$T$5,FlShift,"AM",FlCode,"<>")-3)&" more","")) | U7: =IF($T$5="","",IFERROR(INDEX(FlCode,MATCH($T$5&"|AM|1",FlKey,0)),"")) | V7: =IF($T$5="","",IFERROR(INDEX(FlTime,MATCH($T$5&"|AM|1",FlKey,0))&"",""))
C8: =IF($B$5="","",IFERROR(INDEX(FlCode,MATCH($B$5&"|AM|2",FlKey,0)),"")) | D8: =IF($B$5="","",IFERROR(INDEX(FlTime,MATCH($B$5&"|AM|2",FlKey,0))&"","")) | F8: =IF($E$5="","",IFERROR(INDEX(FlCode,MATCH($E$5&"|AM|2",FlKey,0)),"")) | G8: =IF($E$5="","",IFERROR(INDEX(FlTime,MATCH($E$5&"|AM|2",FlKey,0))&"","")) | I8: =IF($H$5="","",IFERROR(INDEX(FlCode,MATCH($H$5&"|AM|2",FlKey,0)),"")) | J8: =IF($H$5="","",IFERROR(INDEX(FlTime,MATCH($H$5&"|AM|2",FlKey,0))&"","")) | L8: =IF($K$5="","",IFERROR(INDEX(FlCode,MATCH($K$5&"|AM|2",FlKey,0)),"")) | M8: =IF($K$5="","",IFERROR(INDEX(FlTime,MATCH($K$5&"|AM|2",FlKey,0))&"","")) | O8: =IF($N$5="","",IFERROR(INDEX(FlCode,MATCH($N$5&"|AM|2",FlKey,0)),"")) | P8: =IF($N$5="","",IFERROR(INDEX(FlTime,MATCH($N$5&"|AM|2",FlKey,0))&"","")) | R8: =IF($Q$5="","",IFERROR(INDEX(FlCode,MATCH($Q$5&"|AM|2",FlKey,0)),"")) | S8: =IF($Q$5="","",IFERROR(INDEX(FlTime,MATCH($Q$5&"|AM|2",FlKey,0))&"","")) | U8: =IF($T$5="","",IFERROR(INDEX(FlCode,MATCH($T$5&"|AM|2",FlKey,0)),"")) | V8: =IF($T$5="","",IFERROR(INDEX(FlTime,MATCH($T$5&"|AM|2",FlKey,0))&"",""))
C9: =IF($B$5="","",IFERROR(INDEX(FlCode,MATCH($B$5&"|AM|3",FlKey,0)),"")) | D9: =IF($B$5="","",IFERROR(INDEX(FlTime,MATCH($B$5&"|AM|3",FlKey,0))&"","")) | F9: =IF($E$5="","",IFERROR(INDEX(FlCode,MATCH($E$5&"|AM|3",FlKey,0)),"")) | G9: =IF($E$5="","",IFERROR(INDEX(FlTime,MATCH($E$5&"|AM|3",FlKey,0))&"","")) | I9: =IF($H$5="","",IFERROR(INDEX(FlCode,MATCH($H$5&"|AM|3",FlKey,0)),"")) | J9: =IF($H$5="","",IFERROR(INDEX(FlTime,MATCH($H$5&"|AM|3",FlKey,0))&"","")) | L9: =IF($K$5="","",IFERROR(INDEX(FlCode,MATCH($K$5&"|AM|3",FlKey,0)),"")) | M9: =IF($K$5="","",IFERROR(INDEX(FlTime,MATCH($K$5&"|AM|3",FlKey,0))&"","")) | O9: =IF($N$5="","",IFERROR(INDEX(FlCode,MATCH($N$5&"|AM|3",FlKey,0)),"")) | P9: =IF($N$5="","",IFERROR(INDEX(FlTime,MATCH($N$5&"|AM|3",FlKey,0))&"","")) | R9: =IF($Q$5="","",IFERROR(INDEX(FlCode,MATCH($Q$5&"|AM|3",FlKey,0)),"")) | S9: =IF($Q$5="","",IFERROR(INDEX(FlTime,MATCH($Q$5&"|AM|3",FlKey,0))&"","")) | U9: =IF($T$5="","",IFERROR(INDEX(FlCode,MATCH($T$5&"|AM|3",FlKey,0)),"")) | V9: =IF($T$5="","",IFERROR(INDEX(FlTime,MATCH($T$5&"|AM|3",FlKey,0))&"",""))
B10: =IF($B$5="","","PM"&IF(COUNTIFS(FlDate,$B$5,FlShift,"PM",FlCode,"<>")>3,CHAR(10)&"+"&(COUNTIFS(FlDate,$B$5,FlShift,"PM",FlCode,"<>")-3)&" more","")) | C10: =IF($B$5="","",IFERROR(INDEX(FlCode,MATCH($B$5&"|PM|1",FlKey,0)),"")) | D10: =IF($B$5="","",IFERROR(INDEX(FlTime,MATCH($B$5&"|PM|1",FlKey,0))&"","")) | E10: =IF($E$5="","","PM"&IF(COUNTIFS(FlDate,$E$5,FlShift,"PM",FlCode,"<>")>3,CHAR(10)&"+"&(COUNTIFS(FlDate,$E$5,FlShift,"PM",FlCode,"<>")-3)&" more","")) | F10: =IF($E$5="","",IFERROR(INDEX(FlCode,MATCH($E$5&"|PM|1",FlKey,0)),"")) | G10: =IF($E$5="","",IFERROR(INDEX(FlTime,MATCH($E$5&"|PM|1",FlKey,0))&"","")) | H10: =IF($H$5="","","PM"&IF(COUNTIFS(FlDate,$H$5,FlShift,"PM",FlCode,"<>")>3,CHAR(10)&"+"&(COUNTIFS(FlDate,$H$5,FlShift,"PM",FlCode,"<>")-3)&" more","")) | I10: =IF($H$5="","",IFERROR(INDEX(FlCode,MATCH($H$5&"|PM|1",FlKey,0)),"")) | J10: =IF($H$5="","",IFERROR(INDEX(FlTime,MATCH($H$5&"|PM|1",FlKey,0))&"","")) | K10: =IF($K$5="","","PM"&IF(COUNTIFS(FlDate,$K$5,FlShift,"PM",FlCode,"<>")>3,CHAR(10)&"+"&(COUNTIFS(FlDate,$K$5,FlShift,"PM",FlCode,"<>")-3)&" more","")) | L10: =IF($K$5="","",IFERROR(INDEX(FlCode,MATCH($K$5&"|PM|1",FlKey,0)),"")) | M10: =IF($K$5="","",IFERROR(INDEX(FlTime,MATCH($K$5&"|PM|1",FlKey,0))&"","")) | N10: =IF($N$5="","","PM"&IF(COUNTIFS(FlDate,$N$5,FlShift,"PM",FlCode,"<>")>3,CHAR(10)&"+"&(COUNTIFS(FlDate,$N$5,FlShift,"PM",FlCode,"<>")-3)&" more","")) | O10: =IF($N$5="","",IFERROR(INDEX(FlCode,MATCH($N$5&"|PM|1",FlKey,0)),"")) | P10: =IF($N$5="","",IFERROR(INDEX(FlTime,MATCH($N$5&"|PM|1",FlKey,0))&"","")) | Q10: =IF($Q$5="","","PM"&IF(COUNTIFS(FlDate,$Q$5,FlShift,"PM",FlCode,"<>")>3,CHAR(10)&"+"&(COUNTIFS(FlDate,$Q$5,FlShift,"PM",FlCode,"<>")-3)&" more","")) | R10: =IF($Q$5="","",IFERROR(INDEX(FlCode,MATCH($Q$5&"|PM|1",FlKey,0)),"")) | S10: =IF($Q$5="","",IFERROR(INDEX(FlTime,MATCH($Q$5&"|PM|1",FlKey,0))&"","")) | T10: =IF($T$5="","","PM"&IF(COUNTIFS(FlDate,$T$5,FlShift,"PM",FlCode,"<>")>3,CHAR(10)&"+"&(COUNTIFS(FlDate,$T$5,FlShift,"PM",FlCode,"<>")-3)&" more","")) | U10: =IF($T$5="","",IFERROR(INDEX(FlCode,MATCH($T$5&"|PM|1",FlKey,0)),"")) | V10: =IF($T$5="","",IFERROR(INDEX(FlTime,MATCH($T$5&"|PM|1",FlKey,0))&"",""))
C11: =IF($B$5="","",IFERROR(INDEX(FlCode,MATCH($B$5&"|PM|2",FlKey,0)),"")) | D11: =IF($B$5="","",IFERROR(INDEX(FlTime,MATCH($B$5&"|PM|2",FlKey,0))&"","")) | F11: =IF($E$5="","",IFERROR(INDEX(FlCode,MATCH($E$5&"|PM|2",FlKey,0)),"")) | G11: =IF($E$5="","",IFERROR(INDEX(FlTime,MATCH($E$5&"|PM|2",FlKey,0))&"","")) | I11: =IF($H$5="","",IFERROR(INDEX(FlCode,MATCH($H$5&"|PM|2",FlKey,0)),"")) | J11: =IF($H$5="","",IFERROR(INDEX(FlTime,MATCH($H$5&"|PM|2",FlKey,0))&"","")) | L11: =IF($K$5="","",IFERROR(INDEX(FlCode,MATCH($K$5&"|PM|2",FlKey,0)),"")) | M11: =IF($K$5="","",IFERROR(INDEX(FlTime,MATCH($K$5&"|PM|2",FlKey,0))&"","")) | O11: =IF($N$5="","",IFERROR(INDEX(FlCode,MATCH($N$5&"|PM|2",FlKey,0)),"")) | P11: =IF($N$5="","",IFERROR(INDEX(FlTime,MATCH($N$5&"|PM|2",FlKey,0))&"","")) | R11: =IF($Q$5="","",IFERROR(INDEX(FlCode,MATCH($Q$5&"|PM|2",FlKey,0)),"")) | S11: =IF($Q$5="","",IFERROR(INDEX(FlTime,MATCH($Q$5&"|PM|2",FlKey,0))&"","")) | U11: =IF($T$5="","",IFERROR(INDEX(FlCode,MATCH($T$5&"|PM|2",FlKey,0)),"")) | V11: =IF($T$5="","",IFERROR(INDEX(FlTime,MATCH($T$5&"|PM|2",FlKey,0))&"",""))
C12: =IF($B$5="","",IFERROR(INDEX(FlCode,MATCH($B$5&"|PM|3",FlKey,0)),"")) | D12: =IF($B$5="","",IFERROR(INDEX(FlTime,MATCH($B$5&"|PM|3",FlKey,0))&"","")) | F12: =IF($E$5="","",IFERROR(INDEX(FlCode,MATCH($E$5&"|PM|3",FlKey,0)),"")) | G12: =IF($E$5="","",IFERROR(INDEX(FlTime,MATCH($E$5&"|PM|3",FlKey,0))&"","")) | I12: =IF($H$5="","",IFERROR(INDEX(FlCode,MATCH($H$5&"|PM|3",FlKey,0)),"")) | J12: =IF($H$5="","",IFERROR(INDEX(FlTime,MATCH($H$5&"|PM|3",FlKey,0))&"","")) | L12: =IF($K$5="","",IFERROR(INDEX(FlCode,MATCH($K$5&"|PM|3",FlKey,0)),"")) | M12: =IF($K$5="","",IFERROR(INDEX(FlTime,MATCH($K$5&"|PM|3",FlKey,0))&"","")) | O12: =IF($N$5="","",IFERROR(INDEX(FlCode,MATCH($N$5&"|PM|3",FlKey,0)),"")) | P12: =IF($N$5="","",IFERROR(INDEX(FlTime,MATCH($N$5&"|PM|3",FlKey,0))&"","")) | R12: =IF($Q$5="","",IFERROR(INDEX(FlCode,MATCH($Q$5&"|PM|3",FlKey,0)),"")) | S12: =IF($Q$5="","",IFERROR(INDEX(FlTime,MATCH($Q$5&"|PM|3",FlKey,0))&"","")) | U12: =IF($T$5="","",IFERROR(INDEX(FlCode,MATCH($T$5&"|PM|3",FlKey,0)),"")) | V12: =IF($T$5="","",IFERROR(INDEX(FlTime,MATCH($T$5&"|PM|3",FlKey,0))&"",""))
B13: =IF($B$5="","","NIGHT"&IF(COUNTIFS(FlDate,$B$5,FlShift,"NIGHT",FlCode,"<>")>3,CHAR(10)&"+"&(COUNTIFS(FlDate,$B$5,FlShift,"NIGHT",FlCode,"<>")-3)&" more","")) | C13: =IF($B$5="","",IFERROR(INDEX(FlCode,MATCH($B$5&"|NIGHT|1",FlKey,0)),"")) | D13: =IF($B$5="","",IFERROR(INDEX(FlTime,MATCH($B$5&"|NIGHT|1",FlKey,0))&"","")) | E13: =IF($E$5="","","NIGHT"&IF(COUNTIFS(FlDate,$E$5,FlShift,"NIGHT",FlCode,"<>")>3,CHAR(10)&"+"&(COUNTIFS(FlDate,$E$5,FlShift,"NIGHT",FlCode,"<>")-3)&" more","")) | F13: =IF($E$5="","",IFERROR(INDEX(FlCode,MATCH($E$5&"|NIGHT|1",FlKey,0)),"")) | G13: =IF($E$5="","",IFERROR(INDEX(FlTime,MATCH($E$5&"|NIGHT|1",FlKey,0))&"","")) | H13: =IF($H$5="","","NIGHT"&IF(COUNTIFS(FlDate,$H$5,FlShift,"NIGHT",FlCode,"<>")>3,CHAR(10)&"+"&(COUNTIFS(FlDate,$H$5,FlShift,"NIGHT",FlCode,"<>")-3)&" more","")) | I13: =IF($H$5="","",IFERROR(INDEX(FlCode,MATCH($H$5&"|NIGHT|1",FlKey,0)),"")) | J13: =IF($H$5="","",IFERROR(INDEX(FlTime,MATCH($H$5&"|NIGHT|1",FlKey,0))&"","")) | K13: =IF($K$5="","","NIGHT"&IF(COUNTIFS(FlDate,$K$5,FlShift,"NIGHT",FlCode,"<>")>3,CHAR(10)&"+"&(COUNTIFS(FlDate,$K$5,FlShift,"NIGHT",FlCode,"<>")-3)&" more","")) | L13: =IF($K$5="","",IFERROR(INDEX(FlCode,MATCH($K$5&"|NIGHT|1",FlKey,0)),"")) | M13: =IF($K$5="","",IFERROR(INDEX(FlTime,MATCH($K$5&"|NIGHT|1",FlKey,0))&"","")) | N13: =IF($N$5="","","NIGHT"&IF(COUNTIFS(FlDate,$N$5,FlShift,"NIGHT",FlCode,"<>")>3,CHAR(10)&"+"&(COUNTIFS(FlDate,$N$5,FlShift,"NIGHT",FlCode,"<>")-3)&" more","")) | O13: =IF($N$5="","",IFERROR(INDEX(FlCode,MATCH($N$5&"|NIGHT|1",FlKey,0)),"")) | P13: =IF($N$5="","",IFERROR(INDEX(FlTime,MATCH($N$5&"|NIGHT|1",FlKey,0))&"","")) | Q13: =IF($Q$5="","","NIGHT"&IF(COUNTIFS(FlDate,$Q$5,FlShift,"NIGHT",FlCode,"<>")>3,CHAR(10)&"+"&(COUNTIFS(FlDate,$Q$5,FlShift,"NIGHT",FlCode,"<>")-3)&" more","")) | R13: =IF($Q$5="","",IFERROR(INDEX(FlCode,MATCH($Q$5&"|NIGHT|1",FlKey,0)),"")) | S13: =IF($Q$5="","",IFERROR(INDEX(FlTime,MATCH($Q$5&"|NIGHT|1",FlKey,0))&"","")) | T13: =IF($T$5="","","NIGHT"&IF(COUNTIFS(FlDate,$T$5,FlShift,"NIGHT",FlCode,"<>")>3,CHAR(10)&"+"&(COUNTIFS(FlDate,$T$5,FlShift,"NIGHT",FlCode,"<>")-3)&" more","")) | U13: =IF($T$5="","",IFERROR(INDEX(FlCode,MATCH($T$5&"|NIGHT|1",FlKey,0)),"")) | V13: =IF($T$5="","",IFERROR(INDEX(FlTime,MATCH($T$5&"|NIGHT|1",FlKey,0))&"",""))
C14: =IF($B$5="","",IFERROR(INDEX(FlCode,MATCH($B$5&"|NIGHT|2",FlKey,0)),"")) | D14: =IF($B$5="","",IFERROR(INDEX(FlTime,MATCH($B$5&"|NIGHT|2",FlKey,0))&"","")) | F14: =IF($E$5="","",IFERROR(INDEX(FlCode,MATCH($E$5&"|NIGHT|2",FlKey,0)),"")) | G14: =IF($E$5="","",IFERROR(INDEX(FlTime,MATCH($E$5&"|NIGHT|2",FlKey,0))&"","")) | I14: =IF($H$5="","",IFERROR(INDEX(FlCode,MATCH($H$5&"|NIGHT|2",FlKey,0)),"")) | J14: =IF($H$5="","",IFERROR(INDEX(FlTime,MATCH($H$5&"|NIGHT|2",FlKey,0))&"","")) | L14: =IF($K$5="","",IFERROR(INDEX(FlCode,MATCH($K$5&"|NIGHT|2",FlKey,0)),"")) | M14: =IF($K$5="","",IFERROR(INDEX(FlTime,MATCH($K$5&"|NIGHT|2",FlKey,0))&"","")) | O14: =IF($N$5="","",IFERROR(INDEX(FlCode,MATCH($N$5&"|NIGHT|2",FlKey,0)),"")) | P14: =IF($N$5="","",IFERROR(INDEX(FlTime,MATCH($N$5&"|NIGHT|2",FlKey,0))&"","")) | R14: =IF($Q$5="","",IFERROR(INDEX(FlCode,MATCH($Q$5&"|NIGHT|2",FlKey,0)),"")) | S14: =IF($Q$5="","",IFERROR(INDEX(FlTime,MATCH($Q$5&"|NIGHT|2",FlKey,0))&"","")) | U14: =IF($T$5="","",IFERROR(INDEX(FlCode,MATCH($T$5&"|NIGHT|2",FlKey,0)),"")) | V14: =IF($T$5="","",IFERROR(INDEX(FlTime,MATCH($T$5&"|NIGHT|2",FlKey,0))&"",""))
